ISO-10303-21;
HEADER;
FILE_DESCRIPTION(('KiCad electronic assembly'),'2;1');
FILE_NAME('imd_latch_F24.step','2024-12-07T14:37:05',('Pcbnew'),('Kicad'
    ),'Open CASCADE STEP processor 7.8','KiCad to STEP converter',
  'Unknown');
FILE_SCHEMA(('AUTOMOTIVE_DESIGN { 1 0 10303 214 1 1 1 1 }'));
ENDSEC;
DATA;
#1 = APPLICATION_PROTOCOL_DEFINITION('international standard',
  'automotive_design',2000,#2);
#2 = APPLICATION_CONTEXT(
  'core data for automotive mechanical design processes');
#3 = SHAPE_DEFINITION_REPRESENTATION(#4,#10);
#4 = PRODUCT_DEFINITION_SHAPE('','',#5);
#5 = PRODUCT_DEFINITION('design','',#6,#9);
#6 = PRODUCT_DEFINITION_FORMATION('','',#7);
#7 = PRODUCT('imd_latch_F24 1','imd_latch_F24 1','',(#8));
#8 = PRODUCT_CONTEXT('',#2,'mechanical');
#9 = PRODUCT_DEFINITION_CONTEXT('part definition',#2,'design');
#10 = SHAPE_REPRESENTATION('',(#11,#15,#19,#23,#27,#31,#35,#39,#43,#47,
    #51,#55,#59),#63);
#11 = AXIS2_PLACEMENT_3D('',#12,#13,#14);
#12 = CARTESIAN_POINT('',(0.,0.,0.));
#13 = DIRECTION('',(0.,0.,1.));
#14 = DIRECTION('',(1.,0.,-0.));
#15 = AXIS2_PLACEMENT_3D('',#16,#17,#18);
#16 = CARTESIAN_POINT('',(149.85000000037,-87.241999877,1.60000000001));
#17 = DIRECTION('',(0.,-1.,1.110223024625E-16));
#18 = DIRECTION('',(1.,0.,0.));
#19 = AXIS2_PLACEMENT_3D('',#20,#21,#22);
#20 = CARTESIAN_POINT('',(142.24,-113.1025,1.65));
#21 = DIRECTION('',(0.,0.,1.));
#22 = DIRECTION('',(-1.,1.224646799147E-16,0.));
#23 = AXIS2_PLACEMENT_3D('',#24,#25,#26);
#24 = CARTESIAN_POINT('',(127.,-87.7025,1.65));
#25 = DIRECTION('',(0.,0.,1.));
#26 = DIRECTION('',(-1.,1.224646799147E-16,0.));
#27 = AXIS2_PLACEMENT_3D('',#28,#29,#30);
#28 = CARTESIAN_POINT('',(151.643,-114.554,1.65));
#29 = DIRECTION('',(0.,0.,1.));
#30 = DIRECTION('',(-1.,1.224646799147E-16,0.));
#31 = AXIS2_PLACEMENT_3D('',#32,#33,#34);
#32 = CARTESIAN_POINT('',(142.24,-87.7025,1.65));
#33 = DIRECTION('',(0.,0.,1.));
#34 = DIRECTION('',(-1.,1.224646799147E-16,0.));
#35 = AXIS2_PLACEMENT_3D('',#36,#37,#38);
#36 = CARTESIAN_POINT('',(109.21000000037,-86.899999877,1.60000000001));
#37 = DIRECTION('',(0.,-1.,1.110223024625E-16));
#38 = DIRECTION('',(1.,0.,0.));
#39 = AXIS2_PLACEMENT_3D('',#40,#41,#42);
#40 = CARTESIAN_POINT('',(145.874114,-122.787868,1.65));
#41 = DIRECTION('',(0.,0.,1.));
#42 = DIRECTION('',(1.,0.,0.));
#43 = AXIS2_PLACEMENT_3D('',#44,#45,#46);
#44 = CARTESIAN_POINT('',(117.96,-113.1025,1.65));
#45 = DIRECTION('',(0.,0.,1.));
#46 = DIRECTION('',(1.,0.,0.));
#47 = AXIS2_PLACEMENT_3D('',#48,#49,#50);
#48 = CARTESIAN_POINT('',(109.21000000037,-102.139999877,1.60000000001)
  );
#49 = DIRECTION('',(0.,-1.,1.110223024625E-16));
#50 = DIRECTION('',(1.,0.,0.));
#51 = AXIS2_PLACEMENT_3D('',#52,#53,#54);
#52 = CARTESIAN_POINT('',(149.86943100037,-102.060459877,1.60000000001)
  );
#53 = DIRECTION('',(0.,-1.,1.110223024625E-16));
#54 = DIRECTION('',(1.,0.,0.));
#55 = AXIS2_PLACEMENT_3D('',#56,#57,#58);
#56 = CARTESIAN_POINT('',(109.04025000037,-116.861999877,1.60000000001)
  );
#57 = DIRECTION('',(0.,-1.,1.110223024625E-16));
#58 = DIRECTION('',(1.,0.,0.));
#59 = AXIS2_PLACEMENT_3D('',#60,#61,#62);
#60 = CARTESIAN_POINT('',(0.,0.,0.));
#61 = DIRECTION('',(0.,0.,1.));
#62 = DIRECTION('',(1.,0.,-0.));
#63 = ( GEOMETRIC_REPRESENTATION_CONTEXT(3) 
GLOBAL_UNCERTAINTY_ASSIGNED_CONTEXT((#67)) GLOBAL_UNIT_ASSIGNED_CONTEXT(
(#64,#65,#66)) REPRESENTATION_CONTEXT('Context #1',
  '3D Context with UNIT and UNCERTAINTY') );
#64 = ( LENGTH_UNIT() NAMED_UNIT(*) SI_UNIT(.MILLI.,.METRE.) );
#65 = ( NAMED_UNIT(*) PLANE_ANGLE_UNIT() SI_UNIT($,.RADIAN.) );
#66 = ( NAMED_UNIT(*) SI_UNIT($,.STERADIAN.) SOLID_ANGLE_UNIT() );
#67 = UNCERTAINTY_MEASURE_WITH_UNIT(LENGTH_MEASURE(1.E-07),#64,
  'distance_accuracy_value','confusion accuracy');
#68 = PRODUCT_RELATED_PRODUCT_CATEGORY('part',$,(#7));
#69 = SHAPE_DEFINITION_REPRESENTATION(#70,#76);
#70 = PRODUCT_DEFINITION_SHAPE('','',#71);
#71 = PRODUCT_DEFINITION('design','',#72,#75);
#72 = PRODUCT_DEFINITION_FORMATION('','',#73);
#73 = PRODUCT('39-28-8020','39-28-8020','',(#74));
#74 = PRODUCT_CONTEXT('',#2,'mechanical');
#75 = PRODUCT_DEFINITION_CONTEXT('part definition',#2,'design');
#76 = SHAPE_REPRESENTATION('',(#11,#77),#81);
#77 = AXIS2_PLACEMENT_3D('',#78,#79,#80);
#78 = CARTESIAN_POINT('',(0.,0.,0.));
#79 = DIRECTION('',(0.,0.,1.));
#80 = DIRECTION('',(1.,0.,-0.));
#81 = ( GEOMETRIC_REPRESENTATION_CONTEXT(3) 
GLOBAL_UNCERTAINTY_ASSIGNED_CONTEXT((#85)) GLOBAL_UNIT_ASSIGNED_CONTEXT(
(#82,#83,#84)) REPRESENTATION_CONTEXT('Context #1',
  '3D Context with UNIT and UNCERTAINTY') );
#82 = ( LENGTH_UNIT() NAMED_UNIT(*) SI_UNIT(.MILLI.,.METRE.) );
#83 = ( NAMED_UNIT(*) PLANE_ANGLE_UNIT() SI_UNIT($,.RADIAN.) );
#84 = ( NAMED_UNIT(*) SI_UNIT($,.STERADIAN.) SOLID_ANGLE_UNIT() );
#85 = UNCERTAINTY_MEASURE_WITH_UNIT(LENGTH_MEASURE(1.E-07),#82,
  'distance_accuracy_value','confusion accuracy');
#86 = CONTEXT_DEPENDENT_SHAPE_REPRESENTATION(#87,#89);
#87 = ( REPRESENTATION_RELATIONSHIP('','',#76,#10) 
REPRESENTATION_RELATIONSHIP_WITH_TRANSFORMATION(#88) 
SHAPE_REPRESENTATION_RELATIONSHIP() );
#88 = ITEM_DEFINED_TRANSFORMATION('','',#11,#15);
#89 = PRODUCT_DEFINITION_SHAPE('Placement','Placement of an item',#90);
#90 = NEXT_ASSEMBLY_USAGE_OCCURRENCE('2','J3','',#5,#71,$);
#91 = PRODUCT_RELATED_PRODUCT_CATEGORY('part',$,(#73));
#92 = SHAPE_DEFINITION_REPRESENTATION(#93,#99);
#93 = PRODUCT_DEFINITION_SHAPE('','',#94);
#94 = PRODUCT_DEFINITION('design','',#95,#98);
#95 = PRODUCT_DEFINITION_FORMATION('','',#96);
#96 = PRODUCT('039288020','039288020','',(#97));
#97 = PRODUCT_CONTEXT('',#2,'mechanical');
#98 = PRODUCT_DEFINITION_CONTEXT('part definition',#2,'design');
#99 = SHAPE_REPRESENTATION('',(#11,#100,#2439,#2456),#2473);
#100 = MANIFOLD_SOLID_BREP('',#101);
#101 = CLOSED_SHELL('',(#102,#158,#214,#245,#276,#348,#437,#468,#515,
    #548,#572,#612,#636,#660,#684,#715,#746,#786,#826,#850,#940,#1009,
    #1079,#1096,#1125,#1139,#1151,#1163,#1189,#1222,#1240,#1359,#1390,
    #1414,#1438,#1455,#1467,#1493,#1505,#1517,#1529,#1560,#1584,#1608,
    #1625,#1671,#1761,#1783,#1800,#1817,#1834,#1851,#1863,#1902,#1941,
    #1980,#2019,#2043,#2075,#2114,#2153,#2192,#2209,#2226,#2238,#2255,
    #2272,#2289,#2301,#2318,#2335,#2352,#2364,#2381,#2398,#2415,#2427));
#102 = ADVANCED_FACE('',(#103),#153,.F.);
#103 = FACE_BOUND('',#104,.F.);
#104 = EDGE_LOOP('',(#105,#115,#123,#131,#139,#147));
#105 = ORIENTED_EDGE('',*,*,#106,.T.);
#106 = EDGE_CURVE('',#107,#109,#111,.T.);
#107 = VERTEX_POINT('',#108);
#108 = CARTESIAN_POINT('',(-2.7,0.2,-1.59));
#109 = VERTEX_POINT('',#110);
#110 = CARTESIAN_POINT('',(-2.7,12.8,-1.59));
#111 = LINE('',#112,#113);
#112 = CARTESIAN_POINT('',(-2.7,0.2,-1.59));
#113 = VECTOR('',#114,1.);
#114 = DIRECTION('',(0.,1.,0.));
#115 = ORIENTED_EDGE('',*,*,#116,.T.);
#116 = EDGE_CURVE('',#109,#117,#119,.T.);
#117 = VERTEX_POINT('',#118);
#118 = CARTESIAN_POINT('',(-2.7,12.8,4.8));
#119 = LINE('',#120,#121);
#120 = CARTESIAN_POINT('',(-2.7,12.8,-1.59));
#121 = VECTOR('',#122,1.);
#122 = DIRECTION('',(0.,0.,1.));
#123 = ORIENTED_EDGE('',*,*,#124,.T.);
#124 = EDGE_CURVE('',#117,#125,#127,.T.);
#125 = VERTEX_POINT('',#126);
#126 = CARTESIAN_POINT('',(-2.7,0.,4.8));
#127 = LINE('',#128,#129);
#128 = CARTESIAN_POINT('',(-2.7,12.8,4.8));
#129 = VECTOR('',#130,1.);
#130 = DIRECTION('',(0.,-1.,0.));
#131 = ORIENTED_EDGE('',*,*,#132,.T.);
#132 = EDGE_CURVE('',#125,#133,#135,.T.);
#133 = VERTEX_POINT('',#134);
#134 = CARTESIAN_POINT('',(-2.7,0.,3.8));
#135 = LINE('',#136,#137);
#136 = CARTESIAN_POINT('',(-2.7,0.,4.8));
#137 = VECTOR('',#138,1.);
#138 = DIRECTION('',(0.,0.,-1.));
#139 = ORIENTED_EDGE('',*,*,#140,.T.);
#140 = EDGE_CURVE('',#133,#141,#143,.T.);
#141 = VERTEX_POINT('',#142);
#142 = CARTESIAN_POINT('',(-2.7,0.2,3.8));
#143 = LINE('',#144,#145);
#144 = CARTESIAN_POINT('',(-2.7,0.,3.8));
#145 = VECTOR('',#146,1.);
#146 = DIRECTION('',(0.,1.,0.));
#147 = ORIENTED_EDGE('',*,*,#148,.F.);
#148 = EDGE_CURVE('',#107,#141,#149,.T.);
#149 = LINE('',#150,#151);
#150 = CARTESIAN_POINT('',(-2.7,0.2,-1.59));
#151 = VECTOR('',#152,1.);
#152 = DIRECTION('',(0.,0.,1.));
#153 = PLANE('',#154);
#154 = AXIS2_PLACEMENT_3D('',#155,#156,#157);
#155 = CARTESIAN_POINT('',(-2.7,0.,0.));
#156 = DIRECTION('',(1.,0.,0.));
#157 = DIRECTION('',(0.,0.,-1.));
#158 = ADVANCED_FACE('',(#159),#209,.F.);
#159 = FACE_BOUND('',#160,.F.);
#160 = EDGE_LOOP('',(#161,#171,#179,#187,#195,#203));
#161 = ORIENTED_EDGE('',*,*,#162,.F.);
#162 = EDGE_CURVE('',#163,#165,#167,.T.);
#163 = VERTEX_POINT('',#164);
#164 = CARTESIAN_POINT('',(-2.7,0.2,-3.39));
#165 = VERTEX_POINT('',#166);
#166 = CARTESIAN_POINT('',(-2.7,12.8,-3.39));
#167 = LINE('',#168,#169);
#168 = CARTESIAN_POINT('',(-2.7,0.2,-3.39));
#169 = VECTOR('',#170,1.);
#170 = DIRECTION('',(0.,1.,0.));
#171 = ORIENTED_EDGE('',*,*,#172,.F.);
#172 = EDGE_CURVE('',#173,#163,#175,.T.);
#173 = VERTEX_POINT('',#174);
#174 = CARTESIAN_POINT('',(-2.7,0.2,-3.8));
#175 = LINE('',#176,#177);
#176 = CARTESIAN_POINT('',(-2.7,0.2,-3.8));
#177 = VECTOR('',#178,1.);
#178 = DIRECTION('',(0.,0.,1.));
#179 = ORIENTED_EDGE('',*,*,#180,.F.);
#180 = EDGE_CURVE('',#181,#173,#183,.T.);
#181 = VERTEX_POINT('',#182);
#182 = CARTESIAN_POINT('',(-2.7,0.,-3.8));
#183 = LINE('',#184,#185);
#184 = CARTESIAN_POINT('',(-2.7,0.,-3.8));
#185 = VECTOR('',#186,1.);
#186 = DIRECTION('',(0.,1.,0.));
#187 = ORIENTED_EDGE('',*,*,#188,.T.);
#188 = EDGE_CURVE('',#181,#189,#191,.T.);
#189 = VERTEX_POINT('',#190);
#190 = CARTESIAN_POINT('',(-2.7,0.,-4.8));
#191 = LINE('',#192,#193);
#192 = CARTESIAN_POINT('',(-2.7,0.,-3.8));
#193 = VECTOR('',#194,1.);
#194 = DIRECTION('',(0.,0.,-1.));
#195 = ORIENTED_EDGE('',*,*,#196,.T.);
#196 = EDGE_CURVE('',#189,#197,#199,.T.);
#197 = VERTEX_POINT('',#198);
#198 = CARTESIAN_POINT('',(-2.7,12.8,-4.8));
#199 = LINE('',#200,#201);
#200 = CARTESIAN_POINT('',(-2.7,0.,-4.8));
#201 = VECTOR('',#202,1.);
#202 = DIRECTION('',(0.,1.,0.));
#203 = ORIENTED_EDGE('',*,*,#204,.T.);
#204 = EDGE_CURVE('',#197,#165,#205,.T.);
#205 = LINE('',#206,#207);
#206 = CARTESIAN_POINT('',(-2.7,12.8,-4.8));
#207 = VECTOR('',#208,1.);
#208 = DIRECTION('',(0.,0.,1.));
#209 = PLANE('',#210);
#210 = AXIS2_PLACEMENT_3D('',#211,#212,#213);
#211 = CARTESIAN_POINT('',(-2.7,0.,0.));
#212 = DIRECTION('',(1.,0.,0.));
#213 = DIRECTION('',(0.,0.,-1.));
#214 = ADVANCED_FACE('',(#215),#240,.T.);
#215 = FACE_BOUND('',#216,.F.);
#216 = EDGE_LOOP('',(#217,#227,#233,#234));
#217 = ORIENTED_EDGE('',*,*,#218,.F.);
#218 = EDGE_CURVE('',#219,#221,#223,.T.);
#219 = VERTEX_POINT('',#220);
#220 = CARTESIAN_POINT('',(-3.1,12.8,-1.99));
#221 = VERTEX_POINT('',#222);
#222 = CARTESIAN_POINT('',(-3.1,0.2,-1.99));
#223 = LINE('',#224,#225);
#224 = CARTESIAN_POINT('',(-3.1,12.8,-1.99));
#225 = VECTOR('',#226,1.);
#226 = DIRECTION('',(0.,-1.,0.));
#227 = ORIENTED_EDGE('',*,*,#228,.F.);
#228 = EDGE_CURVE('',#109,#219,#229,.T.);
#229 = LINE('',#230,#231);
#230 = CARTESIAN_POINT('',(-2.7,12.8,-1.59));
#231 = VECTOR('',#232,1.);
#232 = DIRECTION('',(-0.707106781187,0.,-0.707106781187));
#233 = ORIENTED_EDGE('',*,*,#106,.F.);
#234 = ORIENTED_EDGE('',*,*,#235,.T.);
#235 = EDGE_CURVE('',#107,#221,#236,.T.);
#236 = LINE('',#237,#238);
#237 = CARTESIAN_POINT('',(-2.7,0.2,-1.59));
#238 = VECTOR('',#239,1.);
#239 = DIRECTION('',(-0.707106781187,0.,-0.707106781187));
#240 = PLANE('',#241);
#241 = AXIS2_PLACEMENT_3D('',#242,#243,#244);
#242 = CARTESIAN_POINT('',(-2.7,12.8,-1.59));
#243 = DIRECTION('',(-0.707106781187,0.,0.707106781187));
#244 = DIRECTION('',(-0.707106781187,0.,-0.707106781187));
#245 = ADVANCED_FACE('',(#246),#271,.T.);
#246 = FACE_BOUND('',#247,.F.);
#247 = EDGE_LOOP('',(#248,#249,#257,#265));
#248 = ORIENTED_EDGE('',*,*,#218,.T.);
#249 = ORIENTED_EDGE('',*,*,#250,.T.);
#250 = EDGE_CURVE('',#221,#251,#253,.T.);
#251 = VERTEX_POINT('',#252);
#252 = CARTESIAN_POINT('',(-3.1,0.2,-2.99));
#253 = LINE('',#254,#255);
#254 = CARTESIAN_POINT('',(-3.1,0.2,-1.99));
#255 = VECTOR('',#256,1.);
#256 = DIRECTION('',(0.,0.,-1.));
#257 = ORIENTED_EDGE('',*,*,#258,.F.);
#258 = EDGE_CURVE('',#259,#251,#261,.T.);
#259 = VERTEX_POINT('',#260);
#260 = CARTESIAN_POINT('',(-3.1,12.8,-2.99));
#261 = LINE('',#262,#263);
#262 = CARTESIAN_POINT('',(-3.1,12.8,-2.99));
#263 = VECTOR('',#264,1.);
#264 = DIRECTION('',(0.,-1.,0.));
#265 = ORIENTED_EDGE('',*,*,#266,.F.);
#266 = EDGE_CURVE('',#219,#259,#267,.T.);
#267 = LINE('',#268,#269);
#268 = CARTESIAN_POINT('',(-3.1,12.8,-1.99));
#269 = VECTOR('',#270,1.);
#270 = DIRECTION('',(0.,0.,-1.));
#271 = PLANE('',#272);
#272 = AXIS2_PLACEMENT_3D('',#273,#274,#275);
#273 = CARTESIAN_POINT('',(-3.1,12.8,-1.99));
#274 = DIRECTION('',(-1.,0.,0.));
#275 = DIRECTION('',(0.,0.,-1.));
#276 = ADVANCED_FACE('',(#277),#343,.T.);
#277 = FACE_BOUND('',#278,.F.);
#278 = EDGE_LOOP('',(#279,#289,#297,#305,#313,#321,#327,#328,#334,#335,
    #336,#337));
#279 = ORIENTED_EDGE('',*,*,#280,.F.);
#280 = EDGE_CURVE('',#281,#283,#285,.T.);
#281 = VERTEX_POINT('',#282);
#282 = CARTESIAN_POINT('',(-1.3,0.2,0.5));
#283 = VERTEX_POINT('',#284);
#284 = CARTESIAN_POINT('',(-1.3,0.2,3.8));
#285 = LINE('',#286,#287);
#286 = CARTESIAN_POINT('',(-1.3,0.2,0.5));
#287 = VECTOR('',#288,1.);
#288 = DIRECTION('',(0.,0.,1.));
#289 = ORIENTED_EDGE('',*,*,#290,.F.);
#290 = EDGE_CURVE('',#291,#281,#293,.T.);
#291 = VERTEX_POINT('',#292);
#292 = CARTESIAN_POINT('',(-1.7,0.2,0.5));
#293 = LINE('',#294,#295);
#294 = CARTESIAN_POINT('',(-1.7,0.2,0.5));
#295 = VECTOR('',#296,1.);
#296 = DIRECTION('',(1.,0.,0.));
#297 = ORIENTED_EDGE('',*,*,#298,.F.);
#298 = EDGE_CURVE('',#299,#291,#301,.T.);
#299 = VERTEX_POINT('',#300);
#300 = CARTESIAN_POINT('',(-1.7,0.2,-0.5));
#301 = LINE('',#302,#303);
#302 = CARTESIAN_POINT('',(-1.7,0.2,-0.5));
#303 = VECTOR('',#304,1.);
#304 = DIRECTION('',(0.,0.,1.));
#305 = ORIENTED_EDGE('',*,*,#306,.F.);
#306 = EDGE_CURVE('',#307,#299,#309,.T.);
#307 = VERTEX_POINT('',#308);
#308 = CARTESIAN_POINT('',(-1.3,0.2,-0.5));
#309 = LINE('',#310,#311);
#310 = CARTESIAN_POINT('',(-1.3,0.2,-0.5));
#311 = VECTOR('',#312,1.);
#312 = DIRECTION('',(-1.,0.,0.));
#313 = ORIENTED_EDGE('',*,*,#314,.F.);
#314 = EDGE_CURVE('',#315,#307,#317,.T.);
#315 = VERTEX_POINT('',#316);
#316 = CARTESIAN_POINT('',(-1.3,0.2,-3.8));
#317 = LINE('',#318,#319);
#318 = CARTESIAN_POINT('',(-1.3,0.2,-3.8));
#319 = VECTOR('',#320,1.);
#320 = DIRECTION('',(0.,0.,1.));
#321 = ORIENTED_EDGE('',*,*,#322,.F.);
#322 = EDGE_CURVE('',#173,#315,#323,.T.);
#323 = LINE('',#324,#325);
#324 = CARTESIAN_POINT('',(-2.7,0.2,-3.8));
#325 = VECTOR('',#326,1.);
#326 = DIRECTION('',(1.,0.,0.));
#327 = ORIENTED_EDGE('',*,*,#172,.T.);
#328 = ORIENTED_EDGE('',*,*,#329,.F.);
#329 = EDGE_CURVE('',#251,#163,#330,.T.);
#330 = LINE('',#331,#332);
#331 = CARTESIAN_POINT('',(-3.1,0.2,-2.99));
#332 = VECTOR('',#333,1.);
#333 = DIRECTION('',(0.707106781187,0.,-0.707106781187));
#334 = ORIENTED_EDGE('',*,*,#250,.F.);
#335 = ORIENTED_EDGE('',*,*,#235,.F.);
#336 = ORIENTED_EDGE('',*,*,#148,.T.);
#337 = ORIENTED_EDGE('',*,*,#338,.F.);
#338 = EDGE_CURVE('',#283,#141,#339,.T.);
#339 = LINE('',#340,#341);
#340 = CARTESIAN_POINT('',(-1.3,0.2,3.8));
#341 = VECTOR('',#342,1.);
#342 = DIRECTION('',(-1.,0.,0.));
#343 = PLANE('',#344);
#344 = AXIS2_PLACEMENT_3D('',#345,#346,#347);
#345 = CARTESIAN_POINT('',(-2.7,0.2,0.));
#346 = DIRECTION('',(0.,-1.,0.));
#347 = DIRECTION('',(1.,0.,0.));
#348 = ADVANCED_FACE('',(#349),#432,.T.);
#349 = FACE_BOUND('',#350,.F.);
#350 = EDGE_LOOP('',(#351,#361,#369,#377,#386,#394,#402,#410,#418,#426)
  );
#351 = ORIENTED_EDGE('',*,*,#352,.T.);
#352 = EDGE_CURVE('',#353,#355,#357,.T.);
#353 = VERTEX_POINT('',#354);
#354 = CARTESIAN_POINT('',(1.3,0.2,0.5));
#355 = VERTEX_POINT('',#356);
#356 = CARTESIAN_POINT('',(1.3,0.2,3.8));
#357 = LINE('',#358,#359);
#358 = CARTESIAN_POINT('',(1.3,0.2,0.5));
#359 = VECTOR('',#360,1.);
#360 = DIRECTION('',(0.,0.,1.));
#361 = ORIENTED_EDGE('',*,*,#362,.F.);
#362 = EDGE_CURVE('',#363,#355,#365,.T.);
#363 = VERTEX_POINT('',#364);
#364 = CARTESIAN_POINT('',(2.7,0.2,3.8));
#365 = LINE('',#366,#367);
#366 = CARTESIAN_POINT('',(2.7,0.2,3.8));
#367 = VECTOR('',#368,1.);
#368 = DIRECTION('',(-1.,0.,0.));
#369 = ORIENTED_EDGE('',*,*,#370,.F.);
#370 = EDGE_CURVE('',#371,#363,#373,.T.);
#371 = VERTEX_POINT('',#372);
#372 = CARTESIAN_POINT('',(2.7,0.2,3.));
#373 = LINE('',#374,#375);
#374 = CARTESIAN_POINT('',(2.7,0.2,3.));
#375 = VECTOR('',#376,1.);
#376 = DIRECTION('',(0.,0.,1.));
#377 = ORIENTED_EDGE('',*,*,#378,.F.);
#378 = EDGE_CURVE('',#379,#371,#381,.T.);
#379 = VERTEX_POINT('',#380);
#380 = CARTESIAN_POINT('',(2.7,0.2,2.2));
#381 = CIRCLE('',#382,0.4);
#382 = AXIS2_PLACEMENT_3D('',#383,#384,#385);
#383 = CARTESIAN_POINT('',(2.7,0.2,2.6));
#384 = DIRECTION('',(0.,-1.,0.));
#385 = DIRECTION('',(0.,0.,-1.));
#386 = ORIENTED_EDGE('',*,*,#387,.F.);
#387 = EDGE_CURVE('',#388,#379,#390,.T.);
#388 = VERTEX_POINT('',#389);
#389 = CARTESIAN_POINT('',(2.7,0.2,-3.8));
#390 = LINE('',#391,#392);
#391 = CARTESIAN_POINT('',(2.7,0.2,-3.8));
#392 = VECTOR('',#393,1.);
#393 = DIRECTION('',(0.,0.,1.));
#394 = ORIENTED_EDGE('',*,*,#395,.F.);
#395 = EDGE_CURVE('',#396,#388,#398,.T.);
#396 = VERTEX_POINT('',#397);
#397 = CARTESIAN_POINT('',(1.3,0.2,-3.8));
#398 = LINE('',#399,#400);
#399 = CARTESIAN_POINT('',(1.3,0.2,-3.8));
#400 = VECTOR('',#401,1.);
#401 = DIRECTION('',(1.,0.,0.));
#402 = ORIENTED_EDGE('',*,*,#403,.T.);
#403 = EDGE_CURVE('',#396,#404,#406,.T.);
#404 = VERTEX_POINT('',#405);
#405 = CARTESIAN_POINT('',(1.3,0.2,-0.5));
#406 = LINE('',#407,#408);
#407 = CARTESIAN_POINT('',(1.3,0.2,-3.8));
#408 = VECTOR('',#409,1.);
#409 = DIRECTION('',(0.,0.,1.));
#410 = ORIENTED_EDGE('',*,*,#411,.F.);
#411 = EDGE_CURVE('',#412,#404,#414,.T.);
#412 = VERTEX_POINT('',#413);
#413 = CARTESIAN_POINT('',(1.7,0.2,-0.5));
#414 = LINE('',#415,#416);
#415 = CARTESIAN_POINT('',(1.7,0.2,-0.5));
#416 = VECTOR('',#417,1.);
#417 = DIRECTION('',(-1.,0.,0.));
#418 = ORIENTED_EDGE('',*,*,#419,.F.);
#419 = EDGE_CURVE('',#420,#412,#422,.T.);
#420 = VERTEX_POINT('',#421);
#421 = CARTESIAN_POINT('',(1.7,0.2,0.5));
#422 = LINE('',#423,#424);
#423 = CARTESIAN_POINT('',(1.7,0.2,0.5));
#424 = VECTOR('',#425,1.);
#425 = DIRECTION('',(0.,0.,-1.));
#426 = ORIENTED_EDGE('',*,*,#427,.F.);
#427 = EDGE_CURVE('',#353,#420,#428,.T.);
#428 = LINE('',#429,#430);
#429 = CARTESIAN_POINT('',(1.3,0.2,0.5));
#430 = VECTOR('',#431,1.);
#431 = DIRECTION('',(1.,0.,0.));
#432 = PLANE('',#433);
#433 = AXIS2_PLACEMENT_3D('',#434,#435,#436);
#434 = CARTESIAN_POINT('',(-2.7,0.2,0.));
#435 = DIRECTION('',(0.,-1.,0.));
#436 = DIRECTION('',(1.,0.,0.));
#437 = ADVANCED_FACE('',(#438),#463,.F.);
#438 = FACE_BOUND('',#439,.F.);
#439 = EDGE_LOOP('',(#440,#441,#449,#457));
#440 = ORIENTED_EDGE('',*,*,#280,.T.);
#441 = ORIENTED_EDGE('',*,*,#442,.T.);
#442 = EDGE_CURVE('',#283,#443,#445,.T.);
#443 = VERTEX_POINT('',#444);
#444 = CARTESIAN_POINT('',(-1.3,0.8,3.8));
#445 = LINE('',#446,#447);
#446 = CARTESIAN_POINT('',(-1.3,0.2,3.8));
#447 = VECTOR('',#448,1.);
#448 = DIRECTION('',(0.,1.,0.));
#449 = ORIENTED_EDGE('',*,*,#450,.T.);
#450 = EDGE_CURVE('',#443,#451,#453,.T.);
#451 = VERTEX_POINT('',#452);
#452 = CARTESIAN_POINT('',(-1.3,0.8,0.5));
#453 = LINE('',#454,#455);
#454 = CARTESIAN_POINT('',(-1.3,0.8,3.8));
#455 = VECTOR('',#456,1.);
#456 = DIRECTION('',(0.,0.,-1.));
#457 = ORIENTED_EDGE('',*,*,#458,.F.);
#458 = EDGE_CURVE('',#281,#451,#459,.T.);
#459 = LINE('',#460,#461);
#460 = CARTESIAN_POINT('',(-1.3,0.2,0.5));
#461 = VECTOR('',#462,1.);
#462 = DIRECTION('',(0.,1.,0.));
#463 = PLANE('',#464);
#464 = AXIS2_PLACEMENT_3D('',#465,#466,#467);
#465 = CARTESIAN_POINT('',(-1.3,0.,3.8));
#466 = DIRECTION('',(-1.,0.,0.));
#467 = DIRECTION('',(0.,0.,-1.));
#468 = ADVANCED_FACE('',(#469),#510,.F.);
#469 = FACE_BOUND('',#470,.F.);
#470 = EDGE_LOOP('',(#471,#472,#480,#488,#496,#504));
#471 = ORIENTED_EDGE('',*,*,#362,.T.);
#472 = ORIENTED_EDGE('',*,*,#473,.T.);
#473 = EDGE_CURVE('',#355,#474,#476,.T.);
#474 = VERTEX_POINT('',#475);
#475 = CARTESIAN_POINT('',(1.3,0.8,3.8));
#476 = LINE('',#477,#478);
#477 = CARTESIAN_POINT('',(1.3,0.2,3.8));
#478 = VECTOR('',#479,1.);
#479 = DIRECTION('',(0.,1.,0.));
#480 = ORIENTED_EDGE('',*,*,#481,.T.);
#481 = EDGE_CURVE('',#474,#482,#484,.T.);
#482 = VERTEX_POINT('',#483);
#483 = CARTESIAN_POINT('',(1.,0.8,3.8));
#484 = LINE('',#485,#486);
#485 = CARTESIAN_POINT('',(1.3,0.8,3.8));
#486 = VECTOR('',#487,1.);
#487 = DIRECTION('',(-1.,0.,0.));
#488 = ORIENTED_EDGE('',*,*,#489,.T.);
#489 = EDGE_CURVE('',#482,#490,#492,.T.);
#490 = VERTEX_POINT('',#491);
#491 = CARTESIAN_POINT('',(1.,0.,3.8));
#492 = LINE('',#493,#494);
#493 = CARTESIAN_POINT('',(1.,0.8,3.8));
#494 = VECTOR('',#495,1.);
#495 = DIRECTION('',(0.,-1.,0.));
#496 = ORIENTED_EDGE('',*,*,#497,.T.);
#497 = EDGE_CURVE('',#490,#498,#500,.T.);
#498 = VERTEX_POINT('',#499);
#499 = CARTESIAN_POINT('',(2.7,0.,3.8));
#500 = LINE('',#501,#502);
#501 = CARTESIAN_POINT('',(1.,0.,3.8));
#502 = VECTOR('',#503,1.);
#503 = DIRECTION('',(1.,0.,0.));
#504 = ORIENTED_EDGE('',*,*,#505,.T.);
#505 = EDGE_CURVE('',#498,#363,#506,.T.);
#506 = LINE('',#507,#508);
#507 = CARTESIAN_POINT('',(2.7,0.,3.8));
#508 = VECTOR('',#509,1.);
#509 = DIRECTION('',(0.,1.,0.));
#510 = PLANE('',#511);
#511 = AXIS2_PLACEMENT_3D('',#512,#513,#514);
#512 = CARTESIAN_POINT('',(-1.,0.,3.8));
#513 = DIRECTION('',(0.,0.,1.));
#514 = DIRECTION('',(-1.,0.,0.));
#515 = ADVANCED_FACE('',(#516),#543,.F.);
#516 = FACE_BOUND('',#517,.F.);
#517 = EDGE_LOOP('',(#518,#519,#520,#521,#529,#537));
#518 = ORIENTED_EDGE('',*,*,#442,.F.);
#519 = ORIENTED_EDGE('',*,*,#338,.T.);
#520 = ORIENTED_EDGE('',*,*,#140,.F.);
#521 = ORIENTED_EDGE('',*,*,#522,.T.);
#522 = EDGE_CURVE('',#133,#523,#525,.T.);
#523 = VERTEX_POINT('',#524);
#524 = CARTESIAN_POINT('',(-1.,0.,3.8));
#525 = LINE('',#526,#527);
#526 = CARTESIAN_POINT('',(-2.7,0.,3.8));
#527 = VECTOR('',#528,1.);
#528 = DIRECTION('',(1.,0.,0.));
#529 = ORIENTED_EDGE('',*,*,#530,.T.);
#530 = EDGE_CURVE('',#523,#531,#533,.T.);
#531 = VERTEX_POINT('',#532);
#532 = CARTESIAN_POINT('',(-1.,0.8,3.8));
#533 = LINE('',#534,#535);
#534 = CARTESIAN_POINT('',(-1.,0.,3.8));
#535 = VECTOR('',#536,1.);
#536 = DIRECTION('',(0.,1.,0.));
#537 = ORIENTED_EDGE('',*,*,#538,.T.);
#538 = EDGE_CURVE('',#531,#443,#539,.T.);
#539 = LINE('',#540,#541);
#540 = CARTESIAN_POINT('',(-1.,0.8,3.8));
#541 = VECTOR('',#542,1.);
#542 = DIRECTION('',(-1.,0.,0.));
#543 = PLANE('',#544);
#544 = AXIS2_PLACEMENT_3D('',#545,#546,#547);
#545 = CARTESIAN_POINT('',(-1.,0.,3.8));
#546 = DIRECTION('',(0.,0.,1.));
#547 = DIRECTION('',(-1.,0.,0.));
#548 = ADVANCED_FACE('',(#549),#567,.F.);
#549 = FACE_BOUND('',#550,.F.);
#550 = EDGE_LOOP('',(#551,#552,#560,#566));
#551 = ORIENTED_EDGE('',*,*,#352,.F.);
#552 = ORIENTED_EDGE('',*,*,#553,.T.);
#553 = EDGE_CURVE('',#353,#554,#556,.T.);
#554 = VERTEX_POINT('',#555);
#555 = CARTESIAN_POINT('',(1.3,0.8,0.5));
#556 = LINE('',#557,#558);
#557 = CARTESIAN_POINT('',(1.3,0.2,0.5));
#558 = VECTOR('',#559,1.);
#559 = DIRECTION('',(0.,1.,0.));
#560 = ORIENTED_EDGE('',*,*,#561,.T.);
#561 = EDGE_CURVE('',#554,#474,#562,.T.);
#562 = LINE('',#563,#564);
#563 = CARTESIAN_POINT('',(1.3,0.8,0.5));
#564 = VECTOR('',#565,1.);
#565 = DIRECTION('',(0.,0.,1.));
#566 = ORIENTED_EDGE('',*,*,#473,.F.);
#567 = PLANE('',#568);
#568 = AXIS2_PLACEMENT_3D('',#569,#570,#571);
#569 = CARTESIAN_POINT('',(1.3,0.,0.5));
#570 = DIRECTION('',(1.,0.,0.));
#571 = DIRECTION('',(0.,0.,1.));
#572 = ADVANCED_FACE('',(#573),#607,.F.);
#573 = FACE_BOUND('',#574,.F.);
#574 = EDGE_LOOP('',(#575,#576,#577,#585,#593,#599,#600,#601));
#575 = ORIENTED_EDGE('',*,*,#553,.F.);
#576 = ORIENTED_EDGE('',*,*,#427,.T.);
#577 = ORIENTED_EDGE('',*,*,#578,.F.);
#578 = EDGE_CURVE('',#579,#420,#581,.T.);
#579 = VERTEX_POINT('',#580);
#580 = CARTESIAN_POINT('',(1.7,0.,0.5));
#581 = LINE('',#582,#583);
#582 = CARTESIAN_POINT('',(1.7,0.,0.5));
#583 = VECTOR('',#584,1.);
#584 = DIRECTION('',(0.,1.,0.));
#585 = ORIENTED_EDGE('',*,*,#586,.F.);
#586 = EDGE_CURVE('',#587,#579,#589,.T.);
#587 = VERTEX_POINT('',#588);
#588 = CARTESIAN_POINT('',(-1.7,0.,0.5));
#589 = LINE('',#590,#591);
#590 = CARTESIAN_POINT('',(-1.7,0.,0.5));
#591 = VECTOR('',#592,1.);
#592 = DIRECTION('',(1.,0.,0.));
#593 = ORIENTED_EDGE('',*,*,#594,.T.);
#594 = EDGE_CURVE('',#587,#291,#595,.T.);
#595 = LINE('',#596,#597);
#596 = CARTESIAN_POINT('',(-1.7,0.,0.5));
#597 = VECTOR('',#598,1.);
#598 = DIRECTION('',(0.,1.,0.));
#599 = ORIENTED_EDGE('',*,*,#290,.T.);
#600 = ORIENTED_EDGE('',*,*,#458,.T.);
#601 = ORIENTED_EDGE('',*,*,#602,.T.);
#602 = EDGE_CURVE('',#451,#554,#603,.T.);
#603 = LINE('',#604,#605);
#604 = CARTESIAN_POINT('',(-1.3,0.8,0.5));
#605 = VECTOR('',#606,1.);
#606 = DIRECTION('',(1.,0.,0.));
#607 = PLANE('',#608);
#608 = AXIS2_PLACEMENT_3D('',#609,#610,#611);
#609 = CARTESIAN_POINT('',(-1.3,0.,0.5));
#610 = DIRECTION('',(0.,0.,-1.));
#611 = DIRECTION('',(1.,0.,0.));
#612 = ADVANCED_FACE('',(#613),#631,.F.);
#613 = FACE_BOUND('',#614,.F.);
#614 = EDGE_LOOP('',(#615,#623,#624,#625));
#615 = ORIENTED_EDGE('',*,*,#616,.F.);
#616 = EDGE_CURVE('',#579,#617,#619,.T.);
#617 = VERTEX_POINT('',#618);
#618 = CARTESIAN_POINT('',(1.7,0.,-0.5));
#619 = LINE('',#620,#621);
#620 = CARTESIAN_POINT('',(1.7,0.,0.5));
#621 = VECTOR('',#622,1.);
#622 = DIRECTION('',(0.,0.,-1.));
#623 = ORIENTED_EDGE('',*,*,#578,.T.);
#624 = ORIENTED_EDGE('',*,*,#419,.T.);
#625 = ORIENTED_EDGE('',*,*,#626,.F.);
#626 = EDGE_CURVE('',#617,#412,#627,.T.);
#627 = LINE('',#628,#629);
#628 = CARTESIAN_POINT('',(1.7,0.,-0.5));
#629 = VECTOR('',#630,1.);
#630 = DIRECTION('',(0.,1.,0.));
#631 = PLANE('',#632);
#632 = AXIS2_PLACEMENT_3D('',#633,#634,#635);
#633 = CARTESIAN_POINT('',(1.7,0.,0.5));
#634 = DIRECTION('',(-1.,0.,0.));
#635 = DIRECTION('',(0.,0.,-1.));
#636 = ADVANCED_FACE('',(#637),#655,.T.);
#637 = FACE_BOUND('',#638,.F.);
#638 = EDGE_LOOP('',(#639,#640,#641,#649));
#639 = ORIENTED_EDGE('',*,*,#586,.T.);
#640 = ORIENTED_EDGE('',*,*,#616,.T.);
#641 = ORIENTED_EDGE('',*,*,#642,.T.);
#642 = EDGE_CURVE('',#617,#643,#645,.T.);
#643 = VERTEX_POINT('',#644);
#644 = CARTESIAN_POINT('',(-1.7,0.,-0.5));
#645 = LINE('',#646,#647);
#646 = CARTESIAN_POINT('',(1.7,0.,-0.5));
#647 = VECTOR('',#648,1.);
#648 = DIRECTION('',(-1.,0.,0.));
#649 = ORIENTED_EDGE('',*,*,#650,.T.);
#650 = EDGE_CURVE('',#643,#587,#651,.T.);
#651 = LINE('',#652,#653);
#652 = CARTESIAN_POINT('',(-1.7,0.,-0.5));
#653 = VECTOR('',#654,1.);
#654 = DIRECTION('',(0.,0.,1.));
#655 = PLANE('',#656);
#656 = AXIS2_PLACEMENT_3D('',#657,#658,#659);
#657 = CARTESIAN_POINT('',(-2.7,0.,4.8));
#658 = DIRECTION('',(0.,-1.,0.));
#659 = DIRECTION('',(0.,0.,-1.));
#660 = ADVANCED_FACE('',(#661),#679,.T.);
#661 = FACE_BOUND('',#662,.F.);
#662 = EDGE_LOOP('',(#663,#671,#677,#678));
#663 = ORIENTED_EDGE('',*,*,#664,.T.);
#664 = EDGE_CURVE('',#125,#665,#667,.T.);
#665 = VERTEX_POINT('',#666);
#666 = CARTESIAN_POINT('',(-1.,0.,4.8));
#667 = LINE('',#668,#669);
#668 = CARTESIAN_POINT('',(-2.7,0.,4.8));
#669 = VECTOR('',#670,1.);
#670 = DIRECTION('',(1.,0.,0.));
#671 = ORIENTED_EDGE('',*,*,#672,.T.);
#672 = EDGE_CURVE('',#665,#523,#673,.T.);
#673 = LINE('',#674,#675);
#674 = CARTESIAN_POINT('',(-1.,0.,4.8));
#675 = VECTOR('',#676,1.);
#676 = DIRECTION('',(0.,0.,-1.));
#677 = ORIENTED_EDGE('',*,*,#522,.F.);
#678 = ORIENTED_EDGE('',*,*,#132,.F.);
#679 = PLANE('',#680);
#680 = AXIS2_PLACEMENT_3D('',#681,#682,#683);
#681 = CARTESIAN_POINT('',(-2.7,0.,4.8));
#682 = DIRECTION('',(0.,-1.,0.));
#683 = DIRECTION('',(0.,0.,-1.));
#684 = ADVANCED_FACE('',(#685),#710,.T.);
#685 = FACE_BOUND('',#686,.F.);
#686 = EDGE_LOOP('',(#687,#697,#703,#704));
#687 = ORIENTED_EDGE('',*,*,#688,.T.);
#688 = EDGE_CURVE('',#689,#691,#693,.T.);
#689 = VERTEX_POINT('',#690);
#690 = CARTESIAN_POINT('',(1.,0.,4.8));
#691 = VERTEX_POINT('',#692);
#692 = CARTESIAN_POINT('',(2.7,0.,4.8));
#693 = LINE('',#694,#695);
#694 = CARTESIAN_POINT('',(1.,0.,4.8));
#695 = VECTOR('',#696,1.);
#696 = DIRECTION('',(1.,0.,0.));
#697 = ORIENTED_EDGE('',*,*,#698,.T.);
#698 = EDGE_CURVE('',#691,#498,#699,.T.);
#699 = LINE('',#700,#701);
#700 = CARTESIAN_POINT('',(2.7,0.,4.8));
#701 = VECTOR('',#702,1.);
#702 = DIRECTION('',(0.,0.,-1.));
#703 = ORIENTED_EDGE('',*,*,#497,.F.);
#704 = ORIENTED_EDGE('',*,*,#705,.F.);
#705 = EDGE_CURVE('',#689,#490,#706,.T.);
#706 = LINE('',#707,#708);
#707 = CARTESIAN_POINT('',(1.,0.,4.8));
#708 = VECTOR('',#709,1.);
#709 = DIRECTION('',(0.,0.,-1.));
#710 = PLANE('',#711);
#711 = AXIS2_PLACEMENT_3D('',#712,#713,#714);
#712 = CARTESIAN_POINT('',(-2.7,0.,4.8));
#713 = DIRECTION('',(0.,-1.,0.));
#714 = DIRECTION('',(0.,0.,-1.));
#715 = ADVANCED_FACE('',(#716),#741,.T.);
#716 = FACE_BOUND('',#717,.F.);
#717 = EDGE_LOOP('',(#718,#726,#727,#735));
#718 = ORIENTED_EDGE('',*,*,#719,.F.);
#719 = EDGE_CURVE('',#189,#720,#722,.T.);
#720 = VERTEX_POINT('',#721);
#721 = CARTESIAN_POINT('',(-1.,0.,-4.8));
#722 = LINE('',#723,#724);
#723 = CARTESIAN_POINT('',(-2.7,0.,-4.8));
#724 = VECTOR('',#725,1.);
#725 = DIRECTION('',(1.,0.,0.));
#726 = ORIENTED_EDGE('',*,*,#188,.F.);
#727 = ORIENTED_EDGE('',*,*,#728,.T.);
#728 = EDGE_CURVE('',#181,#729,#731,.T.);
#729 = VERTEX_POINT('',#730);
#730 = CARTESIAN_POINT('',(-1.,0.,-3.8));
#731 = LINE('',#732,#733);
#732 = CARTESIAN_POINT('',(-2.7,0.,-3.8));
#733 = VECTOR('',#734,1.);
#734 = DIRECTION('',(1.,0.,0.));
#735 = ORIENTED_EDGE('',*,*,#736,.F.);
#736 = EDGE_CURVE('',#720,#729,#737,.T.);
#737 = LINE('',#738,#739);
#738 = CARTESIAN_POINT('',(-1.,0.,-4.8));
#739 = VECTOR('',#740,1.);
#740 = DIRECTION('',(0.,0.,1.));
#741 = PLANE('',#742);
#742 = AXIS2_PLACEMENT_3D('',#743,#744,#745);
#743 = CARTESIAN_POINT('',(-2.7,0.,4.8));
#744 = DIRECTION('',(0.,-1.,0.));
#745 = DIRECTION('',(0.,0.,-1.));
#746 = ADVANCED_FACE('',(#747),#781,.T.);
#747 = FACE_BOUND('',#748,.F.);
#748 = EDGE_LOOP('',(#749,#759,#767,#775));
#749 = ORIENTED_EDGE('',*,*,#750,.F.);
#750 = EDGE_CURVE('',#751,#753,#755,.T.);
#751 = VERTEX_POINT('',#752);
#752 = CARTESIAN_POINT('',(1.,0.,-4.8));
#753 = VERTEX_POINT('',#754);
#754 = CARTESIAN_POINT('',(2.7,0.,-4.8));
#755 = LINE('',#756,#757);
#756 = CARTESIAN_POINT('',(1.,0.,-4.8));
#757 = VECTOR('',#758,1.);
#758 = DIRECTION('',(1.,0.,0.));
#759 = ORIENTED_EDGE('',*,*,#760,.T.);
#760 = EDGE_CURVE('',#751,#761,#763,.T.);
#761 = VERTEX_POINT('',#762);
#762 = CARTESIAN_POINT('',(1.,0.,-3.8));
#763 = LINE('',#764,#765);
#764 = CARTESIAN_POINT('',(1.,0.,-4.8));
#765 = VECTOR('',#766,1.);
#766 = DIRECTION('',(0.,0.,1.));
#767 = ORIENTED_EDGE('',*,*,#768,.T.);
#768 = EDGE_CURVE('',#761,#769,#771,.T.);
#769 = VERTEX_POINT('',#770);
#770 = CARTESIAN_POINT('',(2.7,0.,-3.8));
#771 = LINE('',#772,#773);
#772 = CARTESIAN_POINT('',(1.,0.,-3.8));
#773 = VECTOR('',#774,1.);
#774 = DIRECTION('',(1.,0.,0.));
#775 = ORIENTED_EDGE('',*,*,#776,.T.);
#776 = EDGE_CURVE('',#769,#753,#777,.T.);
#777 = LINE('',#778,#779);
#778 = CARTESIAN_POINT('',(2.7,0.,-3.8));
#779 = VECTOR('',#780,1.);
#780 = DIRECTION('',(0.,0.,-1.));
#781 = PLANE('',#782);
#782 = AXIS2_PLACEMENT_3D('',#783,#784,#785);
#783 = CARTESIAN_POINT('',(-2.7,0.,4.8));
#784 = DIRECTION('',(0.,-1.,0.));
#785 = DIRECTION('',(0.,0.,-1.));
#786 = ADVANCED_FACE('',(#787),#821,.F.);
#787 = FACE_BOUND('',#788,.F.);
#788 = EDGE_LOOP('',(#789,#797,#798,#804,#805,#806,#807,#815));
#789 = ORIENTED_EDGE('',*,*,#790,.F.);
#790 = EDGE_CURVE('',#307,#791,#793,.T.);
#791 = VERTEX_POINT('',#792);
#792 = CARTESIAN_POINT('',(-1.3,0.8,-0.5));
#793 = LINE('',#794,#795);
#794 = CARTESIAN_POINT('',(-1.3,0.2,-0.5));
#795 = VECTOR('',#796,1.);
#796 = DIRECTION('',(0.,1.,0.));
#797 = ORIENTED_EDGE('',*,*,#306,.T.);
#798 = ORIENTED_EDGE('',*,*,#799,.F.);
#799 = EDGE_CURVE('',#643,#299,#800,.T.);
#800 = LINE('',#801,#802);
#801 = CARTESIAN_POINT('',(-1.7,0.,-0.5));
#802 = VECTOR('',#803,1.);
#803 = DIRECTION('',(0.,1.,0.));
#804 = ORIENTED_EDGE('',*,*,#642,.F.);
#805 = ORIENTED_EDGE('',*,*,#626,.T.);
#806 = ORIENTED_EDGE('',*,*,#411,.T.);
#807 = ORIENTED_EDGE('',*,*,#808,.T.);
#808 = EDGE_CURVE('',#404,#809,#811,.T.);
#809 = VERTEX_POINT('',#810);
#810 = CARTESIAN_POINT('',(1.3,0.8,-0.5));
#811 = LINE('',#812,#813);
#812 = CARTESIAN_POINT('',(1.3,0.2,-0.5));
#813 = VECTOR('',#814,1.);
#814 = DIRECTION('',(0.,1.,0.));
#815 = ORIENTED_EDGE('',*,*,#816,.T.);
#816 = EDGE_CURVE('',#809,#791,#817,.T.);
#817 = LINE('',#818,#819);
#818 = CARTESIAN_POINT('',(1.3,0.8,-0.5));
#819 = VECTOR('',#820,1.);
#820 = DIRECTION('',(-1.,0.,0.));
#821 = PLANE('',#822);
#822 = AXIS2_PLACEMENT_3D('',#823,#824,#825);
#823 = CARTESIAN_POINT('',(1.3,0.,-0.5));
#824 = DIRECTION('',(0.,0.,1.));
#825 = DIRECTION('',(-1.,0.,0.));
#826 = ADVANCED_FACE('',(#827),#845,.F.);
#827 = FACE_BOUND('',#828,.F.);
#828 = EDGE_LOOP('',(#829,#830,#831,#839));
#829 = ORIENTED_EDGE('',*,*,#314,.T.);
#830 = ORIENTED_EDGE('',*,*,#790,.T.);
#831 = ORIENTED_EDGE('',*,*,#832,.T.);
#832 = EDGE_CURVE('',#791,#833,#835,.T.);
#833 = VERTEX_POINT('',#834);
#834 = CARTESIAN_POINT('',(-1.3,0.8,-3.8));
#835 = LINE('',#836,#837);
#836 = CARTESIAN_POINT('',(-1.3,0.8,-0.5));
#837 = VECTOR('',#838,1.);
#838 = DIRECTION('',(0.,0.,-1.));
#839 = ORIENTED_EDGE('',*,*,#840,.F.);
#840 = EDGE_CURVE('',#315,#833,#841,.T.);
#841 = LINE('',#842,#843);
#842 = CARTESIAN_POINT('',(-1.3,0.2,-3.8));
#843 = VECTOR('',#844,1.);
#844 = DIRECTION('',(0.,1.,0.));
#845 = PLANE('',#846);
#846 = AXIS2_PLACEMENT_3D('',#847,#848,#849);
#847 = CARTESIAN_POINT('',(-1.3,0.,-0.5));
#848 = DIRECTION('',(-1.,0.,0.));
#849 = DIRECTION('',(0.,0.,-1.));
#850 = ADVANCED_FACE('',(#851,#901),#935,.T.);
#851 = FACE_BOUND('',#852,.F.);
#852 = EDGE_LOOP('',(#853,#863,#871,#877,#878,#879,#887,#895));
#853 = ORIENTED_EDGE('',*,*,#854,.F.);
#854 = EDGE_CURVE('',#855,#857,#859,.T.);
#855 = VERTEX_POINT('',#856);
#856 = CARTESIAN_POINT('',(-1.,0.8,-4.8));
#857 = VERTEX_POINT('',#858);
#858 = CARTESIAN_POINT('',(1.,0.8,-4.8));
#859 = LINE('',#860,#861);
#860 = CARTESIAN_POINT('',(-1.,0.8,-4.8));
#861 = VECTOR('',#862,1.);
#862 = DIRECTION('',(1.,0.,0.));
#863 = ORIENTED_EDGE('',*,*,#864,.F.);
#864 = EDGE_CURVE('',#865,#855,#867,.T.);
#865 = VERTEX_POINT('',#866);
#866 = CARTESIAN_POINT('',(-1.,0.8,-3.8));
#867 = LINE('',#868,#869);
#868 = CARTESIAN_POINT('',(-1.,0.8,-3.8));
#869 = VECTOR('',#870,1.);
#870 = DIRECTION('',(0.,0.,-1.));
#871 = ORIENTED_EDGE('',*,*,#872,.F.);
#872 = EDGE_CURVE('',#833,#865,#873,.T.);
#873 = LINE('',#874,#875);
#874 = CARTESIAN_POINT('',(-1.3,0.8,-3.8));
#875 = VECTOR('',#876,1.);
#876 = DIRECTION('',(1.,0.,0.));
#877 = ORIENTED_EDGE('',*,*,#832,.F.);
#878 = ORIENTED_EDGE('',*,*,#816,.F.);
#879 = ORIENTED_EDGE('',*,*,#880,.F.);
#880 = EDGE_CURVE('',#881,#809,#883,.T.);
#881 = VERTEX_POINT('',#882);
#882 = CARTESIAN_POINT('',(1.3,0.8,-3.8));
#883 = LINE('',#884,#885);
#884 = CARTESIAN_POINT('',(1.3,0.8,-3.8));
#885 = VECTOR('',#886,1.);
#886 = DIRECTION('',(0.,0.,1.));
#887 = ORIENTED_EDGE('',*,*,#888,.F.);
#888 = EDGE_CURVE('',#889,#881,#891,.T.);
#889 = VERTEX_POINT('',#890);
#890 = CARTESIAN_POINT('',(1.,0.8,-3.8));
#891 = LINE('',#892,#893);
#892 = CARTESIAN_POINT('',(1.,0.8,-3.8));
#893 = VECTOR('',#894,1.);
#894 = DIRECTION('',(1.,0.,0.));
#895 = ORIENTED_EDGE('',*,*,#896,.F.);
#896 = EDGE_CURVE('',#857,#889,#897,.T.);
#897 = LINE('',#898,#899);
#898 = CARTESIAN_POINT('',(1.,0.8,-4.8));
#899 = VECTOR('',#900,1.);
#900 = DIRECTION('',(0.,0.,1.));
#901 = FACE_BOUND('',#902,.F.);
#902 = EDGE_LOOP('',(#903,#913,#921,#929));
#903 = ORIENTED_EDGE('',*,*,#904,.T.);
#904 = EDGE_CURVE('',#905,#907,#909,.T.);
#905 = VERTEX_POINT('',#906);
#906 = CARTESIAN_POINT('',(0.57,0.8,-3.25));
#907 = VERTEX_POINT('',#908);
#908 = CARTESIAN_POINT('',(0.57,0.8,-2.65));
#909 = LINE('',#910,#911);
#910 = CARTESIAN_POINT('',(0.57,0.8,-3.25));
#911 = VECTOR('',#912,1.);
#912 = DIRECTION('',(0.,0.,1.));
#913 = ORIENTED_EDGE('',*,*,#914,.T.);
#914 = EDGE_CURVE('',#907,#915,#917,.T.);
#915 = VERTEX_POINT('',#916);
#916 = CARTESIAN_POINT('',(-0.57,0.8,-2.65));
#917 = LINE('',#918,#919);
#918 = CARTESIAN_POINT('',(0.57,0.8,-2.65));
#919 = VECTOR('',#920,1.);
#920 = DIRECTION('',(-1.,0.,0.));
#921 = ORIENTED_EDGE('',*,*,#922,.F.);
#922 = EDGE_CURVE('',#923,#915,#925,.T.);
#923 = VERTEX_POINT('',#924);
#924 = CARTESIAN_POINT('',(-0.57,0.8,-3.25));
#925 = LINE('',#926,#927);
#926 = CARTESIAN_POINT('',(-0.57,0.8,-3.25));
#927 = VECTOR('',#928,1.);
#928 = DIRECTION('',(0.,0.,1.));
#929 = ORIENTED_EDGE('',*,*,#930,.F.);
#930 = EDGE_CURVE('',#905,#923,#931,.T.);
#931 = LINE('',#932,#933);
#932 = CARTESIAN_POINT('',(0.57,0.8,-3.25));
#933 = VECTOR('',#934,1.);
#934 = DIRECTION('',(-1.,0.,0.));
#935 = PLANE('',#936);
#936 = AXIS2_PLACEMENT_3D('',#937,#938,#939);
#937 = CARTESIAN_POINT('',(-2.7,0.8,4.8));
#938 = DIRECTION('',(0.,-1.,0.));
#939 = DIRECTION('',(1.,0.,0.));
#940 = ADVANCED_FACE('',(#941,#970),#1004,.T.);
#941 = FACE_BOUND('',#942,.F.);
#942 = EDGE_LOOP('',(#943,#953,#959,#960,#961,#962,#963,#964));
#943 = ORIENTED_EDGE('',*,*,#944,.T.);
#944 = EDGE_CURVE('',#945,#947,#949,.T.);
#945 = VERTEX_POINT('',#946);
#946 = CARTESIAN_POINT('',(-1.,0.8,4.8));
#947 = VERTEX_POINT('',#948);
#948 = CARTESIAN_POINT('',(1.,0.8,4.8));
#949 = LINE('',#950,#951);
#950 = CARTESIAN_POINT('',(-1.,0.8,4.8));
#951 = VECTOR('',#952,1.);
#952 = DIRECTION('',(1.,0.,0.));
#953 = ORIENTED_EDGE('',*,*,#954,.F.);
#954 = EDGE_CURVE('',#482,#947,#955,.T.);
#955 = LINE('',#956,#957);
#956 = CARTESIAN_POINT('',(1.,0.8,3.8));
#957 = VECTOR('',#958,1.);
#958 = DIRECTION('',(0.,0.,1.));
#959 = ORIENTED_EDGE('',*,*,#481,.F.);
#960 = ORIENTED_EDGE('',*,*,#561,.F.);
#961 = ORIENTED_EDGE('',*,*,#602,.F.);
#962 = ORIENTED_EDGE('',*,*,#450,.F.);
#963 = ORIENTED_EDGE('',*,*,#538,.F.);
#964 = ORIENTED_EDGE('',*,*,#965,.F.);
#965 = EDGE_CURVE('',#945,#531,#966,.T.);
#966 = LINE('',#967,#968);
#967 = CARTESIAN_POINT('',(-1.,0.8,4.8));
#968 = VECTOR('',#969,1.);
#969 = DIRECTION('',(0.,0.,-1.));
#970 = FACE_BOUND('',#971,.F.);
#971 = EDGE_LOOP('',(#972,#982,#990,#998));
#972 = ORIENTED_EDGE('',*,*,#973,.T.);
#973 = EDGE_CURVE('',#974,#976,#978,.T.);
#974 = VERTEX_POINT('',#975);
#975 = CARTESIAN_POINT('',(0.57,0.8,2.25));
#976 = VERTEX_POINT('',#977);
#977 = CARTESIAN_POINT('',(0.57,0.8,2.85));
#978 = LINE('',#979,#980);
#979 = CARTESIAN_POINT('',(0.57,0.8,2.25));
#980 = VECTOR('',#981,1.);
#981 = DIRECTION('',(0.,0.,1.));
#982 = ORIENTED_EDGE('',*,*,#983,.T.);
#983 = EDGE_CURVE('',#976,#984,#986,.T.);
#984 = VERTEX_POINT('',#985);
#985 = CARTESIAN_POINT('',(-0.57,0.8,2.85));
#986 = LINE('',#987,#988);
#987 = CARTESIAN_POINT('',(0.57,0.8,2.85));
#988 = VECTOR('',#989,1.);
#989 = DIRECTION('',(-1.,0.,0.));
#990 = ORIENTED_EDGE('',*,*,#991,.F.);
#991 = EDGE_CURVE('',#992,#984,#994,.T.);
#992 = VERTEX_POINT('',#993);
#993 = CARTESIAN_POINT('',(-0.57,0.8,2.25));
#994 = LINE('',#995,#996);
#995 = CARTESIAN_POINT('',(-0.57,0.8,2.25));
#996 = VECTOR('',#997,1.);
#997 = DIRECTION('',(0.,0.,1.));
#998 = ORIENTED_EDGE('',*,*,#999,.F.);
#999 = EDGE_CURVE('',#974,#992,#1000,.T.);
#1000 = LINE('',#1001,#1002);
#1001 = CARTESIAN_POINT('',(0.57,0.8,2.25));
#1002 = VECTOR('',#1003,1.);
#1003 = DIRECTION('',(-1.,0.,0.));
#1004 = PLANE('',#1005);
#1005 = AXIS2_PLACEMENT_3D('',#1006,#1007,#1008);
#1006 = CARTESIAN_POINT('',(-2.7,0.8,4.8));
#1007 = DIRECTION('',(0.,-1.,0.));
#1008 = DIRECTION('',(1.,0.,0.));
#1009 = ADVANCED_FACE('',(#1010),#1074,.T.);
#1010 = FACE_BOUND('',#1011,.F.);
#1011 = EDGE_LOOP('',(#1012,#1013,#1019,#1020,#1026,#1027,#1035,#1043,
    #1051,#1059,#1067,#1073));
#1012 = ORIENTED_EDGE('',*,*,#719,.T.);
#1013 = ORIENTED_EDGE('',*,*,#1014,.T.);
#1014 = EDGE_CURVE('',#720,#855,#1015,.T.);
#1015 = LINE('',#1016,#1017);
#1016 = CARTESIAN_POINT('',(-1.,0.,-4.8));
#1017 = VECTOR('',#1018,1.);
#1018 = DIRECTION('',(0.,1.,0.));
#1019 = ORIENTED_EDGE('',*,*,#854,.T.);
#1020 = ORIENTED_EDGE('',*,*,#1021,.F.);
#1021 = EDGE_CURVE('',#751,#857,#1022,.T.);
#1022 = LINE('',#1023,#1024);
#1023 = CARTESIAN_POINT('',(1.,0.,-4.8));
#1024 = VECTOR('',#1025,1.);
#1025 = DIRECTION('',(0.,1.,0.));
#1026 = ORIENTED_EDGE('',*,*,#750,.T.);
#1027 = ORIENTED_EDGE('',*,*,#1028,.T.);
#1028 = EDGE_CURVE('',#753,#1029,#1031,.T.);
#1029 = VERTEX_POINT('',#1030);
#1030 = CARTESIAN_POINT('',(2.7,12.8,-4.8));
#1031 = LINE('',#1032,#1033);
#1032 = CARTESIAN_POINT('',(2.7,0.,-4.8));
#1033 = VECTOR('',#1034,1.);
#1034 = DIRECTION('',(0.,1.,0.));
#1035 = ORIENTED_EDGE('',*,*,#1036,.F.);
#1036 = EDGE_CURVE('',#1037,#1029,#1039,.T.);
#1037 = VERTEX_POINT('',#1038);
#1038 = CARTESIAN_POINT('',(1.7,12.8,-4.8));
#1039 = LINE('',#1040,#1041);
#1040 = CARTESIAN_POINT('',(1.7,12.8,-4.8));
#1041 = VECTOR('',#1042,1.);
#1042 = DIRECTION('',(1.,0.,0.));
#1043 = ORIENTED_EDGE('',*,*,#1044,.T.);
#1044 = EDGE_CURVE('',#1037,#1045,#1047,.T.);
#1045 = VERTEX_POINT('',#1046);
#1046 = CARTESIAN_POINT('',(1.7,9.75,-4.8));
#1047 = LINE('',#1048,#1049);
#1048 = CARTESIAN_POINT('',(1.7,12.8,-4.8));
#1049 = VECTOR('',#1050,1.);
#1050 = DIRECTION('',(0.,-1.,0.));
#1051 = ORIENTED_EDGE('',*,*,#1052,.F.);
#1052 = EDGE_CURVE('',#1053,#1045,#1055,.T.);
#1053 = VERTEX_POINT('',#1054);
#1054 = CARTESIAN_POINT('',(-1.7,9.75,-4.8));
#1055 = LINE('',#1056,#1057);
#1056 = CARTESIAN_POINT('',(-1.7,9.75,-4.8));
#1057 = VECTOR('',#1058,1.);
#1058 = DIRECTION('',(1.,0.,0.));
#1059 = ORIENTED_EDGE('',*,*,#1060,.F.);
#1060 = EDGE_CURVE('',#1061,#1053,#1063,.T.);
#1061 = VERTEX_POINT('',#1062);
#1062 = CARTESIAN_POINT('',(-1.7,12.8,-4.8));
#1063 = LINE('',#1064,#1065);
#1064 = CARTESIAN_POINT('',(-1.7,12.8,-4.8));
#1065 = VECTOR('',#1066,1.);
#1066 = DIRECTION('',(0.,-1.,0.));
#1067 = ORIENTED_EDGE('',*,*,#1068,.F.);
#1068 = EDGE_CURVE('',#197,#1061,#1069,.T.);
#1069 = LINE('',#1070,#1071);
#1070 = CARTESIAN_POINT('',(-2.7,12.8,-4.8));
#1071 = VECTOR('',#1072,1.);
#1072 = DIRECTION('',(1.,0.,0.));
#1073 = ORIENTED_EDGE('',*,*,#196,.F.);
#1074 = PLANE('',#1075);
#1075 = AXIS2_PLACEMENT_3D('',#1076,#1077,#1078);
#1076 = CARTESIAN_POINT('',(-2.7,0.,-4.8));
#1077 = DIRECTION('',(0.,0.,-1.));
#1078 = DIRECTION('',(0.,1.,0.));
#1079 = ADVANCED_FACE('',(#1080),#1091,.F.);
#1080 = FACE_BOUND('',#1081,.F.);
#1081 = EDGE_LOOP('',(#1082,#1083,#1089,#1090));
#1082 = ORIENTED_EDGE('',*,*,#736,.T.);
#1083 = ORIENTED_EDGE('',*,*,#1084,.F.);
#1084 = EDGE_CURVE('',#865,#729,#1085,.T.);
#1085 = LINE('',#1086,#1087);
#1086 = CARTESIAN_POINT('',(-1.,0.8,-3.8));
#1087 = VECTOR('',#1088,1.);
#1088 = DIRECTION('',(0.,-1.,0.));
#1089 = ORIENTED_EDGE('',*,*,#864,.T.);
#1090 = ORIENTED_EDGE('',*,*,#1014,.F.);
#1091 = PLANE('',#1092);
#1092 = AXIS2_PLACEMENT_3D('',#1093,#1094,#1095);
#1093 = CARTESIAN_POINT('',(-1.,0.,-3.8));
#1094 = DIRECTION('',(-1.,0.,0.));
#1095 = DIRECTION('',(0.,0.,-1.));
#1096 = ADVANCED_FACE('',(#1097),#1120,.F.);
#1097 = FACE_BOUND('',#1098,.F.);
#1098 = EDGE_LOOP('',(#1099,#1105,#1106,#1112,#1113,#1119));
#1099 = ORIENTED_EDGE('',*,*,#1100,.T.);
#1100 = EDGE_CURVE('',#761,#889,#1101,.T.);
#1101 = LINE('',#1102,#1103);
#1102 = CARTESIAN_POINT('',(1.,0.,-3.8));
#1103 = VECTOR('',#1104,1.);
#1104 = DIRECTION('',(0.,1.,0.));
#1105 = ORIENTED_EDGE('',*,*,#888,.T.);
#1106 = ORIENTED_EDGE('',*,*,#1107,.F.);
#1107 = EDGE_CURVE('',#396,#881,#1108,.T.);
#1108 = LINE('',#1109,#1110);
#1109 = CARTESIAN_POINT('',(1.3,0.2,-3.8));
#1110 = VECTOR('',#1111,1.);
#1111 = DIRECTION('',(0.,1.,0.));
#1112 = ORIENTED_EDGE('',*,*,#395,.T.);
#1113 = ORIENTED_EDGE('',*,*,#1114,.F.);
#1114 = EDGE_CURVE('',#769,#388,#1115,.T.);
#1115 = LINE('',#1116,#1117);
#1116 = CARTESIAN_POINT('',(2.7,0.,-3.8));
#1117 = VECTOR('',#1118,1.);
#1118 = DIRECTION('',(0.,1.,0.));
#1119 = ORIENTED_EDGE('',*,*,#768,.F.);
#1120 = PLANE('',#1121);
#1121 = AXIS2_PLACEMENT_3D('',#1122,#1123,#1124);
#1122 = CARTESIAN_POINT('',(-1.3,0.,-3.8));
#1123 = DIRECTION('',(0.,0.,-1.));
#1124 = DIRECTION('',(1.,0.,0.));
#1125 = ADVANCED_FACE('',(#1126),#1134,.F.);
#1126 = FACE_BOUND('',#1127,.F.);
#1127 = EDGE_LOOP('',(#1128,#1129,#1130,#1131,#1132,#1133));
#1128 = ORIENTED_EDGE('',*,*,#1084,.T.);
#1129 = ORIENTED_EDGE('',*,*,#728,.F.);
#1130 = ORIENTED_EDGE('',*,*,#180,.T.);
#1131 = ORIENTED_EDGE('',*,*,#322,.T.);
#1132 = ORIENTED_EDGE('',*,*,#840,.T.);
#1133 = ORIENTED_EDGE('',*,*,#872,.T.);
#1134 = PLANE('',#1135);
#1135 = AXIS2_PLACEMENT_3D('',#1136,#1137,#1138);
#1136 = CARTESIAN_POINT('',(-1.3,0.,-3.8));
#1137 = DIRECTION('',(0.,0.,-1.));
#1138 = DIRECTION('',(1.,0.,0.));
#1139 = ADVANCED_FACE('',(#1140),#1146,.F.);
#1140 = FACE_BOUND('',#1141,.F.);
#1141 = EDGE_LOOP('',(#1142,#1143,#1144,#1145));
#1142 = ORIENTED_EDGE('',*,*,#760,.F.);
#1143 = ORIENTED_EDGE('',*,*,#1021,.T.);
#1144 = ORIENTED_EDGE('',*,*,#896,.T.);
#1145 = ORIENTED_EDGE('',*,*,#1100,.F.);
#1146 = PLANE('',#1147);
#1147 = AXIS2_PLACEMENT_3D('',#1148,#1149,#1150);
#1148 = CARTESIAN_POINT('',(1.,0.,-4.8));
#1149 = DIRECTION('',(1.,0.,0.));
#1150 = DIRECTION('',(0.,0.,1.));
#1151 = ADVANCED_FACE('',(#1152),#1158,.F.);
#1152 = FACE_BOUND('',#1153,.F.);
#1153 = EDGE_LOOP('',(#1154,#1155,#1156,#1157));
#1154 = ORIENTED_EDGE('',*,*,#403,.F.);
#1155 = ORIENTED_EDGE('',*,*,#1107,.T.);
#1156 = ORIENTED_EDGE('',*,*,#880,.T.);
#1157 = ORIENTED_EDGE('',*,*,#808,.F.);
#1158 = PLANE('',#1159);
#1159 = AXIS2_PLACEMENT_3D('',#1160,#1161,#1162);
#1160 = CARTESIAN_POINT('',(1.3,0.,-3.8));
#1161 = DIRECTION('',(1.,0.,0.));
#1162 = DIRECTION('',(0.,0.,1.));
#1163 = ADVANCED_FACE('',(#1164),#1184,.T.);
#1164 = FACE_BOUND('',#1165,.F.);
#1165 = EDGE_LOOP('',(#1166,#1174,#1180,#1181,#1182,#1183));
#1166 = ORIENTED_EDGE('',*,*,#1167,.F.);
#1167 = EDGE_CURVE('',#1168,#379,#1170,.T.);
#1168 = VERTEX_POINT('',#1169);
#1169 = CARTESIAN_POINT('',(2.7,12.8,2.2));
#1170 = LINE('',#1171,#1172);
#1171 = CARTESIAN_POINT('',(2.7,12.8,2.2));
#1172 = VECTOR('',#1173,1.);
#1173 = DIRECTION('',(0.,-1.,0.));
#1174 = ORIENTED_EDGE('',*,*,#1175,.F.);
#1175 = EDGE_CURVE('',#1029,#1168,#1176,.T.);
#1176 = LINE('',#1177,#1178);
#1177 = CARTESIAN_POINT('',(2.7,12.8,-4.8));
#1178 = VECTOR('',#1179,1.);
#1179 = DIRECTION('',(0.,0.,1.));
#1180 = ORIENTED_EDGE('',*,*,#1028,.F.);
#1181 = ORIENTED_EDGE('',*,*,#776,.F.);
#1182 = ORIENTED_EDGE('',*,*,#1114,.T.);
#1183 = ORIENTED_EDGE('',*,*,#387,.T.);
#1184 = PLANE('',#1185);
#1185 = AXIS2_PLACEMENT_3D('',#1186,#1187,#1188);
#1186 = CARTESIAN_POINT('',(2.7,0.,0.));
#1187 = DIRECTION('',(1.,0.,0.));
#1188 = DIRECTION('',(0.,0.,-1.));
#1189 = ADVANCED_FACE('',(#1190),#1217,.T.);
#1190 = FACE_BOUND('',#1191,.F.);
#1191 = EDGE_LOOP('',(#1192,#1200,#1201,#1202,#1203,#1211));
#1192 = ORIENTED_EDGE('',*,*,#1193,.T.);
#1193 = EDGE_CURVE('',#1194,#371,#1196,.T.);
#1194 = VERTEX_POINT('',#1195);
#1195 = CARTESIAN_POINT('',(2.7,12.8,3.));
#1196 = LINE('',#1197,#1198);
#1197 = CARTESIAN_POINT('',(2.7,12.8,3.));
#1198 = VECTOR('',#1199,1.);
#1199 = DIRECTION('',(0.,-1.,0.));
#1200 = ORIENTED_EDGE('',*,*,#370,.T.);
#1201 = ORIENTED_EDGE('',*,*,#505,.F.);
#1202 = ORIENTED_EDGE('',*,*,#698,.F.);
#1203 = ORIENTED_EDGE('',*,*,#1204,.F.);
#1204 = EDGE_CURVE('',#1205,#691,#1207,.T.);
#1205 = VERTEX_POINT('',#1206);
#1206 = CARTESIAN_POINT('',(2.7,12.8,4.8));
#1207 = LINE('',#1208,#1209);
#1208 = CARTESIAN_POINT('',(2.7,12.8,4.8));
#1209 = VECTOR('',#1210,1.);
#1210 = DIRECTION('',(0.,-1.,0.));
#1211 = ORIENTED_EDGE('',*,*,#1212,.F.);
#1212 = EDGE_CURVE('',#1194,#1205,#1213,.T.);
#1213 = LINE('',#1214,#1215);
#1214 = CARTESIAN_POINT('',(2.7,12.8,3.));
#1215 = VECTOR('',#1216,1.);
#1216 = DIRECTION('',(0.,0.,1.));
#1217 = PLANE('',#1218);
#1218 = AXIS2_PLACEMENT_3D('',#1219,#1220,#1221);
#1219 = CARTESIAN_POINT('',(2.7,0.,0.));
#1220 = DIRECTION('',(1.,0.,0.));
#1221 = DIRECTION('',(0.,0.,-1.));
#1222 = ADVANCED_FACE('',(#1223),#1235,.T.);
#1223 = FACE_BOUND('',#1224,.T.);
#1224 = EDGE_LOOP('',(#1225,#1232,#1233,#1234));
#1225 = ORIENTED_EDGE('',*,*,#1226,.T.);
#1226 = EDGE_CURVE('',#1168,#1194,#1227,.T.);
#1227 = CIRCLE('',#1228,0.4);
#1228 = AXIS2_PLACEMENT_3D('',#1229,#1230,#1231);
#1229 = CARTESIAN_POINT('',(2.7,12.8,2.6));
#1230 = DIRECTION('',(0.,-1.,0.));
#1231 = DIRECTION('',(0.,0.,-1.));
#1232 = ORIENTED_EDGE('',*,*,#1193,.T.);
#1233 = ORIENTED_EDGE('',*,*,#378,.F.);
#1234 = ORIENTED_EDGE('',*,*,#1167,.F.);
#1235 = CYLINDRICAL_SURFACE('',#1236,0.4);
#1236 = AXIS2_PLACEMENT_3D('',#1237,#1238,#1239);
#1237 = CARTESIAN_POINT('',(2.7,12.8,2.6));
#1238 = DIRECTION('',(0.,-1.,0.));
#1239 = DIRECTION('',(1.,0.,0.));
#1240 = ADVANCED_FACE('',(#1241,#1270,#1304),#1354,.T.);
#1241 = FACE_BOUND('',#1242,.F.);
#1242 = EDGE_LOOP('',(#1243,#1249,#1250,#1251,#1252,#1253,#1259,#1260,
    #1261,#1262,#1268,#1269));
#1243 = ORIENTED_EDGE('',*,*,#1244,.T.);
#1244 = EDGE_CURVE('',#1061,#1037,#1245,.T.);
#1245 = LINE('',#1246,#1247);
#1246 = CARTESIAN_POINT('',(-1.7,12.8,-4.8));
#1247 = VECTOR('',#1248,1.);
#1248 = DIRECTION('',(1.,0.,0.));
#1249 = ORIENTED_EDGE('',*,*,#1036,.T.);
#1250 = ORIENTED_EDGE('',*,*,#1175,.T.);
#1251 = ORIENTED_EDGE('',*,*,#1226,.T.);
#1252 = ORIENTED_EDGE('',*,*,#1212,.T.);
#1253 = ORIENTED_EDGE('',*,*,#1254,.F.);
#1254 = EDGE_CURVE('',#117,#1205,#1255,.T.);
#1255 = LINE('',#1256,#1257);
#1256 = CARTESIAN_POINT('',(-2.7,12.8,4.8));
#1257 = VECTOR('',#1258,1.);
#1258 = DIRECTION('',(1.,0.,0.));
#1259 = ORIENTED_EDGE('',*,*,#116,.F.);
#1260 = ORIENTED_EDGE('',*,*,#228,.T.);
#1261 = ORIENTED_EDGE('',*,*,#266,.T.);
#1262 = ORIENTED_EDGE('',*,*,#1263,.T.);
#1263 = EDGE_CURVE('',#259,#165,#1264,.T.);
#1264 = LINE('',#1265,#1266);
#1265 = CARTESIAN_POINT('',(-3.1,12.8,-2.99));
#1266 = VECTOR('',#1267,1.);
#1267 = DIRECTION('',(0.707106781187,0.,-0.707106781187));
#1268 = ORIENTED_EDGE('',*,*,#204,.F.);
#1269 = ORIENTED_EDGE('',*,*,#1068,.T.);
#1270 = FACE_BOUND('',#1271,.F.);
#1271 = EDGE_LOOP('',(#1272,#1282,#1290,#1298));
#1272 = ORIENTED_EDGE('',*,*,#1273,.T.);
#1273 = EDGE_CURVE('',#1274,#1276,#1278,.T.);
#1274 = VERTEX_POINT('',#1275);
#1275 = CARTESIAN_POINT('',(1.8,12.8,3.9));
#1276 = VERTEX_POINT('',#1277);
#1277 = CARTESIAN_POINT('',(1.8,12.8,0.3));
#1278 = LINE('',#1279,#1280);
#1279 = CARTESIAN_POINT('',(1.8,12.8,3.9));
#1280 = VECTOR('',#1281,1.);
#1281 = DIRECTION('',(0.,0.,-1.));
#1282 = ORIENTED_EDGE('',*,*,#1283,.T.);
#1283 = EDGE_CURVE('',#1276,#1284,#1286,.T.);
#1284 = VERTEX_POINT('',#1285);
#1285 = CARTESIAN_POINT('',(-1.8,12.8,0.3));
#1286 = LINE('',#1287,#1288);
#1287 = CARTESIAN_POINT('',(1.8,12.8,0.3));
#1288 = VECTOR('',#1289,1.);
#1289 = DIRECTION('',(-1.,0.,0.));
#1290 = ORIENTED_EDGE('',*,*,#1291,.T.);
#1291 = EDGE_CURVE('',#1284,#1292,#1294,.T.);
#1292 = VERTEX_POINT('',#1293);
#1293 = CARTESIAN_POINT('',(-1.8,12.8,3.9));
#1294 = LINE('',#1295,#1296);
#1295 = CARTESIAN_POINT('',(-1.8,12.8,0.3));
#1296 = VECTOR('',#1297,1.);
#1297 = DIRECTION('',(0.,0.,1.));
#1298 = ORIENTED_EDGE('',*,*,#1299,.T.);
#1299 = EDGE_CURVE('',#1292,#1274,#1300,.T.);
#1300 = LINE('',#1301,#1302);
#1301 = CARTESIAN_POINT('',(-1.8,12.8,3.9));
#1302 = VECTOR('',#1303,1.);
#1303 = DIRECTION('',(1.,0.,0.));
#1304 = FACE_BOUND('',#1305,.F.);
#1305 = EDGE_LOOP('',(#1306,#1316,#1324,#1332,#1340,#1348));
#1306 = ORIENTED_EDGE('',*,*,#1307,.T.);
#1307 = EDGE_CURVE('',#1308,#1310,#1312,.T.);
#1308 = VERTEX_POINT('',#1309);
#1309 = CARTESIAN_POINT('',(1.8,12.8,-1.2));
#1310 = VERTEX_POINT('',#1311);
#1311 = CARTESIAN_POINT('',(1.8,12.8,-3.9));
#1312 = LINE('',#1313,#1314);
#1313 = CARTESIAN_POINT('',(1.8,12.8,-1.2));
#1314 = VECTOR('',#1315,1.);
#1315 = DIRECTION('',(0.,0.,-1.));
#1316 = ORIENTED_EDGE('',*,*,#1317,.T.);
#1317 = EDGE_CURVE('',#1310,#1318,#1320,.T.);
#1318 = VERTEX_POINT('',#1319);
#1319 = CARTESIAN_POINT('',(-1.8,12.8,-3.9));
#1320 = LINE('',#1321,#1322);
#1321 = CARTESIAN_POINT('',(1.8,12.8,-3.9));
#1322 = VECTOR('',#1323,1.);
#1323 = DIRECTION('',(-1.,0.,0.));
#1324 = ORIENTED_EDGE('',*,*,#1325,.T.);
#1325 = EDGE_CURVE('',#1318,#1326,#1328,.T.);
#1326 = VERTEX_POINT('',#1327);
#1327 = CARTESIAN_POINT('',(-1.8,12.8,-1.2));
#1328 = LINE('',#1329,#1330);
#1329 = CARTESIAN_POINT('',(-1.8,12.8,-3.9));
#1330 = VECTOR('',#1331,1.);
#1331 = DIRECTION('',(0.,0.,1.));
#1332 = ORIENTED_EDGE('',*,*,#1333,.T.);
#1333 = EDGE_CURVE('',#1326,#1334,#1336,.T.);
#1334 = VERTEX_POINT('',#1335);
#1335 = CARTESIAN_POINT('',(-0.9,12.8,-0.3));
#1336 = LINE('',#1337,#1338);
#1337 = CARTESIAN_POINT('',(-1.8,12.8,-1.2));
#1338 = VECTOR('',#1339,1.);
#1339 = DIRECTION('',(0.707106781187,0.,0.707106781187));
#1340 = ORIENTED_EDGE('',*,*,#1341,.T.);
#1341 = EDGE_CURVE('',#1334,#1342,#1344,.T.);
#1342 = VERTEX_POINT('',#1343);
#1343 = CARTESIAN_POINT('',(0.9,12.8,-0.3));
#1344 = LINE('',#1345,#1346);
#1345 = CARTESIAN_POINT('',(-0.9,12.8,-0.3));
#1346 = VECTOR('',#1347,1.);
#1347 = DIRECTION('',(1.,0.,0.));
#1348 = ORIENTED_EDGE('',*,*,#1349,.T.);
#1349 = EDGE_CURVE('',#1342,#1308,#1350,.T.);
#1350 = LINE('',#1351,#1352);
#1351 = CARTESIAN_POINT('',(0.9,12.8,-0.3));
#1352 = VECTOR('',#1353,1.);
#1353 = DIRECTION('',(0.707106781187,0.,-0.707106781187));
#1354 = PLANE('',#1355);
#1355 = AXIS2_PLACEMENT_3D('',#1356,#1357,#1358);
#1356 = CARTESIAN_POINT('',(-2.7,12.8,-4.8));
#1357 = DIRECTION('',(0.,1.,0.));
#1358 = DIRECTION('',(0.,-0.,1.));
#1359 = ADVANCED_FACE('',(#1360),#1385,.T.);
#1360 = FACE_BOUND('',#1361,.F.);
#1361 = EDGE_LOOP('',(#1362,#1363,#1371,#1379));
#1362 = ORIENTED_EDGE('',*,*,#1244,.F.);
#1363 = ORIENTED_EDGE('',*,*,#1364,.F.);
#1364 = EDGE_CURVE('',#1365,#1061,#1367,.T.);
#1365 = VERTEX_POINT('',#1366);
#1366 = CARTESIAN_POINT('',(-1.7,10.45,-6.2));
#1367 = LINE('',#1368,#1369);
#1368 = CARTESIAN_POINT('',(-1.7,10.45,-6.2));
#1369 = VECTOR('',#1370,1.);
#1370 = DIRECTION('',(0.,0.859101543909,0.511805175095));
#1371 = ORIENTED_EDGE('',*,*,#1372,.T.);
#1372 = EDGE_CURVE('',#1365,#1373,#1375,.T.);
#1373 = VERTEX_POINT('',#1374);
#1374 = CARTESIAN_POINT('',(1.7,10.45,-6.2));
#1375 = LINE('',#1376,#1377);
#1376 = CARTESIAN_POINT('',(-1.7,10.45,-6.2));
#1377 = VECTOR('',#1378,1.);
#1378 = DIRECTION('',(1.,0.,0.));
#1379 = ORIENTED_EDGE('',*,*,#1380,.T.);
#1380 = EDGE_CURVE('',#1373,#1037,#1381,.T.);
#1381 = LINE('',#1382,#1383);
#1382 = CARTESIAN_POINT('',(1.7,10.45,-6.2));
#1383 = VECTOR('',#1384,1.);
#1384 = DIRECTION('',(0.,0.859101543909,0.511805175095));
#1385 = PLANE('',#1386);
#1386 = AXIS2_PLACEMENT_3D('',#1387,#1388,#1389);
#1387 = CARTESIAN_POINT('',(-1.7,10.45,-6.2));
#1388 = DIRECTION('',(0.,0.511805175095,-0.859101543909));
#1389 = DIRECTION('',(0.,0.859101543909,0.511805175095));
#1390 = ADVANCED_FACE('',(#1391),#1409,.F.);
#1391 = FACE_BOUND('',#1392,.F.);
#1392 = EDGE_LOOP('',(#1393,#1394,#1402,#1408));
#1393 = ORIENTED_EDGE('',*,*,#1060,.T.);
#1394 = ORIENTED_EDGE('',*,*,#1395,.T.);
#1395 = EDGE_CURVE('',#1053,#1396,#1398,.T.);
#1396 = VERTEX_POINT('',#1397);
#1397 = CARTESIAN_POINT('',(-1.7,9.75,-6.2));
#1398 = LINE('',#1399,#1400);
#1399 = CARTESIAN_POINT('',(-1.7,9.75,-4.8));
#1400 = VECTOR('',#1401,1.);
#1401 = DIRECTION('',(0.,0.,-1.));
#1402 = ORIENTED_EDGE('',*,*,#1403,.T.);
#1403 = EDGE_CURVE('',#1396,#1365,#1404,.T.);
#1404 = LINE('',#1405,#1406);
#1405 = CARTESIAN_POINT('',(-1.7,9.75,-6.2));
#1406 = VECTOR('',#1407,1.);
#1407 = DIRECTION('',(0.,1.,0.));
#1408 = ORIENTED_EDGE('',*,*,#1364,.T.);
#1409 = PLANE('',#1410);
#1410 = AXIS2_PLACEMENT_3D('',#1411,#1412,#1413);
#1411 = CARTESIAN_POINT('',(-1.7,0.,0.));
#1412 = DIRECTION('',(1.,0.,0.));
#1413 = DIRECTION('',(-0.,1.,0.));
#1414 = ADVANCED_FACE('',(#1415),#1433,.T.);
#1415 = FACE_BOUND('',#1416,.F.);
#1416 = EDGE_LOOP('',(#1417,#1418,#1426,#1432));
#1417 = ORIENTED_EDGE('',*,*,#1052,.T.);
#1418 = ORIENTED_EDGE('',*,*,#1419,.T.);
#1419 = EDGE_CURVE('',#1045,#1420,#1422,.T.);
#1420 = VERTEX_POINT('',#1421);
#1421 = CARTESIAN_POINT('',(1.7,9.75,-6.2));
#1422 = LINE('',#1423,#1424);
#1423 = CARTESIAN_POINT('',(1.7,9.75,-4.8));
#1424 = VECTOR('',#1425,1.);
#1425 = DIRECTION('',(0.,0.,-1.));
#1426 = ORIENTED_EDGE('',*,*,#1427,.F.);
#1427 = EDGE_CURVE('',#1396,#1420,#1428,.T.);
#1428 = LINE('',#1429,#1430);
#1429 = CARTESIAN_POINT('',(-1.7,9.75,-6.2));
#1430 = VECTOR('',#1431,1.);
#1431 = DIRECTION('',(1.,0.,0.));
#1432 = ORIENTED_EDGE('',*,*,#1395,.F.);
#1433 = PLANE('',#1434);
#1434 = AXIS2_PLACEMENT_3D('',#1435,#1436,#1437);
#1435 = CARTESIAN_POINT('',(-1.7,9.75,-4.8));
#1436 = DIRECTION('',(0.,-1.,0.));
#1437 = DIRECTION('',(0.,0.,-1.));
#1438 = ADVANCED_FACE('',(#1439),#1450,.T.);
#1439 = FACE_BOUND('',#1440,.F.);
#1440 = EDGE_LOOP('',(#1441,#1442,#1443,#1449));
#1441 = ORIENTED_EDGE('',*,*,#1044,.F.);
#1442 = ORIENTED_EDGE('',*,*,#1380,.F.);
#1443 = ORIENTED_EDGE('',*,*,#1444,.F.);
#1444 = EDGE_CURVE('',#1420,#1373,#1445,.T.);
#1445 = LINE('',#1446,#1447);
#1446 = CARTESIAN_POINT('',(1.7,9.75,-6.2));
#1447 = VECTOR('',#1448,1.);
#1448 = DIRECTION('',(0.,1.,0.));
#1449 = ORIENTED_EDGE('',*,*,#1419,.F.);
#1450 = PLANE('',#1451);
#1451 = AXIS2_PLACEMENT_3D('',#1452,#1453,#1454);
#1452 = CARTESIAN_POINT('',(1.7,0.,0.));
#1453 = DIRECTION('',(1.,0.,0.));
#1454 = DIRECTION('',(-0.,1.,0.));
#1455 = ADVANCED_FACE('',(#1456),#1462,.T.);
#1456 = FACE_BOUND('',#1457,.F.);
#1457 = EDGE_LOOP('',(#1458,#1459,#1460,#1461));
#1458 = ORIENTED_EDGE('',*,*,#1403,.F.);
#1459 = ORIENTED_EDGE('',*,*,#1427,.T.);
#1460 = ORIENTED_EDGE('',*,*,#1444,.T.);
#1461 = ORIENTED_EDGE('',*,*,#1372,.F.);
#1462 = PLANE('',#1463);
#1463 = AXIS2_PLACEMENT_3D('',#1464,#1465,#1466);
#1464 = CARTESIAN_POINT('',(-1.7,9.75,-6.2));
#1465 = DIRECTION('',(0.,0.,-1.));
#1466 = DIRECTION('',(0.,1.,0.));
#1467 = ADVANCED_FACE('',(#1468),#1488,.T.);
#1468 = FACE_BOUND('',#1469,.F.);
#1469 = EDGE_LOOP('',(#1470,#1471,#1472,#1473,#1474,#1475,#1481,#1482));
#1470 = ORIENTED_EDGE('',*,*,#664,.F.);
#1471 = ORIENTED_EDGE('',*,*,#124,.F.);
#1472 = ORIENTED_EDGE('',*,*,#1254,.T.);
#1473 = ORIENTED_EDGE('',*,*,#1204,.T.);
#1474 = ORIENTED_EDGE('',*,*,#688,.F.);
#1475 = ORIENTED_EDGE('',*,*,#1476,.T.);
#1476 = EDGE_CURVE('',#689,#947,#1477,.T.);
#1477 = LINE('',#1478,#1479);
#1478 = CARTESIAN_POINT('',(1.,0.,4.8));
#1479 = VECTOR('',#1480,1.);
#1480 = DIRECTION('',(0.,1.,0.));
#1481 = ORIENTED_EDGE('',*,*,#944,.F.);
#1482 = ORIENTED_EDGE('',*,*,#1483,.F.);
#1483 = EDGE_CURVE('',#665,#945,#1484,.T.);
#1484 = LINE('',#1485,#1486);
#1485 = CARTESIAN_POINT('',(-1.,0.,4.8));
#1486 = VECTOR('',#1487,1.);
#1487 = DIRECTION('',(0.,1.,0.));
#1488 = PLANE('',#1489);
#1489 = AXIS2_PLACEMENT_3D('',#1490,#1491,#1492);
#1490 = CARTESIAN_POINT('',(-2.7,12.8,4.8));
#1491 = DIRECTION('',(0.,0.,1.));
#1492 = DIRECTION('',(0.,-1.,0.));
#1493 = ADVANCED_FACE('',(#1494),#1500,.F.);
#1494 = FACE_BOUND('',#1495,.F.);
#1495 = EDGE_LOOP('',(#1496,#1497,#1498,#1499));
#1496 = ORIENTED_EDGE('',*,*,#705,.T.);
#1497 = ORIENTED_EDGE('',*,*,#489,.F.);
#1498 = ORIENTED_EDGE('',*,*,#954,.T.);
#1499 = ORIENTED_EDGE('',*,*,#1476,.F.);
#1500 = PLANE('',#1501);
#1501 = AXIS2_PLACEMENT_3D('',#1502,#1503,#1504);
#1502 = CARTESIAN_POINT('',(1.,0.,3.8));
#1503 = DIRECTION('',(1.,0.,0.));
#1504 = DIRECTION('',(0.,0.,1.));
#1505 = ADVANCED_FACE('',(#1506),#1512,.F.);
#1506 = FACE_BOUND('',#1507,.F.);
#1507 = EDGE_LOOP('',(#1508,#1509,#1510,#1511));
#1508 = ORIENTED_EDGE('',*,*,#672,.F.);
#1509 = ORIENTED_EDGE('',*,*,#1483,.T.);
#1510 = ORIENTED_EDGE('',*,*,#965,.T.);
#1511 = ORIENTED_EDGE('',*,*,#530,.F.);
#1512 = PLANE('',#1513);
#1513 = AXIS2_PLACEMENT_3D('',#1514,#1515,#1516);
#1514 = CARTESIAN_POINT('',(-1.,0.,4.8));
#1515 = DIRECTION('',(-1.,0.,0.));
#1516 = DIRECTION('',(0.,0.,-1.));
#1517 = ADVANCED_FACE('',(#1518),#1524,.T.);
#1518 = FACE_BOUND('',#1519,.F.);
#1519 = EDGE_LOOP('',(#1520,#1521,#1522,#1523));
#1520 = ORIENTED_EDGE('',*,*,#258,.T.);
#1521 = ORIENTED_EDGE('',*,*,#329,.T.);
#1522 = ORIENTED_EDGE('',*,*,#162,.T.);
#1523 = ORIENTED_EDGE('',*,*,#1263,.F.);
#1524 = PLANE('',#1525);
#1525 = AXIS2_PLACEMENT_3D('',#1526,#1527,#1528);
#1526 = CARTESIAN_POINT('',(-3.1,12.8,-2.99));
#1527 = DIRECTION('',(-0.707106781187,0.,-0.707106781187));
#1528 = DIRECTION('',(0.707106781187,0.,-0.707106781187));
#1529 = ADVANCED_FACE('',(#1530),#1555,.F.);
#1530 = FACE_BOUND('',#1531,.F.);
#1531 = EDGE_LOOP('',(#1532,#1533,#1541,#1549));
#1532 = ORIENTED_EDGE('',*,*,#1273,.F.);
#1533 = ORIENTED_EDGE('',*,*,#1534,.T.);
#1534 = EDGE_CURVE('',#1274,#1535,#1537,.T.);
#1535 = VERTEX_POINT('',#1536);
#1536 = CARTESIAN_POINT('',(1.8,3.7,3.9));
#1537 = LINE('',#1538,#1539);
#1538 = CARTESIAN_POINT('',(1.8,12.8,3.9));
#1539 = VECTOR('',#1540,1.);
#1540 = DIRECTION('',(0.,-1.,0.));
#1541 = ORIENTED_EDGE('',*,*,#1542,.T.);
#1542 = EDGE_CURVE('',#1535,#1543,#1545,.T.);
#1543 = VERTEX_POINT('',#1544);
#1544 = CARTESIAN_POINT('',(1.8,3.7,0.3));
#1545 = LINE('',#1546,#1547);
#1546 = CARTESIAN_POINT('',(1.8,3.7,3.9));
#1547 = VECTOR('',#1548,1.);
#1548 = DIRECTION('',(0.,0.,-1.));
#1549 = ORIENTED_EDGE('',*,*,#1550,.F.);
#1550 = EDGE_CURVE('',#1276,#1543,#1551,.T.);
#1551 = LINE('',#1552,#1553);
#1552 = CARTESIAN_POINT('',(1.8,12.8,0.3));
#1553 = VECTOR('',#1554,1.);
#1554 = DIRECTION('',(0.,-1.,0.));
#1555 = PLANE('',#1556);
#1556 = AXIS2_PLACEMENT_3D('',#1557,#1558,#1559);
#1557 = CARTESIAN_POINT('',(1.8,12.8,3.9));
#1558 = DIRECTION('',(1.,0.,0.));
#1559 = DIRECTION('',(0.,0.,-1.));
#1560 = ADVANCED_FACE('',(#1561),#1579,.F.);
#1561 = FACE_BOUND('',#1562,.F.);
#1562 = EDGE_LOOP('',(#1563,#1564,#1572,#1578));
#1563 = ORIENTED_EDGE('',*,*,#1299,.F.);
#1564 = ORIENTED_EDGE('',*,*,#1565,.T.);
#1565 = EDGE_CURVE('',#1292,#1566,#1568,.T.);
#1566 = VERTEX_POINT('',#1567);
#1567 = CARTESIAN_POINT('',(-1.8,3.7,3.9));
#1568 = LINE('',#1569,#1570);
#1569 = CARTESIAN_POINT('',(-1.8,12.8,3.9));
#1570 = VECTOR('',#1571,1.);
#1571 = DIRECTION('',(0.,-1.,0.));
#1572 = ORIENTED_EDGE('',*,*,#1573,.T.);
#1573 = EDGE_CURVE('',#1566,#1535,#1574,.T.);
#1574 = LINE('',#1575,#1576);
#1575 = CARTESIAN_POINT('',(-1.8,3.7,3.9));
#1576 = VECTOR('',#1577,1.);
#1577 = DIRECTION('',(1.,0.,0.));
#1578 = ORIENTED_EDGE('',*,*,#1534,.F.);
#1579 = PLANE('',#1580);
#1580 = AXIS2_PLACEMENT_3D('',#1581,#1582,#1583);
#1581 = CARTESIAN_POINT('',(-1.8,12.8,3.9));
#1582 = DIRECTION('',(0.,0.,1.));
#1583 = DIRECTION('',(1.,0.,-0.));
#1584 = ADVANCED_FACE('',(#1585),#1603,.F.);
#1585 = FACE_BOUND('',#1586,.F.);
#1586 = EDGE_LOOP('',(#1587,#1588,#1596,#1602));
#1587 = ORIENTED_EDGE('',*,*,#1291,.F.);
#1588 = ORIENTED_EDGE('',*,*,#1589,.T.);
#1589 = EDGE_CURVE('',#1284,#1590,#1592,.T.);
#1590 = VERTEX_POINT('',#1591);
#1591 = CARTESIAN_POINT('',(-1.8,3.7,0.3));
#1592 = LINE('',#1593,#1594);
#1593 = CARTESIAN_POINT('',(-1.8,12.8,0.3));
#1594 = VECTOR('',#1595,1.);
#1595 = DIRECTION('',(0.,-1.,0.));
#1596 = ORIENTED_EDGE('',*,*,#1597,.T.);
#1597 = EDGE_CURVE('',#1590,#1566,#1598,.T.);
#1598 = LINE('',#1599,#1600);
#1599 = CARTESIAN_POINT('',(-1.8,3.7,0.3));
#1600 = VECTOR('',#1601,1.);
#1601 = DIRECTION('',(0.,0.,1.));
#1602 = ORIENTED_EDGE('',*,*,#1565,.F.);
#1603 = PLANE('',#1604);
#1604 = AXIS2_PLACEMENT_3D('',#1605,#1606,#1607);
#1605 = CARTESIAN_POINT('',(-1.8,12.8,0.3));
#1606 = DIRECTION('',(-1.,0.,0.));
#1607 = DIRECTION('',(0.,0.,1.));
#1608 = ADVANCED_FACE('',(#1609),#1620,.F.);
#1609 = FACE_BOUND('',#1610,.F.);
#1610 = EDGE_LOOP('',(#1611,#1612,#1613,#1619));
#1611 = ORIENTED_EDGE('',*,*,#1283,.F.);
#1612 = ORIENTED_EDGE('',*,*,#1550,.T.);
#1613 = ORIENTED_EDGE('',*,*,#1614,.T.);
#1614 = EDGE_CURVE('',#1543,#1590,#1615,.T.);
#1615 = LINE('',#1616,#1617);
#1616 = CARTESIAN_POINT('',(1.8,3.7,0.3));
#1617 = VECTOR('',#1618,1.);
#1618 = DIRECTION('',(-1.,0.,0.));
#1619 = ORIENTED_EDGE('',*,*,#1589,.F.);
#1620 = PLANE('',#1621);
#1621 = AXIS2_PLACEMENT_3D('',#1622,#1623,#1624);
#1622 = CARTESIAN_POINT('',(1.8,12.8,0.3));
#1623 = DIRECTION('',(0.,0.,-1.));
#1624 = DIRECTION('',(-1.,0.,0.));
#1625 = ADVANCED_FACE('',(#1626,#1632),#1666,.T.);
#1626 = FACE_BOUND('',#1627,.F.);
#1627 = EDGE_LOOP('',(#1628,#1629,#1630,#1631));
#1628 = ORIENTED_EDGE('',*,*,#1542,.F.);
#1629 = ORIENTED_EDGE('',*,*,#1573,.F.);
#1630 = ORIENTED_EDGE('',*,*,#1597,.F.);
#1631 = ORIENTED_EDGE('',*,*,#1614,.F.);
#1632 = FACE_BOUND('',#1633,.F.);
#1633 = EDGE_LOOP('',(#1634,#1644,#1652,#1660));
#1634 = ORIENTED_EDGE('',*,*,#1635,.F.);
#1635 = EDGE_CURVE('',#1636,#1638,#1640,.T.);
#1636 = VERTEX_POINT('',#1637);
#1637 = CARTESIAN_POINT('',(0.57,3.7,1.31));
#1638 = VERTEX_POINT('',#1639);
#1639 = CARTESIAN_POINT('',(0.57,3.7,2.85));
#1640 = LINE('',#1641,#1642);
#1641 = CARTESIAN_POINT('',(0.57,3.7,1.31));
#1642 = VECTOR('',#1643,1.);
#1643 = DIRECTION('',(0.,0.,1.));
#1644 = ORIENTED_EDGE('',*,*,#1645,.T.);
#1645 = EDGE_CURVE('',#1636,#1646,#1648,.T.);
#1646 = VERTEX_POINT('',#1647);
#1647 = CARTESIAN_POINT('',(-0.57,3.7,1.31));
#1648 = LINE('',#1649,#1650);
#1649 = CARTESIAN_POINT('',(0.57,3.7,1.31));
#1650 = VECTOR('',#1651,1.);
#1651 = DIRECTION('',(-1.,0.,0.));
#1652 = ORIENTED_EDGE('',*,*,#1653,.T.);
#1653 = EDGE_CURVE('',#1646,#1654,#1656,.T.);
#1654 = VERTEX_POINT('',#1655);
#1655 = CARTESIAN_POINT('',(-0.57,3.7,2.85));
#1656 = LINE('',#1657,#1658);
#1657 = CARTESIAN_POINT('',(-0.57,3.7,1.31));
#1658 = VECTOR('',#1659,1.);
#1659 = DIRECTION('',(0.,0.,1.));
#1660 = ORIENTED_EDGE('',*,*,#1661,.F.);
#1661 = EDGE_CURVE('',#1638,#1654,#1662,.T.);
#1662 = LINE('',#1663,#1664);
#1663 = CARTESIAN_POINT('',(0.57,3.7,2.85));
#1664 = VECTOR('',#1665,1.);
#1665 = DIRECTION('',(-1.,0.,0.));
#1666 = PLANE('',#1667);
#1667 = AXIS2_PLACEMENT_3D('',#1668,#1669,#1670);
#1668 = CARTESIAN_POINT('',(-2.7,3.7,-4.8));
#1669 = DIRECTION('',(0.,1.,0.));
#1670 = DIRECTION('',(-1.,0.,0.));
#1671 = ADVANCED_FACE('',(#1672,#1722),#1756,.T.);
#1672 = FACE_BOUND('',#1673,.F.);
#1673 = EDGE_LOOP('',(#1674,#1684,#1692,#1700,#1708,#1716));
#1674 = ORIENTED_EDGE('',*,*,#1675,.F.);
#1675 = EDGE_CURVE('',#1676,#1678,#1680,.T.);
#1676 = VERTEX_POINT('',#1677);
#1677 = CARTESIAN_POINT('',(1.8,3.7,-1.2));
#1678 = VERTEX_POINT('',#1679);
#1679 = CARTESIAN_POINT('',(1.8,3.7,-3.9));
#1680 = LINE('',#1681,#1682);
#1681 = CARTESIAN_POINT('',(1.8,3.7,-1.2));
#1682 = VECTOR('',#1683,1.);
#1683 = DIRECTION('',(0.,0.,-1.));
#1684 = ORIENTED_EDGE('',*,*,#1685,.F.);
#1685 = EDGE_CURVE('',#1686,#1676,#1688,.T.);
#1686 = VERTEX_POINT('',#1687);
#1687 = CARTESIAN_POINT('',(0.9,3.7,-0.3));
#1688 = LINE('',#1689,#1690);
#1689 = CARTESIAN_POINT('',(0.9,3.7,-0.3));
#1690 = VECTOR('',#1691,1.);
#1691 = DIRECTION('',(0.707106781187,0.,-0.707106781187));
#1692 = ORIENTED_EDGE('',*,*,#1693,.F.);
#1693 = EDGE_CURVE('',#1694,#1686,#1696,.T.);
#1694 = VERTEX_POINT('',#1695);
#1695 = CARTESIAN_POINT('',(-0.9,3.7,-0.3));
#1696 = LINE('',#1697,#1698);
#1697 = CARTESIAN_POINT('',(-0.9,3.7,-0.3));
#1698 = VECTOR('',#1699,1.);
#1699 = DIRECTION('',(1.,0.,0.));
#1700 = ORIENTED_EDGE('',*,*,#1701,.F.);
#1701 = EDGE_CURVE('',#1702,#1694,#1704,.T.);
#1702 = VERTEX_POINT('',#1703);
#1703 = CARTESIAN_POINT('',(-1.8,3.7,-1.2));
#1704 = LINE('',#1705,#1706);
#1705 = CARTESIAN_POINT('',(-1.8,3.7,-1.2));
#1706 = VECTOR('',#1707,1.);
#1707 = DIRECTION('',(0.707106781187,0.,0.707106781187));
#1708 = ORIENTED_EDGE('',*,*,#1709,.F.);
#1709 = EDGE_CURVE('',#1710,#1702,#1712,.T.);
#1710 = VERTEX_POINT('',#1711);
#1711 = CARTESIAN_POINT('',(-1.8,3.7,-3.9));
#1712 = LINE('',#1713,#1714);
#1713 = CARTESIAN_POINT('',(-1.8,3.7,-3.9));
#1714 = VECTOR('',#1715,1.);
#1715 = DIRECTION('',(0.,0.,1.));
#1716 = ORIENTED_EDGE('',*,*,#1717,.F.);
#1717 = EDGE_CURVE('',#1678,#1710,#1718,.T.);
#1718 = LINE('',#1719,#1720);
#1719 = CARTESIAN_POINT('',(1.8,3.7,-3.9));
#1720 = VECTOR('',#1721,1.);
#1721 = DIRECTION('',(-1.,0.,0.));
#1722 = FACE_BOUND('',#1723,.F.);
#1723 = EDGE_LOOP('',(#1724,#1734,#1742,#1750));
#1724 = ORIENTED_EDGE('',*,*,#1725,.F.);
#1725 = EDGE_CURVE('',#1726,#1728,#1730,.T.);
#1726 = VERTEX_POINT('',#1727);
#1727 = CARTESIAN_POINT('',(0.57,3.7,-3.25));
#1728 = VERTEX_POINT('',#1729);
#1729 = CARTESIAN_POINT('',(0.57,3.7,-1.71));
#1730 = LINE('',#1731,#1732);
#1731 = CARTESIAN_POINT('',(0.57,3.7,-3.25));
#1732 = VECTOR('',#1733,1.);
#1733 = DIRECTION('',(0.,0.,1.));
#1734 = ORIENTED_EDGE('',*,*,#1735,.T.);
#1735 = EDGE_CURVE('',#1726,#1736,#1738,.T.);
#1736 = VERTEX_POINT('',#1737);
#1737 = CARTESIAN_POINT('',(-0.57,3.7,-3.25));
#1738 = LINE('',#1739,#1740);
#1739 = CARTESIAN_POINT('',(0.57,3.7,-3.25));
#1740 = VECTOR('',#1741,1.);
#1741 = DIRECTION('',(-1.,0.,0.));
#1742 = ORIENTED_EDGE('',*,*,#1743,.T.);
#1743 = EDGE_CURVE('',#1736,#1744,#1746,.T.);
#1744 = VERTEX_POINT('',#1745);
#1745 = CARTESIAN_POINT('',(-0.57,3.7,-1.71));
#1746 = LINE('',#1747,#1748);
#1747 = CARTESIAN_POINT('',(-0.57,3.7,-3.25));
#1748 = VECTOR('',#1749,1.);
#1749 = DIRECTION('',(0.,0.,1.));
#1750 = ORIENTED_EDGE('',*,*,#1751,.F.);
#1751 = EDGE_CURVE('',#1728,#1744,#1752,.T.);
#1752 = LINE('',#1753,#1754);
#1753 = CARTESIAN_POINT('',(0.57,3.7,-1.71));
#1754 = VECTOR('',#1755,1.);
#1755 = DIRECTION('',(-1.,0.,0.));
#1756 = PLANE('',#1757);
#1757 = AXIS2_PLACEMENT_3D('',#1758,#1759,#1760);
#1758 = CARTESIAN_POINT('',(-2.7,3.7,-4.8));
#1759 = DIRECTION('',(0.,1.,0.));
#1760 = DIRECTION('',(-1.,0.,0.));
#1761 = ADVANCED_FACE('',(#1762),#1778,.F.);
#1762 = FACE_BOUND('',#1763,.F.);
#1763 = EDGE_LOOP('',(#1764,#1765,#1771,#1772));
#1764 = ORIENTED_EDGE('',*,*,#1307,.F.);
#1765 = ORIENTED_EDGE('',*,*,#1766,.T.);
#1766 = EDGE_CURVE('',#1308,#1676,#1767,.T.);
#1767 = LINE('',#1768,#1769);
#1768 = CARTESIAN_POINT('',(1.8,12.8,-1.2));
#1769 = VECTOR('',#1770,1.);
#1770 = DIRECTION('',(0.,-1.,0.));
#1771 = ORIENTED_EDGE('',*,*,#1675,.T.);
#1772 = ORIENTED_EDGE('',*,*,#1773,.F.);
#1773 = EDGE_CURVE('',#1310,#1678,#1774,.T.);
#1774 = LINE('',#1775,#1776);
#1775 = CARTESIAN_POINT('',(1.8,12.8,-3.9));
#1776 = VECTOR('',#1777,1.);
#1777 = DIRECTION('',(0.,-1.,0.));
#1778 = PLANE('',#1779);
#1779 = AXIS2_PLACEMENT_3D('',#1780,#1781,#1782);
#1780 = CARTESIAN_POINT('',(1.8,12.8,-1.2));
#1781 = DIRECTION('',(1.,0.,0.));
#1782 = DIRECTION('',(0.,0.,-1.));
#1783 = ADVANCED_FACE('',(#1784),#1795,.F.);
#1784 = FACE_BOUND('',#1785,.F.);
#1785 = EDGE_LOOP('',(#1786,#1787,#1793,#1794));
#1786 = ORIENTED_EDGE('',*,*,#1349,.F.);
#1787 = ORIENTED_EDGE('',*,*,#1788,.T.);
#1788 = EDGE_CURVE('',#1342,#1686,#1789,.T.);
#1789 = LINE('',#1790,#1791);
#1790 = CARTESIAN_POINT('',(0.9,12.8,-0.3));
#1791 = VECTOR('',#1792,1.);
#1792 = DIRECTION('',(0.,-1.,0.));
#1793 = ORIENTED_EDGE('',*,*,#1685,.T.);
#1794 = ORIENTED_EDGE('',*,*,#1766,.F.);
#1795 = PLANE('',#1796);
#1796 = AXIS2_PLACEMENT_3D('',#1797,#1798,#1799);
#1797 = CARTESIAN_POINT('',(0.9,12.8,-0.3));
#1798 = DIRECTION('',(0.707106781187,0.,0.707106781187));
#1799 = DIRECTION('',(0.707106781187,0.,-0.707106781187));
#1800 = ADVANCED_FACE('',(#1801),#1812,.F.);
#1801 = FACE_BOUND('',#1802,.F.);
#1802 = EDGE_LOOP('',(#1803,#1804,#1810,#1811));
#1803 = ORIENTED_EDGE('',*,*,#1341,.F.);
#1804 = ORIENTED_EDGE('',*,*,#1805,.T.);
#1805 = EDGE_CURVE('',#1334,#1694,#1806,.T.);
#1806 = LINE('',#1807,#1808);
#1807 = CARTESIAN_POINT('',(-0.9,12.8,-0.3));
#1808 = VECTOR('',#1809,1.);
#1809 = DIRECTION('',(0.,-1.,0.));
#1810 = ORIENTED_EDGE('',*,*,#1693,.T.);
#1811 = ORIENTED_EDGE('',*,*,#1788,.F.);
#1812 = PLANE('',#1813);
#1813 = AXIS2_PLACEMENT_3D('',#1814,#1815,#1816);
#1814 = CARTESIAN_POINT('',(-0.9,12.8,-0.3));
#1815 = DIRECTION('',(0.,0.,1.));
#1816 = DIRECTION('',(1.,0.,-0.));
#1817 = ADVANCED_FACE('',(#1818),#1829,.F.);
#1818 = FACE_BOUND('',#1819,.F.);
#1819 = EDGE_LOOP('',(#1820,#1821,#1827,#1828));
#1820 = ORIENTED_EDGE('',*,*,#1333,.F.);
#1821 = ORIENTED_EDGE('',*,*,#1822,.T.);
#1822 = EDGE_CURVE('',#1326,#1702,#1823,.T.);
#1823 = LINE('',#1824,#1825);
#1824 = CARTESIAN_POINT('',(-1.8,12.8,-1.2));
#1825 = VECTOR('',#1826,1.);
#1826 = DIRECTION('',(0.,-1.,0.));
#1827 = ORIENTED_EDGE('',*,*,#1701,.T.);
#1828 = ORIENTED_EDGE('',*,*,#1805,.F.);
#1829 = PLANE('',#1830);
#1830 = AXIS2_PLACEMENT_3D('',#1831,#1832,#1833);
#1831 = CARTESIAN_POINT('',(-1.8,12.8,-1.2));
#1832 = DIRECTION('',(-0.707106781187,0.,0.707106781187));
#1833 = DIRECTION('',(0.707106781187,0.,0.707106781187));
#1834 = ADVANCED_FACE('',(#1835),#1846,.F.);
#1835 = FACE_BOUND('',#1836,.F.);
#1836 = EDGE_LOOP('',(#1837,#1838,#1844,#1845));
#1837 = ORIENTED_EDGE('',*,*,#1325,.F.);
#1838 = ORIENTED_EDGE('',*,*,#1839,.T.);
#1839 = EDGE_CURVE('',#1318,#1710,#1840,.T.);
#1840 = LINE('',#1841,#1842);
#1841 = CARTESIAN_POINT('',(-1.8,12.8,-3.9));
#1842 = VECTOR('',#1843,1.);
#1843 = DIRECTION('',(0.,-1.,0.));
#1844 = ORIENTED_EDGE('',*,*,#1709,.T.);
#1845 = ORIENTED_EDGE('',*,*,#1822,.F.);
#1846 = PLANE('',#1847);
#1847 = AXIS2_PLACEMENT_3D('',#1848,#1849,#1850);
#1848 = CARTESIAN_POINT('',(-1.8,12.8,-3.9));
#1849 = DIRECTION('',(-1.,0.,0.));
#1850 = DIRECTION('',(0.,0.,1.));
#1851 = ADVANCED_FACE('',(#1852),#1858,.F.);
#1852 = FACE_BOUND('',#1853,.F.);
#1853 = EDGE_LOOP('',(#1854,#1855,#1856,#1857));
#1854 = ORIENTED_EDGE('',*,*,#1317,.F.);
#1855 = ORIENTED_EDGE('',*,*,#1773,.T.);
#1856 = ORIENTED_EDGE('',*,*,#1717,.T.);
#1857 = ORIENTED_EDGE('',*,*,#1839,.F.);
#1858 = PLANE('',#1859);
#1859 = AXIS2_PLACEMENT_3D('',#1860,#1861,#1862);
#1860 = CARTESIAN_POINT('',(1.8,12.8,-3.9));
#1861 = DIRECTION('',(0.,0.,-1.));
#1862 = DIRECTION('',(-1.,0.,0.));
#1863 = ADVANCED_FACE('',(#1864),#1897,.F.);
#1864 = FACE_BOUND('',#1865,.F.);
#1865 = EDGE_LOOP('',(#1866,#1867,#1875,#1883,#1891));
#1866 = ORIENTED_EDGE('',*,*,#1725,.T.);
#1867 = ORIENTED_EDGE('',*,*,#1868,.T.);
#1868 = EDGE_CURVE('',#1728,#1869,#1871,.T.);
#1869 = VERTEX_POINT('',#1870);
#1870 = CARTESIAN_POINT('',(0.57,9.2,-1.71));
#1871 = LINE('',#1872,#1873);
#1872 = CARTESIAN_POINT('',(0.57,3.7,-1.71));
#1873 = VECTOR('',#1874,1.);
#1874 = DIRECTION('',(0.,1.,0.));
#1875 = ORIENTED_EDGE('',*,*,#1876,.T.);
#1876 = EDGE_CURVE('',#1869,#1877,#1879,.T.);
#1877 = VERTEX_POINT('',#1878);
#1878 = CARTESIAN_POINT('',(0.57,9.2,-2.85));
#1879 = LINE('',#1880,#1881);
#1880 = CARTESIAN_POINT('',(0.57,9.2,-1.71));
#1881 = VECTOR('',#1882,1.);
#1882 = DIRECTION('',(0.,0.,-1.));
#1883 = ORIENTED_EDGE('',*,*,#1884,.T.);
#1884 = EDGE_CURVE('',#1877,#1885,#1887,.T.);
#1885 = VERTEX_POINT('',#1886);
#1886 = CARTESIAN_POINT('',(0.57,4.3,-2.85));
#1887 = LINE('',#1888,#1889);
#1888 = CARTESIAN_POINT('',(0.57,9.2,-2.85));
#1889 = VECTOR('',#1890,1.);
#1890 = DIRECTION('',(0.,-1.,0.));
#1891 = ORIENTED_EDGE('',*,*,#1892,.T.);
#1892 = EDGE_CURVE('',#1885,#1726,#1893,.T.);
#1893 = LINE('',#1894,#1895);
#1894 = CARTESIAN_POINT('',(0.57,4.3,-2.85));
#1895 = VECTOR('',#1896,1.);
#1896 = DIRECTION('',(0.,-0.832050294338,-0.554700196225));
#1897 = PLANE('',#1898);
#1898 = AXIS2_PLACEMENT_3D('',#1899,#1900,#1901);
#1899 = CARTESIAN_POINT('',(0.57,0.,0.));
#1900 = DIRECTION('',(-1.,0.,0.));
#1901 = DIRECTION('',(0.,-1.,0.));
#1902 = ADVANCED_FACE('',(#1903),#1936,.F.);
#1903 = FACE_BOUND('',#1904,.F.);
#1904 = EDGE_LOOP('',(#1905,#1906,#1914,#1922,#1930));
#1905 = ORIENTED_EDGE('',*,*,#1635,.T.);
#1906 = ORIENTED_EDGE('',*,*,#1907,.T.);
#1907 = EDGE_CURVE('',#1638,#1908,#1910,.T.);
#1908 = VERTEX_POINT('',#1909);
#1909 = CARTESIAN_POINT('',(0.57,4.3,2.45));
#1910 = LINE('',#1911,#1912);
#1911 = CARTESIAN_POINT('',(0.57,3.7,2.85));
#1912 = VECTOR('',#1913,1.);
#1913 = DIRECTION('',(0.,0.832050294338,-0.554700196225));
#1914 = ORIENTED_EDGE('',*,*,#1915,.T.);
#1915 = EDGE_CURVE('',#1908,#1916,#1918,.T.);
#1916 = VERTEX_POINT('',#1917);
#1917 = CARTESIAN_POINT('',(0.57,9.2,2.45));
#1918 = LINE('',#1919,#1920);
#1919 = CARTESIAN_POINT('',(0.57,4.3,2.45));
#1920 = VECTOR('',#1921,1.);
#1921 = DIRECTION('',(0.,1.,0.));
#1922 = ORIENTED_EDGE('',*,*,#1923,.T.);
#1923 = EDGE_CURVE('',#1916,#1924,#1926,.T.);
#1924 = VERTEX_POINT('',#1925);
#1925 = CARTESIAN_POINT('',(0.57,9.2,1.31));
#1926 = LINE('',#1927,#1928);
#1927 = CARTESIAN_POINT('',(0.57,9.2,2.45));
#1928 = VECTOR('',#1929,1.);
#1929 = DIRECTION('',(0.,0.,-1.));
#1930 = ORIENTED_EDGE('',*,*,#1931,.T.);
#1931 = EDGE_CURVE('',#1924,#1636,#1932,.T.);
#1932 = LINE('',#1933,#1934);
#1933 = CARTESIAN_POINT('',(0.57,9.2,1.31));
#1934 = VECTOR('',#1935,1.);
#1935 = DIRECTION('',(0.,-1.,0.));
#1936 = PLANE('',#1937);
#1937 = AXIS2_PLACEMENT_3D('',#1938,#1939,#1940);
#1938 = CARTESIAN_POINT('',(0.57,0.,0.));
#1939 = DIRECTION('',(-1.,0.,0.));
#1940 = DIRECTION('',(0.,-1.,0.));
#1941 = ADVANCED_FACE('',(#1942),#1975,.F.);
#1942 = FACE_BOUND('',#1943,.F.);
#1943 = EDGE_LOOP('',(#1944,#1952,#1960,#1968,#1974));
#1944 = ORIENTED_EDGE('',*,*,#1945,.T.);
#1945 = EDGE_CURVE('',#974,#1946,#1948,.T.);
#1946 = VERTEX_POINT('',#1947);
#1947 = CARTESIAN_POINT('',(0.57,-2.23,2.25));
#1948 = LINE('',#1949,#1950);
#1949 = CARTESIAN_POINT('',(0.57,0.8,2.25));
#1950 = VECTOR('',#1951,1.);
#1951 = DIRECTION('',(0.,-1.,0.));
#1952 = ORIENTED_EDGE('',*,*,#1953,.T.);
#1953 = EDGE_CURVE('',#1946,#1954,#1956,.T.);
#1954 = VERTEX_POINT('',#1955);
#1955 = CARTESIAN_POINT('',(0.57,-3.5,2.7));
#1956 = LINE('',#1957,#1958);
#1957 = CARTESIAN_POINT('',(0.57,-2.23,2.25));
#1958 = VECTOR('',#1959,1.);
#1959 = DIRECTION('',(0.,-0.942578556478,0.333984527886));
#1960 = ORIENTED_EDGE('',*,*,#1961,.T.);
#1961 = EDGE_CURVE('',#1954,#1962,#1964,.T.);
#1962 = VERTEX_POINT('',#1963);
#1963 = CARTESIAN_POINT('',(0.57,-3.5,2.85));
#1964 = LINE('',#1965,#1966);
#1965 = CARTESIAN_POINT('',(0.57,-3.5,2.7));
#1966 = VECTOR('',#1967,1.);
#1967 = DIRECTION('',(0.,0.,1.));
#1968 = ORIENTED_EDGE('',*,*,#1969,.T.);
#1969 = EDGE_CURVE('',#1962,#976,#1970,.T.);
#1970 = LINE('',#1971,#1972);
#1971 = CARTESIAN_POINT('',(0.57,-3.5,2.85));
#1972 = VECTOR('',#1973,1.);
#1973 = DIRECTION('',(0.,1.,0.));
#1974 = ORIENTED_EDGE('',*,*,#973,.F.);
#1975 = PLANE('',#1976);
#1976 = AXIS2_PLACEMENT_3D('',#1977,#1978,#1979);
#1977 = CARTESIAN_POINT('',(0.57,0.,0.));
#1978 = DIRECTION('',(-1.,0.,0.));
#1979 = DIRECTION('',(0.,-1.,0.));
#1980 = ADVANCED_FACE('',(#1981),#2014,.F.);
#1981 = FACE_BOUND('',#1982,.F.);
#1982 = EDGE_LOOP('',(#1983,#1984,#1992,#2000,#2008));
#1983 = ORIENTED_EDGE('',*,*,#904,.F.);
#1984 = ORIENTED_EDGE('',*,*,#1985,.T.);
#1985 = EDGE_CURVE('',#905,#1986,#1988,.T.);
#1986 = VERTEX_POINT('',#1987);
#1987 = CARTESIAN_POINT('',(0.57,-3.5,-3.25));
#1988 = LINE('',#1989,#1990);
#1989 = CARTESIAN_POINT('',(0.57,0.8,-3.25));
#1990 = VECTOR('',#1991,1.);
#1991 = DIRECTION('',(0.,-1.,0.));
#1992 = ORIENTED_EDGE('',*,*,#1993,.T.);
#1993 = EDGE_CURVE('',#1986,#1994,#1996,.T.);
#1994 = VERTEX_POINT('',#1995);
#1995 = CARTESIAN_POINT('',(0.57,-3.5,-3.1));
#1996 = LINE('',#1997,#1998);
#1997 = CARTESIAN_POINT('',(0.57,-3.5,-3.25));
#1998 = VECTOR('',#1999,1.);
#1999 = DIRECTION('',(0.,0.,1.));
#2000 = ORIENTED_EDGE('',*,*,#2001,.T.);
#2001 = EDGE_CURVE('',#1994,#2002,#2004,.T.);
#2002 = VERTEX_POINT('',#2003);
#2003 = CARTESIAN_POINT('',(0.57,-2.23,-2.65));
#2004 = LINE('',#2005,#2006);
#2005 = CARTESIAN_POINT('',(0.57,-3.5,-3.1));
#2006 = VECTOR('',#2007,1.);
#2007 = DIRECTION('',(0.,0.942578556478,0.333984527886));
#2008 = ORIENTED_EDGE('',*,*,#2009,.T.);
#2009 = EDGE_CURVE('',#2002,#907,#2010,.T.);
#2010 = LINE('',#2011,#2012);
#2011 = CARTESIAN_POINT('',(0.57,-2.23,-2.65));
#2012 = VECTOR('',#2013,1.);
#2013 = DIRECTION('',(0.,1.,0.));
#2014 = PLANE('',#2015);
#2015 = AXIS2_PLACEMENT_3D('',#2016,#2017,#2018);
#2016 = CARTESIAN_POINT('',(0.57,0.,0.));
#2017 = DIRECTION('',(-1.,0.,0.));
#2018 = DIRECTION('',(0.,-1.,0.));
#2019 = ADVANCED_FACE('',(#2020),#2038,.T.);
#2020 = FACE_BOUND('',#2021,.F.);
#2021 = EDGE_LOOP('',(#2022,#2023,#2031,#2037));
#2022 = ORIENTED_EDGE('',*,*,#1751,.T.);
#2023 = ORIENTED_EDGE('',*,*,#2024,.T.);
#2024 = EDGE_CURVE('',#1744,#2025,#2027,.T.);
#2025 = VERTEX_POINT('',#2026);
#2026 = CARTESIAN_POINT('',(-0.57,9.2,-1.71));
#2027 = LINE('',#2028,#2029);
#2028 = CARTESIAN_POINT('',(-0.57,3.7,-1.71));
#2029 = VECTOR('',#2030,1.);
#2030 = DIRECTION('',(0.,1.,0.));
#2031 = ORIENTED_EDGE('',*,*,#2032,.F.);
#2032 = EDGE_CURVE('',#1869,#2025,#2033,.T.);
#2033 = LINE('',#2034,#2035);
#2034 = CARTESIAN_POINT('',(0.57,9.2,-1.71));
#2035 = VECTOR('',#2036,1.);
#2036 = DIRECTION('',(-1.,0.,0.));
#2037 = ORIENTED_EDGE('',*,*,#1868,.F.);
#2038 = PLANE('',#2039);
#2039 = AXIS2_PLACEMENT_3D('',#2040,#2041,#2042);
#2040 = CARTESIAN_POINT('',(0.57,3.7,-1.71));
#2041 = DIRECTION('',(0.,0.,1.));
#2042 = DIRECTION('',(0.,1.,0.));
#2043 = ADVANCED_FACE('',(#2044),#2070,.T.);
#2044 = FACE_BOUND('',#2045,.F.);
#2045 = EDGE_LOOP('',(#2046,#2047,#2055,#2063,#2069));
#2046 = ORIENTED_EDGE('',*,*,#1743,.F.);
#2047 = ORIENTED_EDGE('',*,*,#2048,.F.);
#2048 = EDGE_CURVE('',#2049,#1736,#2051,.T.);
#2049 = VERTEX_POINT('',#2050);
#2050 = CARTESIAN_POINT('',(-0.57,4.3,-2.85));
#2051 = LINE('',#2052,#2053);
#2052 = CARTESIAN_POINT('',(-0.57,4.3,-2.85));
#2053 = VECTOR('',#2054,1.);
#2054 = DIRECTION('',(0.,-0.832050294338,-0.554700196225));
#2055 = ORIENTED_EDGE('',*,*,#2056,.F.);
#2056 = EDGE_CURVE('',#2057,#2049,#2059,.T.);
#2057 = VERTEX_POINT('',#2058);
#2058 = CARTESIAN_POINT('',(-0.57,9.2,-2.85));
#2059 = LINE('',#2060,#2061);
#2060 = CARTESIAN_POINT('',(-0.57,9.2,-2.85));
#2061 = VECTOR('',#2062,1.);
#2062 = DIRECTION('',(0.,-1.,0.));
#2063 = ORIENTED_EDGE('',*,*,#2064,.F.);
#2064 = EDGE_CURVE('',#2025,#2057,#2065,.T.);
#2065 = LINE('',#2066,#2067);
#2066 = CARTESIAN_POINT('',(-0.57,9.2,-1.71));
#2067 = VECTOR('',#2068,1.);
#2068 = DIRECTION('',(0.,0.,-1.));
#2069 = ORIENTED_EDGE('',*,*,#2024,.F.);
#2070 = PLANE('',#2071);
#2071 = AXIS2_PLACEMENT_3D('',#2072,#2073,#2074);
#2072 = CARTESIAN_POINT('',(-0.57,0.,0.));
#2073 = DIRECTION('',(-1.,0.,0.));
#2074 = DIRECTION('',(0.,-1.,0.));
#2075 = ADVANCED_FACE('',(#2076),#2109,.T.);
#2076 = FACE_BOUND('',#2077,.F.);
#2077 = EDGE_LOOP('',(#2078,#2079,#2087,#2095,#2103));
#2078 = ORIENTED_EDGE('',*,*,#1653,.F.);
#2079 = ORIENTED_EDGE('',*,*,#2080,.F.);
#2080 = EDGE_CURVE('',#2081,#1646,#2083,.T.);
#2081 = VERTEX_POINT('',#2082);
#2082 = CARTESIAN_POINT('',(-0.57,9.2,1.31));
#2083 = LINE('',#2084,#2085);
#2084 = CARTESIAN_POINT('',(-0.57,9.2,1.31));
#2085 = VECTOR('',#2086,1.);
#2086 = DIRECTION('',(0.,-1.,0.));
#2087 = ORIENTED_EDGE('',*,*,#2088,.F.);
#2088 = EDGE_CURVE('',#2089,#2081,#2091,.T.);
#2089 = VERTEX_POINT('',#2090);
#2090 = CARTESIAN_POINT('',(-0.57,9.2,2.45));
#2091 = LINE('',#2092,#2093);
#2092 = CARTESIAN_POINT('',(-0.57,9.2,2.45));
#2093 = VECTOR('',#2094,1.);
#2094 = DIRECTION('',(0.,0.,-1.));
#2095 = ORIENTED_EDGE('',*,*,#2096,.F.);
#2096 = EDGE_CURVE('',#2097,#2089,#2099,.T.);
#2097 = VERTEX_POINT('',#2098);
#2098 = CARTESIAN_POINT('',(-0.57,4.3,2.45));
#2099 = LINE('',#2100,#2101);
#2100 = CARTESIAN_POINT('',(-0.57,4.3,2.45));
#2101 = VECTOR('',#2102,1.);
#2102 = DIRECTION('',(0.,1.,0.));
#2103 = ORIENTED_EDGE('',*,*,#2104,.F.);
#2104 = EDGE_CURVE('',#1654,#2097,#2105,.T.);
#2105 = LINE('',#2106,#2107);
#2106 = CARTESIAN_POINT('',(-0.57,3.7,2.85));
#2107 = VECTOR('',#2108,1.);
#2108 = DIRECTION('',(0.,0.832050294338,-0.554700196225));
#2109 = PLANE('',#2110);
#2110 = AXIS2_PLACEMENT_3D('',#2111,#2112,#2113);
#2111 = CARTESIAN_POINT('',(-0.57,0.,0.));
#2112 = DIRECTION('',(-1.,0.,0.));
#2113 = DIRECTION('',(0.,-1.,0.));
#2114 = ADVANCED_FACE('',(#2115),#2148,.T.);
#2115 = FACE_BOUND('',#2116,.F.);
#2116 = EDGE_LOOP('',(#2117,#2125,#2126,#2134,#2142));
#2117 = ORIENTED_EDGE('',*,*,#2118,.F.);
#2118 = EDGE_CURVE('',#992,#2119,#2121,.T.);
#2119 = VERTEX_POINT('',#2120);
#2120 = CARTESIAN_POINT('',(-0.57,-2.23,2.25));
#2121 = LINE('',#2122,#2123);
#2122 = CARTESIAN_POINT('',(-0.57,0.8,2.25));
#2123 = VECTOR('',#2124,1.);
#2124 = DIRECTION('',(0.,-1.,0.));
#2125 = ORIENTED_EDGE('',*,*,#991,.T.);
#2126 = ORIENTED_EDGE('',*,*,#2127,.F.);
#2127 = EDGE_CURVE('',#2128,#984,#2130,.T.);
#2128 = VERTEX_POINT('',#2129);
#2129 = CARTESIAN_POINT('',(-0.57,-3.5,2.85));
#2130 = LINE('',#2131,#2132);
#2131 = CARTESIAN_POINT('',(-0.57,-3.5,2.85));
#2132 = VECTOR('',#2133,1.);
#2133 = DIRECTION('',(0.,1.,0.));
#2134 = ORIENTED_EDGE('',*,*,#2135,.F.);
#2135 = EDGE_CURVE('',#2136,#2128,#2138,.T.);
#2136 = VERTEX_POINT('',#2137);
#2137 = CARTESIAN_POINT('',(-0.57,-3.5,2.7));
#2138 = LINE('',#2139,#2140);
#2139 = CARTESIAN_POINT('',(-0.57,-3.5,2.7));
#2140 = VECTOR('',#2141,1.);
#2141 = DIRECTION('',(0.,0.,1.));
#2142 = ORIENTED_EDGE('',*,*,#2143,.F.);
#2143 = EDGE_CURVE('',#2119,#2136,#2144,.T.);
#2144 = LINE('',#2145,#2146);
#2145 = CARTESIAN_POINT('',(-0.57,-2.23,2.25));
#2146 = VECTOR('',#2147,1.);
#2147 = DIRECTION('',(0.,-0.942578556478,0.333984527886));
#2148 = PLANE('',#2149);
#2149 = AXIS2_PLACEMENT_3D('',#2150,#2151,#2152);
#2150 = CARTESIAN_POINT('',(-0.57,0.,0.));
#2151 = DIRECTION('',(-1.,0.,0.));
#2152 = DIRECTION('',(0.,-1.,0.));
#2153 = ADVANCED_FACE('',(#2154),#2187,.T.);
#2154 = FACE_BOUND('',#2155,.F.);
#2155 = EDGE_LOOP('',(#2156,#2157,#2165,#2173,#2181));
#2156 = ORIENTED_EDGE('',*,*,#922,.T.);
#2157 = ORIENTED_EDGE('',*,*,#2158,.F.);
#2158 = EDGE_CURVE('',#2159,#915,#2161,.T.);
#2159 = VERTEX_POINT('',#2160);
#2160 = CARTESIAN_POINT('',(-0.57,-2.23,-2.65));
#2161 = LINE('',#2162,#2163);
#2162 = CARTESIAN_POINT('',(-0.57,-2.23,-2.65));
#2163 = VECTOR('',#2164,1.);
#2164 = DIRECTION('',(0.,1.,0.));
#2165 = ORIENTED_EDGE('',*,*,#2166,.F.);
#2166 = EDGE_CURVE('',#2167,#2159,#2169,.T.);
#2167 = VERTEX_POINT('',#2168);
#2168 = CARTESIAN_POINT('',(-0.57,-3.5,-3.1));
#2169 = LINE('',#2170,#2171);
#2170 = CARTESIAN_POINT('',(-0.57,-3.5,-3.1));
#2171 = VECTOR('',#2172,1.);
#2172 = DIRECTION('',(0.,0.942578556478,0.333984527886));
#2173 = ORIENTED_EDGE('',*,*,#2174,.F.);
#2174 = EDGE_CURVE('',#2175,#2167,#2177,.T.);
#2175 = VERTEX_POINT('',#2176);
#2176 = CARTESIAN_POINT('',(-0.57,-3.5,-3.25));
#2177 = LINE('',#2178,#2179);
#2178 = CARTESIAN_POINT('',(-0.57,-3.5,-3.25));
#2179 = VECTOR('',#2180,1.);
#2180 = DIRECTION('',(0.,0.,1.));
#2181 = ORIENTED_EDGE('',*,*,#2182,.F.);
#2182 = EDGE_CURVE('',#923,#2175,#2183,.T.);
#2183 = LINE('',#2184,#2185);
#2184 = CARTESIAN_POINT('',(-0.57,0.8,-3.25));
#2185 = VECTOR('',#2186,1.);
#2186 = DIRECTION('',(0.,-1.,0.));
#2187 = PLANE('',#2188);
#2188 = AXIS2_PLACEMENT_3D('',#2189,#2190,#2191);
#2189 = CARTESIAN_POINT('',(-0.57,0.,0.));
#2190 = DIRECTION('',(-1.,0.,0.));
#2191 = DIRECTION('',(0.,-1.,0.));
#2192 = ADVANCED_FACE('',(#2193),#2204,.T.);
#2193 = FACE_BOUND('',#2194,.F.);
#2194 = EDGE_LOOP('',(#2195,#2196,#2197,#2203));
#2195 = ORIENTED_EDGE('',*,*,#1735,.F.);
#2196 = ORIENTED_EDGE('',*,*,#1892,.F.);
#2197 = ORIENTED_EDGE('',*,*,#2198,.T.);
#2198 = EDGE_CURVE('',#1885,#2049,#2199,.T.);
#2199 = LINE('',#2200,#2201);
#2200 = CARTESIAN_POINT('',(0.57,4.3,-2.85));
#2201 = VECTOR('',#2202,1.);
#2202 = DIRECTION('',(-1.,0.,0.));
#2203 = ORIENTED_EDGE('',*,*,#2048,.T.);
#2204 = PLANE('',#2205);
#2205 = AXIS2_PLACEMENT_3D('',#2206,#2207,#2208);
#2206 = CARTESIAN_POINT('',(0.57,4.3,-2.85));
#2207 = DIRECTION('',(0.,0.554700196225,-0.832050294338));
#2208 = DIRECTION('',(0.,-0.832050294338,-0.554700196225));
#2209 = ADVANCED_FACE('',(#2210),#2221,.T.);
#2210 = FACE_BOUND('',#2211,.F.);
#2211 = EDGE_LOOP('',(#2212,#2213,#2219,#2220));
#2212 = ORIENTED_EDGE('',*,*,#1884,.F.);
#2213 = ORIENTED_EDGE('',*,*,#2214,.T.);
#2214 = EDGE_CURVE('',#1877,#2057,#2215,.T.);
#2215 = LINE('',#2216,#2217);
#2216 = CARTESIAN_POINT('',(0.57,9.2,-2.85));
#2217 = VECTOR('',#2218,1.);
#2218 = DIRECTION('',(-1.,0.,0.));
#2219 = ORIENTED_EDGE('',*,*,#2056,.T.);
#2220 = ORIENTED_EDGE('',*,*,#2198,.F.);
#2221 = PLANE('',#2222);
#2222 = AXIS2_PLACEMENT_3D('',#2223,#2224,#2225);
#2223 = CARTESIAN_POINT('',(0.57,9.2,-2.85));
#2224 = DIRECTION('',(0.,0.,-1.));
#2225 = DIRECTION('',(0.,-1.,0.));
#2226 = ADVANCED_FACE('',(#2227),#2233,.T.);
#2227 = FACE_BOUND('',#2228,.F.);
#2228 = EDGE_LOOP('',(#2229,#2230,#2231,#2232));
#2229 = ORIENTED_EDGE('',*,*,#1876,.F.);
#2230 = ORIENTED_EDGE('',*,*,#2032,.T.);
#2231 = ORIENTED_EDGE('',*,*,#2064,.T.);
#2232 = ORIENTED_EDGE('',*,*,#2214,.F.);
#2233 = PLANE('',#2234);
#2234 = AXIS2_PLACEMENT_3D('',#2235,#2236,#2237);
#2235 = CARTESIAN_POINT('',(0.57,9.2,-1.71));
#2236 = DIRECTION('',(0.,1.,0.));
#2237 = DIRECTION('',(0.,0.,-1.));
#2238 = ADVANCED_FACE('',(#2239),#2250,.T.);
#2239 = FACE_BOUND('',#2240,.F.);
#2240 = EDGE_LOOP('',(#2241,#2242,#2243,#2249));
#2241 = ORIENTED_EDGE('',*,*,#1645,.F.);
#2242 = ORIENTED_EDGE('',*,*,#1931,.F.);
#2243 = ORIENTED_EDGE('',*,*,#2244,.T.);
#2244 = EDGE_CURVE('',#1924,#2081,#2245,.T.);
#2245 = LINE('',#2246,#2247);
#2246 = CARTESIAN_POINT('',(0.57,9.2,1.31));
#2247 = VECTOR('',#2248,1.);
#2248 = DIRECTION('',(-1.,0.,0.));
#2249 = ORIENTED_EDGE('',*,*,#2080,.T.);
#2250 = PLANE('',#2251);
#2251 = AXIS2_PLACEMENT_3D('',#2252,#2253,#2254);
#2252 = CARTESIAN_POINT('',(0.57,9.2,1.31));
#2253 = DIRECTION('',(0.,0.,-1.));
#2254 = DIRECTION('',(0.,-1.,0.));
#2255 = ADVANCED_FACE('',(#2256),#2267,.T.);
#2256 = FACE_BOUND('',#2257,.F.);
#2257 = EDGE_LOOP('',(#2258,#2259,#2265,#2266));
#2258 = ORIENTED_EDGE('',*,*,#1923,.F.);
#2259 = ORIENTED_EDGE('',*,*,#2260,.T.);
#2260 = EDGE_CURVE('',#1916,#2089,#2261,.T.);
#2261 = LINE('',#2262,#2263);
#2262 = CARTESIAN_POINT('',(0.57,9.2,2.45));
#2263 = VECTOR('',#2264,1.);
#2264 = DIRECTION('',(-1.,0.,0.));
#2265 = ORIENTED_EDGE('',*,*,#2088,.T.);
#2266 = ORIENTED_EDGE('',*,*,#2244,.F.);
#2267 = PLANE('',#2268);
#2268 = AXIS2_PLACEMENT_3D('',#2269,#2270,#2271);
#2269 = CARTESIAN_POINT('',(0.57,9.2,2.45));
#2270 = DIRECTION('',(0.,1.,0.));
#2271 = DIRECTION('',(0.,0.,-1.));
#2272 = ADVANCED_FACE('',(#2273),#2284,.T.);
#2273 = FACE_BOUND('',#2274,.F.);
#2274 = EDGE_LOOP('',(#2275,#2276,#2282,#2283));
#2275 = ORIENTED_EDGE('',*,*,#1915,.F.);
#2276 = ORIENTED_EDGE('',*,*,#2277,.T.);
#2277 = EDGE_CURVE('',#1908,#2097,#2278,.T.);
#2278 = LINE('',#2279,#2280);
#2279 = CARTESIAN_POINT('',(0.57,4.3,2.45));
#2280 = VECTOR('',#2281,1.);
#2281 = DIRECTION('',(-1.,0.,0.));
#2282 = ORIENTED_EDGE('',*,*,#2096,.T.);
#2283 = ORIENTED_EDGE('',*,*,#2260,.F.);
#2284 = PLANE('',#2285);
#2285 = AXIS2_PLACEMENT_3D('',#2286,#2287,#2288);
#2286 = CARTESIAN_POINT('',(0.57,4.3,2.45));
#2287 = DIRECTION('',(0.,0.,1.));
#2288 = DIRECTION('',(0.,1.,0.));
#2289 = ADVANCED_FACE('',(#2290),#2296,.T.);
#2290 = FACE_BOUND('',#2291,.F.);
#2291 = EDGE_LOOP('',(#2292,#2293,#2294,#2295));
#2292 = ORIENTED_EDGE('',*,*,#1661,.T.);
#2293 = ORIENTED_EDGE('',*,*,#2104,.T.);
#2294 = ORIENTED_EDGE('',*,*,#2277,.F.);
#2295 = ORIENTED_EDGE('',*,*,#1907,.F.);
#2296 = PLANE('',#2297);
#2297 = AXIS2_PLACEMENT_3D('',#2298,#2299,#2300);
#2298 = CARTESIAN_POINT('',(0.57,3.7,2.85));
#2299 = DIRECTION('',(0.,0.554700196225,0.832050294338));
#2300 = DIRECTION('',(0.,0.832050294338,-0.554700196225));
#2301 = ADVANCED_FACE('',(#2302),#2313,.T.);
#2302 = FACE_BOUND('',#2303,.F.);
#2303 = EDGE_LOOP('',(#2304,#2305,#2306,#2307));
#2304 = ORIENTED_EDGE('',*,*,#1945,.F.);
#2305 = ORIENTED_EDGE('',*,*,#999,.T.);
#2306 = ORIENTED_EDGE('',*,*,#2118,.T.);
#2307 = ORIENTED_EDGE('',*,*,#2308,.F.);
#2308 = EDGE_CURVE('',#1946,#2119,#2309,.T.);
#2309 = LINE('',#2310,#2311);
#2310 = CARTESIAN_POINT('',(0.57,-2.23,2.25));
#2311 = VECTOR('',#2312,1.);
#2312 = DIRECTION('',(-1.,0.,0.));
#2313 = PLANE('',#2314);
#2314 = AXIS2_PLACEMENT_3D('',#2315,#2316,#2317);
#2315 = CARTESIAN_POINT('',(0.57,3.7,2.25));
#2316 = DIRECTION('',(0.,0.,-1.));
#2317 = DIRECTION('',(0.,-1.,0.));
#2318 = ADVANCED_FACE('',(#2319),#2330,.T.);
#2319 = FACE_BOUND('',#2320,.F.);
#2320 = EDGE_LOOP('',(#2321,#2322,#2323,#2324));
#2321 = ORIENTED_EDGE('',*,*,#1953,.F.);
#2322 = ORIENTED_EDGE('',*,*,#2308,.T.);
#2323 = ORIENTED_EDGE('',*,*,#2143,.T.);
#2324 = ORIENTED_EDGE('',*,*,#2325,.F.);
#2325 = EDGE_CURVE('',#1954,#2136,#2326,.T.);
#2326 = LINE('',#2327,#2328);
#2327 = CARTESIAN_POINT('',(0.57,-3.5,2.7));
#2328 = VECTOR('',#2329,1.);
#2329 = DIRECTION('',(-1.,0.,0.));
#2330 = PLANE('',#2331);
#2331 = AXIS2_PLACEMENT_3D('',#2332,#2333,#2334);
#2332 = CARTESIAN_POINT('',(0.57,-2.23,2.25));
#2333 = DIRECTION('',(0.,-0.333984527886,-0.942578556478));
#2334 = DIRECTION('',(0.,-0.942578556478,0.333984527886));
#2335 = ADVANCED_FACE('',(#2336),#2347,.T.);
#2336 = FACE_BOUND('',#2337,.F.);
#2337 = EDGE_LOOP('',(#2338,#2339,#2340,#2341));
#2338 = ORIENTED_EDGE('',*,*,#1961,.F.);
#2339 = ORIENTED_EDGE('',*,*,#2325,.T.);
#2340 = ORIENTED_EDGE('',*,*,#2135,.T.);
#2341 = ORIENTED_EDGE('',*,*,#2342,.F.);
#2342 = EDGE_CURVE('',#1962,#2128,#2343,.T.);
#2343 = LINE('',#2344,#2345);
#2344 = CARTESIAN_POINT('',(0.57,-3.5,2.85));
#2345 = VECTOR('',#2346,1.);
#2346 = DIRECTION('',(-1.,0.,0.));
#2347 = PLANE('',#2348);
#2348 = AXIS2_PLACEMENT_3D('',#2349,#2350,#2351);
#2349 = CARTESIAN_POINT('',(0.57,-3.5,2.7));
#2350 = DIRECTION('',(0.,-1.,0.));
#2351 = DIRECTION('',(0.,0.,1.));
#2352 = ADVANCED_FACE('',(#2353),#2359,.T.);
#2353 = FACE_BOUND('',#2354,.F.);
#2354 = EDGE_LOOP('',(#2355,#2356,#2357,#2358));
#2355 = ORIENTED_EDGE('',*,*,#1969,.F.);
#2356 = ORIENTED_EDGE('',*,*,#2342,.T.);
#2357 = ORIENTED_EDGE('',*,*,#2127,.T.);
#2358 = ORIENTED_EDGE('',*,*,#983,.F.);
#2359 = PLANE('',#2360);
#2360 = AXIS2_PLACEMENT_3D('',#2361,#2362,#2363);
#2361 = CARTESIAN_POINT('',(0.57,-3.5,2.85));
#2362 = DIRECTION('',(0.,0.,1.));
#2363 = DIRECTION('',(0.,1.,0.));
#2364 = ADVANCED_FACE('',(#2365),#2376,.T.);
#2365 = FACE_BOUND('',#2366,.F.);
#2366 = EDGE_LOOP('',(#2367,#2368,#2369,#2375));
#2367 = ORIENTED_EDGE('',*,*,#914,.F.);
#2368 = ORIENTED_EDGE('',*,*,#2009,.F.);
#2369 = ORIENTED_EDGE('',*,*,#2370,.T.);
#2370 = EDGE_CURVE('',#2002,#2159,#2371,.T.);
#2371 = LINE('',#2372,#2373);
#2372 = CARTESIAN_POINT('',(0.57,-2.23,-2.65));
#2373 = VECTOR('',#2374,1.);
#2374 = DIRECTION('',(-1.,0.,0.));
#2375 = ORIENTED_EDGE('',*,*,#2158,.T.);
#2376 = PLANE('',#2377);
#2377 = AXIS2_PLACEMENT_3D('',#2378,#2379,#2380);
#2378 = CARTESIAN_POINT('',(0.57,-2.23,-2.65));
#2379 = DIRECTION('',(0.,0.,1.));
#2380 = DIRECTION('',(0.,1.,0.));
#2381 = ADVANCED_FACE('',(#2382),#2393,.T.);
#2382 = FACE_BOUND('',#2383,.F.);
#2383 = EDGE_LOOP('',(#2384,#2385,#2391,#2392));
#2384 = ORIENTED_EDGE('',*,*,#2001,.F.);
#2385 = ORIENTED_EDGE('',*,*,#2386,.T.);
#2386 = EDGE_CURVE('',#1994,#2167,#2387,.T.);
#2387 = LINE('',#2388,#2389);
#2388 = CARTESIAN_POINT('',(0.57,-3.5,-3.1));
#2389 = VECTOR('',#2390,1.);
#2390 = DIRECTION('',(-1.,0.,0.));
#2391 = ORIENTED_EDGE('',*,*,#2166,.T.);
#2392 = ORIENTED_EDGE('',*,*,#2370,.F.);
#2393 = PLANE('',#2394);
#2394 = AXIS2_PLACEMENT_3D('',#2395,#2396,#2397);
#2395 = CARTESIAN_POINT('',(0.57,-3.5,-3.1));
#2396 = DIRECTION('',(0.,-0.333984527886,0.942578556478));
#2397 = DIRECTION('',(0.,0.942578556478,0.333984527886));
#2398 = ADVANCED_FACE('',(#2399),#2410,.T.);
#2399 = FACE_BOUND('',#2400,.F.);
#2400 = EDGE_LOOP('',(#2401,#2402,#2408,#2409));
#2401 = ORIENTED_EDGE('',*,*,#1993,.F.);
#2402 = ORIENTED_EDGE('',*,*,#2403,.T.);
#2403 = EDGE_CURVE('',#1986,#2175,#2404,.T.);
#2404 = LINE('',#2405,#2406);
#2405 = CARTESIAN_POINT('',(0.57,-3.5,-3.25));
#2406 = VECTOR('',#2407,1.);
#2407 = DIRECTION('',(-1.,0.,0.));
#2408 = ORIENTED_EDGE('',*,*,#2174,.T.);
#2409 = ORIENTED_EDGE('',*,*,#2386,.F.);
#2410 = PLANE('',#2411);
#2411 = AXIS2_PLACEMENT_3D('',#2412,#2413,#2414);
#2412 = CARTESIAN_POINT('',(0.57,-3.5,-3.25));
#2413 = DIRECTION('',(0.,-1.,0.));
#2414 = DIRECTION('',(0.,0.,1.));
#2415 = ADVANCED_FACE('',(#2416),#2422,.T.);
#2416 = FACE_BOUND('',#2417,.F.);
#2417 = EDGE_LOOP('',(#2418,#2419,#2420,#2421));
#2418 = ORIENTED_EDGE('',*,*,#930,.T.);
#2419 = ORIENTED_EDGE('',*,*,#2182,.T.);
#2420 = ORIENTED_EDGE('',*,*,#2403,.F.);
#2421 = ORIENTED_EDGE('',*,*,#1985,.F.);
#2422 = PLANE('',#2423);
#2423 = AXIS2_PLACEMENT_3D('',#2424,#2425,#2426);
#2424 = CARTESIAN_POINT('',(0.57,3.7,-3.25));
#2425 = DIRECTION('',(0.,0.,-1.));
#2426 = DIRECTION('',(0.,-1.,0.));
#2427 = ADVANCED_FACE('',(#2428),#2434,.F.);
#2428 = FACE_BOUND('',#2429,.F.);
#2429 = EDGE_LOOP('',(#2430,#2431,#2432,#2433));
#2430 = ORIENTED_EDGE('',*,*,#650,.F.);
#2431 = ORIENTED_EDGE('',*,*,#799,.T.);
#2432 = ORIENTED_EDGE('',*,*,#298,.T.);
#2433 = ORIENTED_EDGE('',*,*,#594,.F.);
#2434 = PLANE('',#2435);
#2435 = AXIS2_PLACEMENT_3D('',#2436,#2437,#2438);
#2436 = CARTESIAN_POINT('',(-1.7,0.,-0.5));
#2437 = DIRECTION('',(1.,0.,0.));
#2438 = DIRECTION('',(0.,0.,1.));
#2439 = GEOMETRIC_CURVE_SET('',(#2440,#2448));
#2440 = TRIMMED_CURVE('',#2441,(#2446,PARAMETER_VALUE(0.)),(#2447,
    PARAMETER_VALUE(3.141592653589)),.T.,.PARAMETER.);
#2441 = CIRCLE('',#2442,0.7);
#2442 = AXIS2_PLACEMENT_3D('',#2443,#2444,#2445);
#2443 = CARTESIAN_POINT('',(0.,0.,-2.95));
#2444 = DIRECTION('',(0.,-1.,0.));
#2445 = DIRECTION('',(1.,0.,0.));
#2446 = CARTESIAN_POINT('',(0.7,0.,-2.95));
#2447 = CARTESIAN_POINT('',(-0.7,0.,-2.95));
#2448 = TRIMMED_CURVE('',#2449,(#2454,PARAMETER_VALUE(0.)),(#2455,
    PARAMETER_VALUE(3.141592653589)),.T.,.PARAMETER.);
#2449 = CIRCLE('',#2450,0.7);
#2450 = AXIS2_PLACEMENT_3D('',#2451,#2452,#2453);
#2451 = CARTESIAN_POINT('',(0.,0.,-2.95));
#2452 = DIRECTION('',(0.,-1.,0.));
#2453 = DIRECTION('',(-1.,0.,0.));
#2454 = CARTESIAN_POINT('',(-0.7,0.,-2.95));
#2455 = CARTESIAN_POINT('',(0.7,0.,-2.95));
#2456 = GEOMETRIC_CURVE_SET('',(#2457,#2465));
#2457 = TRIMMED_CURVE('',#2458,(#2463,PARAMETER_VALUE(0.)),(#2464,
    PARAMETER_VALUE(3.141592653589)),.T.,.PARAMETER.);
#2458 = CIRCLE('',#2459,0.7);
#2459 = AXIS2_PLACEMENT_3D('',#2460,#2461,#2462);
#2460 = CARTESIAN_POINT('',(0.,0.,2.55));
#2461 = DIRECTION('',(0.,-1.,0.));
#2462 = DIRECTION('',(1.,0.,0.));
#2463 = CARTESIAN_POINT('',(0.7,0.,2.55));
#2464 = CARTESIAN_POINT('',(-0.7,0.,2.55));
#2465 = TRIMMED_CURVE('',#2466,(#2471,PARAMETER_VALUE(0.)),(#2472,
    PARAMETER_VALUE(3.141592653589)),.T.,.PARAMETER.);
#2466 = CIRCLE('',#2467,0.7);
#2467 = AXIS2_PLACEMENT_3D('',#2468,#2469,#2470);
#2468 = CARTESIAN_POINT('',(0.,0.,2.55));
#2469 = DIRECTION('',(0.,-1.,0.));
#2470 = DIRECTION('',(-1.,0.,0.));
#2471 = CARTESIAN_POINT('',(-0.7,0.,2.55));
#2472 = CARTESIAN_POINT('',(0.7,0.,2.55));
#2473 = ( GEOMETRIC_REPRESENTATION_CONTEXT(3) 
GLOBAL_UNCERTAINTY_ASSIGNED_CONTEXT((#2477)) 
GLOBAL_UNIT_ASSIGNED_CONTEXT((#2474,#2475,#2476)) REPRESENTATION_CONTEXT
('Context #1','3D Context with UNIT and UNCERTAINTY') );
#2474 = ( LENGTH_UNIT() NAMED_UNIT(*) SI_UNIT(.MILLI.,.METRE.) );
#2475 = ( NAMED_UNIT(*) PLANE_ANGLE_UNIT() SI_UNIT($,.RADIAN.) );
#2476 = ( NAMED_UNIT(*) SI_UNIT($,.STERADIAN.) SOLID_ANGLE_UNIT() );
#2477 = UNCERTAINTY_MEASURE_WITH_UNIT(LENGTH_MEASURE(1.E-07),#2474,
  'distance_accuracy_value','confusion accuracy');
#2478 = CONTEXT_DEPENDENT_SHAPE_REPRESENTATION(#2479,#2481);
#2479 = ( REPRESENTATION_RELATIONSHIP('','',#99,#76) 
REPRESENTATION_RELATIONSHIP_WITH_TRANSFORMATION(#2480) 
SHAPE_REPRESENTATION_RELATIONSHIP() );
#2480 = ITEM_DEFINED_TRANSFORMATION('','',#11,#77);
#2481 = PRODUCT_DEFINITION_SHAPE('Placement','Placement of an item',
  #2482);
#2482 = NEXT_ASSEMBLY_USAGE_OCCURRENCE('1','=>[0:1:1:3]','',#71,#94,$);
#2483 = PRODUCT_RELATED_PRODUCT_CATEGORY('part',$,(#96));
#2484 = SHAPE_DEFINITION_REPRESENTATION(#2485,#2491);
#2485 = PRODUCT_DEFINITION_SHAPE('','',#2486);
#2486 = PRODUCT_DEFINITION('design','',#2487,#2490);
#2487 = PRODUCT_DEFINITION_FORMATION('','',#2488);
#2488 = PRODUCT('D_DO-41_SOD81_P10.16mm_Horizontal',
  'D_DO-41_SOD81_P10.16mm_Horizontal','',(#2489));
#2489 = PRODUCT_CONTEXT('',#2,'mechanical');
#2490 = PRODUCT_DEFINITION_CONTEXT('part definition',#2,'design');
#2491 = SHAPE_REPRESENTATION('',(#11,#2492),#2496);
#2492 = AXIS2_PLACEMENT_3D('',#2493,#2494,#2495);
#2493 = CARTESIAN_POINT('',(0.,0.,0.));
#2494 = DIRECTION('',(0.,0.,1.));
#2495 = DIRECTION('',(1.,0.,-0.));
#2496 = ( GEOMETRIC_REPRESENTATION_CONTEXT(3) 
GLOBAL_UNCERTAINTY_ASSIGNED_CONTEXT((#2500)) 
GLOBAL_UNIT_ASSIGNED_CONTEXT((#2497,#2498,#2499)) REPRESENTATION_CONTEXT
('Context #1','3D Context with UNIT and UNCERTAINTY') );
#2497 = ( LENGTH_UNIT() NAMED_UNIT(*) SI_UNIT(.MILLI.,.METRE.) );
#2498 = ( NAMED_UNIT(*) PLANE_ANGLE_UNIT() SI_UNIT($,.RADIAN.) );
#2499 = ( NAMED_UNIT(*) SI_UNIT($,.STERADIAN.) SOLID_ANGLE_UNIT() );
#2500 = UNCERTAINTY_MEASURE_WITH_UNIT(LENGTH_MEASURE(1.E-07),#2497,
  'distance_accuracy_value','confusion accuracy');
#2501 = CONTEXT_DEPENDENT_SHAPE_REPRESENTATION(#2502,#2504);
#2502 = ( REPRESENTATION_RELATIONSHIP('','',#2491,#10) 
REPRESENTATION_RELATIONSHIP_WITH_TRANSFORMATION(#2503) 
SHAPE_REPRESENTATION_RELATIONSHIP() );
#2503 = ITEM_DEFINED_TRANSFORMATION('','',#11,#19);
#2504 = PRODUCT_DEFINITION_SHAPE('Placement','Placement of an item',
  #2505);
#2505 = NEXT_ASSEMBLY_USAGE_OCCURRENCE('4','D3','',#5,#2486,$);
#2506 = PRODUCT_RELATED_PRODUCT_CATEGORY('part',$,(#2488));
#2507 = SHAPE_DEFINITION_REPRESENTATION(#2508,#2514);
#2508 = PRODUCT_DEFINITION_SHAPE('','',#2509);
#2509 = PRODUCT_DEFINITION('design','',#2510,#2513);
#2510 = PRODUCT_DEFINITION_FORMATION('','',#2511);
#2511 = PRODUCT('D_DO-41_SOD81_P10.16mm_Horizontal',
  'D_DO-41_SOD81_P10.16mm_Horizontal','',(#2512));
#2512 = PRODUCT_CONTEXT('',#2,'mechanical');
#2513 = PRODUCT_DEFINITION_CONTEXT('part definition',#2,'design');
#2514 = ADVANCED_BREP_SHAPE_REPRESENTATION('',(#11,#2515),#2850);
#2515 = MANIFOLD_SOLID_BREP('',#2516);
#2516 = CLOSED_SHELL('',(#2517,#2550,#2570,#2590,#2615,#2640,#2660,#2680
    ,#2705,#2730,#2756,#2782,#2807,#2832,#2841));
#2517 = ADVANCED_FACE('',(#2518),#2545,.T.);
#2518 = FACE_BOUND('',#2519,.T.);
#2519 = EDGE_LOOP('',(#2520,#2529,#2537,#2544));
#2520 = ORIENTED_EDGE('',*,*,#2521,.T.);
#2521 = EDGE_CURVE('',#2522,#2522,#2524,.T.);
#2522 = VERTEX_POINT('',#2523);
#2523 = CARTESIAN_POINT('',(3.26,2.138289545428E-15,3.21));
#2524 = CIRCLE('',#2525,1.36);
#2525 = AXIS2_PLACEMENT_3D('',#2526,#2527,#2528);
#2526 = CARTESIAN_POINT('',(3.26,8.215650382226E-16,1.85));
#2527 = DIRECTION('',(1.,0.,-0.));
#2528 = DIRECTION('',(0.,9.681797847099E-16,1.));
#2529 = ORIENTED_EDGE('',*,*,#2530,.T.);
#2530 = EDGE_CURVE('',#2522,#2531,#2533,.T.);
#2531 = VERTEX_POINT('',#2532);
#2532 = CARTESIAN_POINT('',(4.56,2.138289545428E-15,3.21));
#2533 = LINE('',#2534,#2535);
#2534 = CARTESIAN_POINT('',(3.26,2.138289545428E-15,3.21));
#2535 = VECTOR('',#2536,1.);
#2536 = DIRECTION('',(1.,0.,0.));
#2537 = ORIENTED_EDGE('',*,*,#2538,.F.);
#2538 = EDGE_CURVE('',#2531,#2531,#2539,.T.);
#2539 = CIRCLE('',#2540,1.36);
#2540 = AXIS2_PLACEMENT_3D('',#2541,#2542,#2543);
#2541 = CARTESIAN_POINT('',(4.56,8.215650382226E-16,1.85));
#2542 = DIRECTION('',(1.,0.,-0.));
#2543 = DIRECTION('',(0.,9.681797847099E-16,1.));
#2544 = ORIENTED_EDGE('',*,*,#2530,.F.);
#2545 = CYLINDRICAL_SURFACE('',#2546,1.36);
#2546 = AXIS2_PLACEMENT_3D('',#2547,#2548,#2549);
#2547 = CARTESIAN_POINT('',(3.26,8.215650382226E-16,1.85));
#2548 = DIRECTION('',(1.,0.,0.));
#2549 = DIRECTION('',(-0.,9.681797847099E-16,1.));
#2550 = ADVANCED_FACE('',(#2551,#2554),#2565,.F.);
#2551 = FACE_BOUND('',#2552,.T.);
#2552 = EDGE_LOOP('',(#2553));
#2553 = ORIENTED_EDGE('',*,*,#2521,.F.);
#2554 = FACE_BOUND('',#2555,.T.);
#2555 = EDGE_LOOP('',(#2556));
#2556 = ORIENTED_EDGE('',*,*,#2557,.T.);
#2557 = EDGE_CURVE('',#2558,#2558,#2560,.T.);
#2558 = VERTEX_POINT('',#2559);
#2559 = CARTESIAN_POINT('',(3.26,2.13162820728E-15,3.2));
#2560 = CIRCLE('',#2561,1.35);
#2561 = AXIS2_PLACEMENT_3D('',#2562,#2563,#2564);
#2562 = CARTESIAN_POINT('',(3.26,8.215650382226E-16,1.85));
#2563 = DIRECTION('',(1.,0.,-0.));
#2564 = DIRECTION('',(0.,9.70417162265E-16,1.));
#2565 = PLANE('',#2566);
#2566 = AXIS2_PLACEMENT_3D('',#2567,#2568,#2569);
#2567 = CARTESIAN_POINT('',(3.26,8.215650382226E-16,1.85));
#2568 = DIRECTION('',(1.,0.,0.));
#2569 = DIRECTION('',(-0.,9.726879335149E-16,1.));
#2570 = ADVANCED_FACE('',(#2571,#2574),#2585,.T.);
#2571 = FACE_BOUND('',#2572,.T.);
#2572 = EDGE_LOOP('',(#2573));
#2573 = ORIENTED_EDGE('',*,*,#2538,.T.);
#2574 = FACE_BOUND('',#2575,.T.);
#2575 = EDGE_LOOP('',(#2576));
#2576 = ORIENTED_EDGE('',*,*,#2577,.F.);
#2577 = EDGE_CURVE('',#2578,#2578,#2580,.T.);
#2578 = VERTEX_POINT('',#2579);
#2579 = CARTESIAN_POINT('',(4.56,2.13162820728E-15,3.2));
#2580 = CIRCLE('',#2581,1.35);
#2581 = AXIS2_PLACEMENT_3D('',#2582,#2583,#2584);
#2582 = CARTESIAN_POINT('',(4.56,8.215650382226E-16,1.85));
#2583 = DIRECTION('',(1.,0.,-0.));
#2584 = DIRECTION('',(0.,9.70417162265E-16,1.));
#2585 = PLANE('',#2586);
#2586 = AXIS2_PLACEMENT_3D('',#2587,#2588,#2589);
#2587 = CARTESIAN_POINT('',(4.56,8.215650382226E-16,1.85));
#2588 = DIRECTION('',(1.,0.,0.));
#2589 = DIRECTION('',(-0.,9.681797847099E-16,1.));
#2590 = ADVANCED_FACE('',(#2591),#2610,.T.);
#2591 = FACE_BOUND('',#2592,.T.);
#2592 = EDGE_LOOP('',(#2593,#2601,#2608,#2609));
#2593 = ORIENTED_EDGE('',*,*,#2594,.F.);
#2594 = EDGE_CURVE('',#2595,#2558,#2597,.T.);
#2595 = VERTEX_POINT('',#2596);
#2596 = CARTESIAN_POINT('',(2.48,2.13162820728E-15,3.2));
#2597 = LINE('',#2598,#2599);
#2598 = CARTESIAN_POINT('',(2.48,2.13162820728E-15,3.2));
#2599 = VECTOR('',#2600,1.);
#2600 = DIRECTION('',(1.,0.,0.));
#2601 = ORIENTED_EDGE('',*,*,#2602,.T.);
#2602 = EDGE_CURVE('',#2595,#2595,#2603,.T.);
#2603 = CIRCLE('',#2604,1.35);
#2604 = AXIS2_PLACEMENT_3D('',#2605,#2606,#2607);
#2605 = CARTESIAN_POINT('',(2.48,8.215650382226E-16,1.85));
#2606 = DIRECTION('',(1.,0.,-0.));
#2607 = DIRECTION('',(0.,9.70417162265E-16,1.));
#2608 = ORIENTED_EDGE('',*,*,#2594,.T.);
#2609 = ORIENTED_EDGE('',*,*,#2557,.F.);
#2610 = CYLINDRICAL_SURFACE('',#2611,1.35);
#2611 = AXIS2_PLACEMENT_3D('',#2612,#2613,#2614);
#2612 = CARTESIAN_POINT('',(2.48,8.215650382226E-16,1.85));
#2613 = DIRECTION('',(1.,0.,0.));
#2614 = DIRECTION('',(-0.,9.70417162265E-16,1.));
#2615 = ADVANCED_FACE('',(#2616),#2635,.T.);
#2616 = FACE_BOUND('',#2617,.T.);
#2617 = EDGE_LOOP('',(#2618,#2619,#2627,#2634));
#2618 = ORIENTED_EDGE('',*,*,#2577,.T.);
#2619 = ORIENTED_EDGE('',*,*,#2620,.T.);
#2620 = EDGE_CURVE('',#2578,#2621,#2623,.T.);
#2621 = VERTEX_POINT('',#2622);
#2622 = CARTESIAN_POINT('',(7.68,2.13162820728E-15,3.2));
#2623 = LINE('',#2624,#2625);
#2624 = CARTESIAN_POINT('',(2.48,2.13162820728E-15,3.2));
#2625 = VECTOR('',#2626,1.);
#2626 = DIRECTION('',(1.,0.,0.));
#2627 = ORIENTED_EDGE('',*,*,#2628,.F.);
#2628 = EDGE_CURVE('',#2621,#2621,#2629,.T.);
#2629 = CIRCLE('',#2630,1.35);
#2630 = AXIS2_PLACEMENT_3D('',#2631,#2632,#2633);
#2631 = CARTESIAN_POINT('',(7.68,8.215650382226E-16,1.85));
#2632 = DIRECTION('',(1.,0.,-0.));
#2633 = DIRECTION('',(0.,9.70417162265E-16,1.));
#2634 = ORIENTED_EDGE('',*,*,#2620,.F.);
#2635 = CYLINDRICAL_SURFACE('',#2636,1.35);
#2636 = AXIS2_PLACEMENT_3D('',#2637,#2638,#2639);
#2637 = CARTESIAN_POINT('',(2.48,8.215650382226E-16,1.85));
#2638 = DIRECTION('',(1.,0.,0.));
#2639 = DIRECTION('',(-0.,9.70417162265E-16,1.));
#2640 = ADVANCED_FACE('',(#2641,#2644),#2655,.F.);
#2641 = FACE_BOUND('',#2642,.T.);
#2642 = EDGE_LOOP('',(#2643));
#2643 = ORIENTED_EDGE('',*,*,#2602,.F.);
#2644 = FACE_BOUND('',#2645,.T.);
#2645 = EDGE_LOOP('',(#2646));
#2646 = ORIENTED_EDGE('',*,*,#2647,.T.);
#2647 = EDGE_CURVE('',#2648,#2648,#2650,.T.);
#2648 = VERTEX_POINT('',#2649);
#2649 = CARTESIAN_POINT('',(2.48,7.660538869914E-16,1.45));
#2650 = CIRCLE('',#2651,0.4);
#2651 = AXIS2_PLACEMENT_3D('',#2652,#2653,#2654);
#2652 = CARTESIAN_POINT('',(2.48,8.548717289614E-16,1.85));
#2653 = DIRECTION('',(1.,0.,0.));
#2654 = DIRECTION('',(0.,-2.22044604925E-16,-1.));
#2655 = PLANE('',#2656);
#2656 = AXIS2_PLACEMENT_3D('',#2657,#2658,#2659);
#2657 = CARTESIAN_POINT('',(2.48,8.215650382226E-16,1.85));
#2658 = DIRECTION('',(1.,0.,0.));
#2659 = DIRECTION('',(-0.,9.70417162265E-16,1.));
#2660 = ADVANCED_FACE('',(#2661,#2664),#2675,.T.);
#2661 = FACE_BOUND('',#2662,.F.);
#2662 = EDGE_LOOP('',(#2663));
#2663 = ORIENTED_EDGE('',*,*,#2628,.F.);
#2664 = FACE_BOUND('',#2665,.F.);
#2665 = EDGE_LOOP('',(#2666));
#2666 = ORIENTED_EDGE('',*,*,#2667,.T.);
#2667 = EDGE_CURVE('',#2668,#2668,#2670,.T.);
#2668 = VERTEX_POINT('',#2669);
#2669 = CARTESIAN_POINT('',(7.68,7.660538869914E-16,1.45));
#2670 = CIRCLE('',#2671,0.4);
#2671 = AXIS2_PLACEMENT_3D('',#2672,#2673,#2674);
#2672 = CARTESIAN_POINT('',(7.68,8.548717289614E-16,1.85));
#2673 = DIRECTION('',(1.,0.,0.));
#2674 = DIRECTION('',(0.,-2.22044604925E-16,-1.));
#2675 = PLANE('',#2676);
#2676 = AXIS2_PLACEMENT_3D('',#2677,#2678,#2679);
#2677 = CARTESIAN_POINT('',(7.68,8.215650382226E-16,1.85));
#2678 = DIRECTION('',(1.,0.,0.));
#2679 = DIRECTION('',(-0.,9.70417162265E-16,1.));
#2680 = ADVANCED_FACE('',(#2681),#2700,.T.);
#2681 = FACE_BOUND('',#2682,.T.);
#2682 = EDGE_LOOP('',(#2683,#2692,#2698,#2699));
#2683 = ORIENTED_EDGE('',*,*,#2684,.F.);
#2684 = EDGE_CURVE('',#2685,#2685,#2687,.T.);
#2685 = VERTEX_POINT('',#2686);
#2686 = CARTESIAN_POINT('',(0.8,7.660538869914E-16,1.45));
#2687 = CIRCLE('',#2688,0.4);
#2688 = AXIS2_PLACEMENT_3D('',#2689,#2690,#2691);
#2689 = CARTESIAN_POINT('',(0.8,8.548717289614E-16,1.85));
#2690 = DIRECTION('',(-1.,-4.078893220341E-32,-1.836970198721E-16));
#2691 = DIRECTION('',(-1.836970198721E-16,2.22044604925E-16,1.));
#2692 = ORIENTED_EDGE('',*,*,#2693,.T.);
#2693 = EDGE_CURVE('',#2685,#2648,#2694,.T.);
#2694 = LINE('',#2695,#2696);
#2695 = CARTESIAN_POINT('',(0.8,7.660538869914E-16,1.45));
#2696 = VECTOR('',#2697,1.);
#2697 = DIRECTION('',(1.,0.,0.));
#2698 = ORIENTED_EDGE('',*,*,#2647,.F.);
#2699 = ORIENTED_EDGE('',*,*,#2693,.F.);
#2700 = CYLINDRICAL_SURFACE('',#2701,0.4);
#2701 = AXIS2_PLACEMENT_3D('',#2702,#2703,#2704);
#2702 = CARTESIAN_POINT('',(0.8,8.548717289614E-16,1.85));
#2703 = DIRECTION('',(1.,0.,0.));
#2704 = DIRECTION('',(0.,-2.22044604925E-16,-1.));
#2705 = ADVANCED_FACE('',(#2706),#2725,.T.);
#2706 = FACE_BOUND('',#2707,.T.);
#2707 = EDGE_LOOP('',(#2708,#2709,#2717,#2724));
#2708 = ORIENTED_EDGE('',*,*,#2667,.T.);
#2709 = ORIENTED_EDGE('',*,*,#2710,.T.);
#2710 = EDGE_CURVE('',#2668,#2711,#2713,.T.);
#2711 = VERTEX_POINT('',#2712);
#2712 = CARTESIAN_POINT('',(9.36,7.660538869914E-16,1.45));
#2713 = LINE('',#2714,#2715);
#2714 = CARTESIAN_POINT('',(0.8,7.660538869914E-16,1.45));
#2715 = VECTOR('',#2716,1.);
#2716 = DIRECTION('',(1.,0.,0.));
#2717 = ORIENTED_EDGE('',*,*,#2718,.F.);
#2718 = EDGE_CURVE('',#2711,#2711,#2719,.T.);
#2719 = CIRCLE('',#2720,0.4);
#2720 = AXIS2_PLACEMENT_3D('',#2721,#2722,#2723);
#2721 = CARTESIAN_POINT('',(9.36,8.548717289614E-16,1.85));
#2722 = DIRECTION('',(1.,0.,0.));
#2723 = DIRECTION('',(0.,-2.22044604925E-16,-1.));
#2724 = ORIENTED_EDGE('',*,*,#2710,.F.);
#2725 = CYLINDRICAL_SURFACE('',#2726,0.4);
#2726 = AXIS2_PLACEMENT_3D('',#2727,#2728,#2729);
#2727 = CARTESIAN_POINT('',(0.8,8.548717289614E-16,1.85));
#2728 = DIRECTION('',(1.,0.,0.));
#2729 = DIRECTION('',(0.,-2.22044604925E-16,-1.));
#2730 = ADVANCED_FACE('',(#2731),#2751,.T.);
#2731 = FACE_BOUND('',#2732,.T.);
#2732 = EDGE_LOOP('',(#2733,#2742,#2743,#2744));
#2733 = ORIENTED_EDGE('',*,*,#2734,.T.);
#2734 = EDGE_CURVE('',#2735,#2685,#2737,.T.);
#2735 = VERTEX_POINT('',#2736);
#2736 = CARTESIAN_POINT('',(0.4,6.772360450213E-16,1.05));
#2737 = CIRCLE('',#2738,0.4);
#2738 = AXIS2_PLACEMENT_3D('',#2739,#2740,#2741);
#2739 = CARTESIAN_POINT('',(0.8,8.24193660919E-16,1.05));
#2740 = DIRECTION('',(0.,1.,-2.22044604925E-16));
#2741 = DIRECTION('',(1.,0.,0.));
#2742 = ORIENTED_EDGE('',*,*,#2684,.T.);
#2743 = ORIENTED_EDGE('',*,*,#2734,.F.);
#2744 = ORIENTED_EDGE('',*,*,#2745,.T.);
#2745 = EDGE_CURVE('',#2735,#2735,#2746,.T.);
#2746 = CIRCLE('',#2747,0.4);
#2747 = AXIS2_PLACEMENT_3D('',#2748,#2749,#2750);
#2748 = CARTESIAN_POINT('',(0.,6.772360450213E-16,1.05));
#2749 = DIRECTION('',(-0.,2.22044604925E-16,1.));
#2750 = DIRECTION('',(1.,0.,0.));
#2751 = TOROIDAL_SURFACE('',#2752,0.8,0.4);
#2752 = AXIS2_PLACEMENT_3D('',#2753,#2754,#2755);
#2753 = CARTESIAN_POINT('',(0.8,6.772360450213E-16,1.05));
#2754 = DIRECTION('',(0.,1.,-2.22044604925E-16));
#2755 = DIRECTION('',(1.,0.,0.));
#2756 = ADVANCED_FACE('',(#2757),#2777,.T.);
#2757 = FACE_BOUND('',#2758,.T.);
#2758 = EDGE_LOOP('',(#2759,#2768,#2775,#2776));
#2759 = ORIENTED_EDGE('',*,*,#2760,.T.);
#2760 = EDGE_CURVE('',#2711,#2761,#2763,.T.);
#2761 = VERTEX_POINT('',#2762);
#2762 = CARTESIAN_POINT('',(9.76,6.772360450213E-16,1.05));
#2763 = CIRCLE('',#2764,0.4);
#2764 = AXIS2_PLACEMENT_3D('',#2765,#2766,#2767);
#2765 = CARTESIAN_POINT('',(9.36,8.24193660919E-16,1.05));
#2766 = DIRECTION('',(0.,1.,-2.22044604925E-16));
#2767 = DIRECTION('',(1.,0.,0.));
#2768 = ORIENTED_EDGE('',*,*,#2769,.T.);
#2769 = EDGE_CURVE('',#2761,#2761,#2770,.T.);
#2770 = CIRCLE('',#2771,0.4);
#2771 = AXIS2_PLACEMENT_3D('',#2772,#2773,#2774);
#2772 = CARTESIAN_POINT('',(10.16,6.772360450213E-16,1.05));
#2773 = DIRECTION('',(-2.449293598295E-16,2.22044604925E-16,1.));
#2774 = DIRECTION('',(1.,5.438524293788E-32,2.449293598295E-16));
#2775 = ORIENTED_EDGE('',*,*,#2760,.F.);
#2776 = ORIENTED_EDGE('',*,*,#2718,.T.);
#2777 = TOROIDAL_SURFACE('',#2778,0.8,0.4);
#2778 = AXIS2_PLACEMENT_3D('',#2779,#2780,#2781);
#2779 = CARTESIAN_POINT('',(9.36,6.772360450213E-16,1.05));
#2780 = DIRECTION('',(0.,1.,-2.22044604925E-16));
#2781 = DIRECTION('',(1.,0.,0.));
#2782 = ADVANCED_FACE('',(#2783),#2802,.T.);
#2783 = FACE_BOUND('',#2784,.T.);
#2784 = EDGE_LOOP('',(#2785,#2793,#2794,#2795));
#2785 = ORIENTED_EDGE('',*,*,#2786,.T.);
#2786 = EDGE_CURVE('',#2787,#2735,#2789,.T.);
#2787 = VERTEX_POINT('',#2788);
#2788 = CARTESIAN_POINT('',(0.4,-2.089940463943E-16,-2.5));
#2789 = LINE('',#2790,#2791);
#2790 = CARTESIAN_POINT('',(0.4,6.772360450213E-16,1.05));
#2791 = VECTOR('',#2792,1.);
#2792 = DIRECTION('',(0.,2.22044604925E-16,1.));
#2793 = ORIENTED_EDGE('',*,*,#2745,.F.);
#2794 = ORIENTED_EDGE('',*,*,#2786,.F.);
#2795 = ORIENTED_EDGE('',*,*,#2796,.T.);
#2796 = EDGE_CURVE('',#2787,#2787,#2797,.T.);
#2797 = CIRCLE('',#2798,0.4);
#2798 = AXIS2_PLACEMENT_3D('',#2799,#2800,#2801);
#2799 = CARTESIAN_POINT('',(0.,-1.110223024625E-16,-2.5));
#2800 = DIRECTION('',(-0.,2.22044604925E-16,1.));
#2801 = DIRECTION('',(1.,0.,0.));
#2802 = CYLINDRICAL_SURFACE('',#2803,0.4);
#2803 = AXIS2_PLACEMENT_3D('',#2804,#2805,#2806);
#2804 = CARTESIAN_POINT('',(0.,6.772360450213E-16,1.05));
#2805 = DIRECTION('',(0.,2.22044604925E-16,1.));
#2806 = DIRECTION('',(1.,0.,-0.));
#2807 = ADVANCED_FACE('',(#2808),#2827,.T.);
#2808 = FACE_BOUND('',#2809,.T.);
#2809 = EDGE_LOOP('',(#2810,#2818,#2825,#2826));
#2810 = ORIENTED_EDGE('',*,*,#2811,.T.);
#2811 = EDGE_CURVE('',#2761,#2812,#2814,.T.);
#2812 = VERTEX_POINT('',#2813);
#2813 = CARTESIAN_POINT('',(9.76,-2.089940463943E-16,-2.5));
#2814 = LINE('',#2815,#2816);
#2815 = CARTESIAN_POINT('',(9.76,6.772360450213E-16,1.05));
#2816 = VECTOR('',#2817,1.);
#2817 = DIRECTION('',(0.,-2.22044604925E-16,-1.));
#2818 = ORIENTED_EDGE('',*,*,#2819,.F.);
#2819 = EDGE_CURVE('',#2812,#2812,#2820,.T.);
#2820 = CIRCLE('',#2821,0.4);
#2821 = AXIS2_PLACEMENT_3D('',#2822,#2823,#2824);
#2822 = CARTESIAN_POINT('',(10.16,-1.110223024625E-16,-2.5));
#2823 = DIRECTION('',(-0.,-2.22044604925E-16,-1.));
#2824 = DIRECTION('',(-1.,0.,0.));
#2825 = ORIENTED_EDGE('',*,*,#2811,.F.);
#2826 = ORIENTED_EDGE('',*,*,#2769,.F.);
#2827 = CYLINDRICAL_SURFACE('',#2828,0.4);
#2828 = AXIS2_PLACEMENT_3D('',#2829,#2830,#2831);
#2829 = CARTESIAN_POINT('',(10.16,6.772360450213E-16,1.05));
#2830 = DIRECTION('',(0.,-2.22044604925E-16,-1.));
#2831 = DIRECTION('',(-1.,-0.,0.));
#2832 = ADVANCED_FACE('',(#2833),#2836,.T.);
#2833 = FACE_BOUND('',#2834,.F.);
#2834 = EDGE_LOOP('',(#2835));
#2835 = ORIENTED_EDGE('',*,*,#2796,.T.);
#2836 = PLANE('',#2837);
#2837 = AXIS2_PLACEMENT_3D('',#2838,#2839,#2840);
#2838 = CARTESIAN_POINT('',(0.4,-1.110223024625E-16,-2.5));
#2839 = DIRECTION('',(0.,0.,-1.));
#2840 = DIRECTION('',(-1.,0.,0.));
#2841 = ADVANCED_FACE('',(#2842),#2845,.F.);
#2842 = FACE_BOUND('',#2843,.T.);
#2843 = EDGE_LOOP('',(#2844));
#2844 = ORIENTED_EDGE('',*,*,#2819,.T.);
#2845 = PLANE('',#2846);
#2846 = AXIS2_PLACEMENT_3D('',#2847,#2848,#2849);
#2847 = CARTESIAN_POINT('',(9.76,-1.110223024625E-16,-2.5));
#2848 = DIRECTION('',(0.,0.,1.));
#2849 = DIRECTION('',(1.,0.,-0.));
#2850 = ( GEOMETRIC_REPRESENTATION_CONTEXT(3) 
GLOBAL_UNCERTAINTY_ASSIGNED_CONTEXT((#2854)) 
GLOBAL_UNIT_ASSIGNED_CONTEXT((#2851,#2852,#2853)) REPRESENTATION_CONTEXT
('Context #1','3D Context with UNIT and UNCERTAINTY') );
#2851 = ( LENGTH_UNIT() NAMED_UNIT(*) SI_UNIT(.MILLI.,.METRE.) );
#2852 = ( NAMED_UNIT(*) PLANE_ANGLE_UNIT() SI_UNIT($,.RADIAN.) );
#2853 = ( NAMED_UNIT(*) SI_UNIT($,.STERADIAN.) SOLID_ANGLE_UNIT() );
#2854 = UNCERTAINTY_MEASURE_WITH_UNIT(LENGTH_MEASURE(1.E-07),#2851,
  'distance_accuracy_value','confusion accuracy');
#2855 = CONTEXT_DEPENDENT_SHAPE_REPRESENTATION(#2856,#2858);
#2856 = ( REPRESENTATION_RELATIONSHIP('','',#2514,#2491) 
REPRESENTATION_RELATIONSHIP_WITH_TRANSFORMATION(#2857) 
SHAPE_REPRESENTATION_RELATIONSHIP() );
#2857 = ITEM_DEFINED_TRANSFORMATION('','',#11,#2492);
#2858 = PRODUCT_DEFINITION_SHAPE('Placement','Placement of an item',
  #2859);
#2859 = NEXT_ASSEMBLY_USAGE_OCCURRENCE('3','=>[0:1:1:5]','',#2486,#2509,
  $);
#2860 = PRODUCT_RELATED_PRODUCT_CATEGORY('part',$,(#2511));
#2861 = CONTEXT_DEPENDENT_SHAPE_REPRESENTATION(#2862,#2864);
#2862 = ( REPRESENTATION_RELATIONSHIP('','',#2491,#10) 
REPRESENTATION_RELATIONSHIP_WITH_TRANSFORMATION(#2863) 
SHAPE_REPRESENTATION_RELATIONSHIP() );
#2863 = ITEM_DEFINED_TRANSFORMATION('','',#11,#23);
#2864 = PRODUCT_DEFINITION_SHAPE('Placement','Placement of an item',
  #2865);
#2865 = NEXT_ASSEMBLY_USAGE_OCCURRENCE('5','D1','',#5,#2486,$);
#2866 = SHAPE_DEFINITION_REPRESENTATION(#2867,#2873);
#2867 = PRODUCT_DEFINITION_SHAPE('','',#2868);
#2868 = PRODUCT_DEFINITION('design','',#2869,#2872);
#2869 = PRODUCT_DEFINITION_FORMATION('','',#2870);
#2870 = PRODUCT('LED_D5.0mm','LED_D5.0mm','',(#2871));
#2871 = PRODUCT_CONTEXT('',#2,'mechanical');
#2872 = PRODUCT_DEFINITION_CONTEXT('part definition',#2,'design');
#2873 = SHAPE_REPRESENTATION('',(#11,#2874),#2878);
#2874 = AXIS2_PLACEMENT_3D('',#2875,#2876,#2877);
#2875 = CARTESIAN_POINT('',(0.,0.,0.));
#2876 = DIRECTION('',(0.,0.,1.));
#2877 = DIRECTION('',(1.,0.,-0.));
#2878 = ( GEOMETRIC_REPRESENTATION_CONTEXT(3) 
GLOBAL_UNCERTAINTY_ASSIGNED_CONTEXT((#2882)) 
GLOBAL_UNIT_ASSIGNED_CONTEXT((#2879,#2880,#2881)) REPRESENTATION_CONTEXT
('Context #1','3D Context with UNIT and UNCERTAINTY') );
#2879 = ( LENGTH_UNIT() NAMED_UNIT(*) SI_UNIT(.MILLI.,.METRE.) );
#2880 = ( NAMED_UNIT(*) PLANE_ANGLE_UNIT() SI_UNIT($,.RADIAN.) );
#2881 = ( NAMED_UNIT(*) SI_UNIT($,.STERADIAN.) SOLID_ANGLE_UNIT() );
#2882 = UNCERTAINTY_MEASURE_WITH_UNIT(LENGTH_MEASURE(1.E-07),#2879,
  'distance_accuracy_value','confusion accuracy');
#2883 = CONTEXT_DEPENDENT_SHAPE_REPRESENTATION(#2884,#2886);
#2884 = ( REPRESENTATION_RELATIONSHIP('','',#2873,#10) 
REPRESENTATION_RELATIONSHIP_WITH_TRANSFORMATION(#2885) 
SHAPE_REPRESENTATION_RELATIONSHIP() );
#2885 = ITEM_DEFINED_TRANSFORMATION('','',#11,#27);
#2886 = PRODUCT_DEFINITION_SHAPE('Placement','Placement of an item',
  #2887);
#2887 = NEXT_ASSEMBLY_USAGE_OCCURRENCE('7','D4','',#5,#2868,$);
#2888 = PRODUCT_RELATED_PRODUCT_CATEGORY('part',$,(#2870));
#2889 = SHAPE_DEFINITION_REPRESENTATION(#2890,#2896);
#2890 = PRODUCT_DEFINITION_SHAPE('','',#2891);
#2891 = PRODUCT_DEFINITION('design','',#2892,#2895);
#2892 = PRODUCT_DEFINITION_FORMATION('','',#2893);
#2893 = PRODUCT('LED_D5.0mm','LED_D5.0mm','',(#2894));
#2894 = PRODUCT_CONTEXT('',#2,'mechanical');
#2895 = PRODUCT_DEFINITION_CONTEXT('part definition',#2,'design');
#2896 = ADVANCED_BREP_SHAPE_REPRESENTATION('',(#11,#2897),#3322);
#2897 = MANIFOLD_SOLID_BREP('',#2898);
#2898 = CLOSED_SHELL('',(#2899,#2926,#2951,#2979,#3011,#3028,#3106,#3137
    ,#3161,#3185,#3202,#3233,#3257,#3281,#3298,#3310));
#2899 = ADVANCED_FACE('',(#2900),#2921,.T.);
#2900 = FACE_BOUND('',#2901,.T.);
#2901 = EDGE_LOOP('',(#2902,#2913,#2914));
#2902 = ORIENTED_EDGE('',*,*,#2903,.T.);
#2903 = EDGE_CURVE('',#2904,#2906,#2908,.T.);
#2904 = VERTEX_POINT('',#2905);
#2905 = CARTESIAN_POINT('',(3.72,6.095124405192E-15,9.15));
#2906 = VERTEX_POINT('',#2907);
#2907 = CARTESIAN_POINT('',(1.27,7.727152251391E-15,11.6));
#2908 = CIRCLE('',#2909,2.45);
#2909 = AXIS2_PLACEMENT_3D('',#2910,#2911,#2912);
#2910 = CARTESIAN_POINT('',(1.27,6.095124405192E-15,9.15));
#2911 = DIRECTION('',(0.,-1.,6.661338147751E-16));
#2912 = DIRECTION('',(1.,0.,0.));
#2913 = ORIENTED_EDGE('',*,*,#2903,.F.);
#2914 = ORIENTED_EDGE('',*,*,#2915,.F.);
#2915 = EDGE_CURVE('',#2904,#2904,#2916,.T.);
#2916 = CIRCLE('',#2917,2.45);
#2917 = AXIS2_PLACEMENT_3D('',#2918,#2919,#2920);
#2918 = CARTESIAN_POINT('',(1.27,4.063416270128E-15,9.15));
#2919 = DIRECTION('',(-4.379057701015E-47,-4.440892098501E-16,-1.));
#2920 = DIRECTION('',(1.,8.292686265567E-16,-3.68269249121E-31));
#2921 = SPHERICAL_SURFACE('',#2922,2.45);
#2922 = AXIS2_PLACEMENT_3D('',#2923,#2924,#2925);
#2923 = CARTESIAN_POINT('',(1.27,6.095124405192E-15,9.15));
#2924 = DIRECTION('',(0.,4.440892098501E-16,1.));
#2925 = DIRECTION('',(1.,1.394807543452E-15,-6.194189798646E-31));
#2926 = ADVANCED_FACE('',(#2927),#2946,.T.);
#2927 = FACE_BOUND('',#2928,.T.);
#2928 = EDGE_LOOP('',(#2929,#2937,#2938,#2939));
#2929 = ORIENTED_EDGE('',*,*,#2930,.F.);
#2930 = EDGE_CURVE('',#2904,#2931,#2933,.T.);
#2931 = VERTEX_POINT('',#2932);
#2932 = CARTESIAN_POINT('',(3.72,2.6645352591E-15,4.));
#2933 = LINE('',#2934,#2935);
#2934 = CARTESIAN_POINT('',(3.72,6.095124405192E-15,9.15));
#2935 = VECTOR('',#2936,1.);
#2936 = DIRECTION('',(0.,-6.661338147751E-16,-1.));
#2937 = ORIENTED_EDGE('',*,*,#2915,.T.);
#2938 = ORIENTED_EDGE('',*,*,#2930,.T.);
#2939 = ORIENTED_EDGE('',*,*,#2940,.F.);
#2940 = EDGE_CURVE('',#2931,#2931,#2941,.T.);
#2941 = CIRCLE('',#2942,2.45);
#2942 = AXIS2_PLACEMENT_3D('',#2943,#2944,#2945);
#2943 = CARTESIAN_POINT('',(1.27,1.7763568394E-15,4.));
#2944 = DIRECTION('',(-2.189528850508E-47,-4.440892098501E-16,-1.));
#2945 = DIRECTION('',(1.,3.625218039592E-16,-1.609920214737E-31));
#2946 = CYLINDRICAL_SURFACE('',#2947,2.45);
#2947 = AXIS2_PLACEMENT_3D('',#2948,#2949,#2950);
#2948 = CARTESIAN_POINT('',(1.27,4.063416270128E-15,9.15));
#2949 = DIRECTION('',(0.,-4.440892098501E-16,-1.));
#2950 = DIRECTION('',(1.,8.292686265567E-16,-3.68269249121E-31));
#2951 = ADVANCED_FACE('',(#2952,#2971),#2974,.F.);
#2952 = FACE_BOUND('',#2953,.F.);
#2953 = EDGE_LOOP('',(#2954,#2965));
#2954 = ORIENTED_EDGE('',*,*,#2955,.F.);
#2955 = EDGE_CURVE('',#2956,#2958,#2960,.T.);
#2956 = VERTEX_POINT('',#2957);
#2957 = CARTESIAN_POINT('',(-1.229999999999,-1.46969384567,4.));
#2958 = VERTEX_POINT('',#2959);
#2959 = CARTESIAN_POINT('',(-1.23,1.469693845669,4.));
#2960 = CIRCLE('',#2961,2.9);
#2961 = AXIS2_PLACEMENT_3D('',#2962,#2963,#2964);
#2962 = CARTESIAN_POINT('',(1.27,0.,4.));
#2963 = DIRECTION('',(0.,0.,1.));
#2964 = DIRECTION('',(1.,0.,-0.));
#2965 = ORIENTED_EDGE('',*,*,#2966,.T.);
#2966 = EDGE_CURVE('',#2956,#2958,#2967,.T.);
#2967 = LINE('',#2968,#2969);
#2968 = CARTESIAN_POINT('',(-1.229999999999,-1.46969384567,4.));
#2969 = VECTOR('',#2970,1.);
#2970 = DIRECTION('',(0.,1.,0.));
#2971 = FACE_BOUND('',#2972,.F.);
#2972 = EDGE_LOOP('',(#2973));
#2973 = ORIENTED_EDGE('',*,*,#2940,.F.);
#2974 = PLANE('',#2975);
#2975 = AXIS2_PLACEMENT_3D('',#2976,#2977,#2978);
#2976 = CARTESIAN_POINT('',(-1.229999999999,-1.469693845671,4.));
#2977 = DIRECTION('',(0.,0.,-1.));
#2978 = DIRECTION('',(-1.,0.,0.));
#2979 = ADVANCED_FACE('',(#2980),#3006,.T.);
#2980 = FACE_BOUND('',#2981,.T.);
#2981 = EDGE_LOOP('',(#2982,#2993,#2999,#3000));
#2982 = ORIENTED_EDGE('',*,*,#2983,.T.);
#2983 = EDGE_CURVE('',#2984,#2986,#2988,.T.);
#2984 = VERTEX_POINT('',#2985);
#2985 = CARTESIAN_POINT('',(-1.229999999999,-1.46969384567,3.));
#2986 = VERTEX_POINT('',#2987);
#2987 = CARTESIAN_POINT('',(-1.23,1.469693845669,3.));
#2988 = CIRCLE('',#2989,2.9);
#2989 = AXIS2_PLACEMENT_3D('',#2990,#2991,#2992);
#2990 = CARTESIAN_POINT('',(1.27,0.,3.));
#2991 = DIRECTION('',(0.,0.,1.));
#2992 = DIRECTION('',(1.,0.,-0.));
#2993 = ORIENTED_EDGE('',*,*,#2994,.T.);
#2994 = EDGE_CURVE('',#2986,#2958,#2995,.T.);
#2995 = LINE('',#2996,#2997);
#2996 = CARTESIAN_POINT('',(-1.23,1.469693845669,3.));
#2997 = VECTOR('',#2998,1.);
#2998 = DIRECTION('',(0.,0.,1.));
#2999 = ORIENTED_EDGE('',*,*,#2955,.F.);
#3000 = ORIENTED_EDGE('',*,*,#3001,.F.);
#3001 = EDGE_CURVE('',#2984,#2956,#3002,.T.);
#3002 = LINE('',#3003,#3004);
#3003 = CARTESIAN_POINT('',(-1.229999999999,-1.46969384567,3.));
#3004 = VECTOR('',#3005,1.);
#3005 = DIRECTION('',(0.,0.,1.));
#3006 = CYLINDRICAL_SURFACE('',#3007,2.9);
#3007 = AXIS2_PLACEMENT_3D('',#3008,#3009,#3010);
#3008 = CARTESIAN_POINT('',(1.27,0.,3.));
#3009 = DIRECTION('',(-0.,-0.,-1.));
#3010 = DIRECTION('',(1.,0.,0.));
#3011 = ADVANCED_FACE('',(#3012),#3023,.T.);
#3012 = FACE_BOUND('',#3013,.T.);
#3013 = EDGE_LOOP('',(#3014,#3015,#3016,#3017));
#3014 = ORIENTED_EDGE('',*,*,#3001,.T.);
#3015 = ORIENTED_EDGE('',*,*,#2966,.T.);
#3016 = ORIENTED_EDGE('',*,*,#2994,.F.);
#3017 = ORIENTED_EDGE('',*,*,#3018,.F.);
#3018 = EDGE_CURVE('',#2984,#2986,#3019,.T.);
#3019 = LINE('',#3020,#3021);
#3020 = CARTESIAN_POINT('',(-1.229999999999,-1.46969384567,3.));
#3021 = VECTOR('',#3022,1.);
#3022 = DIRECTION('',(0.,1.,0.));
#3023 = PLANE('',#3024);
#3024 = AXIS2_PLACEMENT_3D('',#3025,#3026,#3027);
#3025 = CARTESIAN_POINT('',(-1.229999999999,-1.46969384567,3.));
#3026 = DIRECTION('',(-1.,0.,0.));
#3027 = DIRECTION('',(0.,1.,0.));
#3028 = ADVANCED_FACE('',(#3029,#3033,#3067),#3101,.T.);
#3029 = FACE_BOUND('',#3030,.T.);
#3030 = EDGE_LOOP('',(#3031,#3032));
#3031 = ORIENTED_EDGE('',*,*,#2983,.F.);
#3032 = ORIENTED_EDGE('',*,*,#3018,.T.);
#3033 = FACE_BOUND('',#3034,.T.);
#3034 = EDGE_LOOP('',(#3035,#3045,#3053,#3061));
#3035 = ORIENTED_EDGE('',*,*,#3036,.T.);
#3036 = EDGE_CURVE('',#3037,#3039,#3041,.T.);
#3037 = VERTEX_POINT('',#3038);
#3038 = CARTESIAN_POINT('',(-0.2,-0.2,3.));
#3039 = VERTEX_POINT('',#3040);
#3040 = CARTESIAN_POINT('',(0.2,-0.2,3.));
#3041 = LINE('',#3042,#3043);
#3042 = CARTESIAN_POINT('',(-0.515,-0.2,3.));
#3043 = VECTOR('',#3044,1.);
#3044 = DIRECTION('',(1.,0.,0.));
#3045 = ORIENTED_EDGE('',*,*,#3046,.T.);
#3046 = EDGE_CURVE('',#3039,#3047,#3049,.T.);
#3047 = VERTEX_POINT('',#3048);
#3048 = CARTESIAN_POINT('',(0.2,0.2,3.));
#3049 = LINE('',#3050,#3051);
#3050 = CARTESIAN_POINT('',(0.2,-0.634846922835,3.));
#3051 = VECTOR('',#3052,1.);
#3052 = DIRECTION('',(0.,1.,0.));
#3053 = ORIENTED_EDGE('',*,*,#3054,.T.);
#3054 = EDGE_CURVE('',#3047,#3055,#3057,.T.);
#3055 = VERTEX_POINT('',#3056);
#3056 = CARTESIAN_POINT('',(-0.2,0.2,3.));
#3057 = LINE('',#3058,#3059);
#3058 = CARTESIAN_POINT('',(-0.715,0.2,3.));
#3059 = VECTOR('',#3060,1.);
#3060 = DIRECTION('',(-1.,-0.,-0.));
#3061 = ORIENTED_EDGE('',*,*,#3062,.T.);
#3062 = EDGE_CURVE('',#3055,#3037,#3063,.T.);
#3063 = LINE('',#3064,#3065);
#3064 = CARTESIAN_POINT('',(-0.2,-0.834846922835,3.));
#3065 = VECTOR('',#3066,1.);
#3066 = DIRECTION('',(0.,-1.,0.));
#3067 = FACE_BOUND('',#3068,.T.);
#3068 = EDGE_LOOP('',(#3069,#3079,#3087,#3095));
#3069 = ORIENTED_EDGE('',*,*,#3070,.T.);
#3070 = EDGE_CURVE('',#3071,#3073,#3075,.T.);
#3071 = VERTEX_POINT('',#3072);
#3072 = CARTESIAN_POINT('',(2.34,0.2,3.));
#3073 = VERTEX_POINT('',#3074);
#3074 = CARTESIAN_POINT('',(2.34,-0.2,3.));
#3075 = LINE('',#3076,#3077);
#3076 = CARTESIAN_POINT('',(2.34,-0.834846922835,3.));
#3077 = VECTOR('',#3078,1.);
#3078 = DIRECTION('',(0.,-1.,0.));
#3079 = ORIENTED_EDGE('',*,*,#3080,.T.);
#3080 = EDGE_CURVE('',#3073,#3081,#3083,.T.);
#3081 = VERTEX_POINT('',#3082);
#3082 = CARTESIAN_POINT('',(2.74,-0.2,3.));
#3083 = LINE('',#3084,#3085);
#3084 = CARTESIAN_POINT('',(0.755,-0.2,3.));
#3085 = VECTOR('',#3086,1.);
#3086 = DIRECTION('',(1.,0.,0.));
#3087 = ORIENTED_EDGE('',*,*,#3088,.T.);
#3088 = EDGE_CURVE('',#3081,#3089,#3091,.T.);
#3089 = VERTEX_POINT('',#3090);
#3090 = CARTESIAN_POINT('',(2.74,0.2,3.));
#3091 = LINE('',#3092,#3093);
#3092 = CARTESIAN_POINT('',(2.74,-0.634846922835,3.));
#3093 = VECTOR('',#3094,1.);
#3094 = DIRECTION('',(0.,1.,0.));
#3095 = ORIENTED_EDGE('',*,*,#3096,.T.);
#3096 = EDGE_CURVE('',#3089,#3071,#3097,.T.);
#3097 = LINE('',#3098,#3099);
#3098 = CARTESIAN_POINT('',(0.555,0.2,3.));
#3099 = VECTOR('',#3100,1.);
#3100 = DIRECTION('',(-1.,-0.,-0.));
#3101 = PLANE('',#3102);
#3102 = AXIS2_PLACEMENT_3D('',#3103,#3104,#3105);
#3103 = CARTESIAN_POINT('',(-1.229999999999,-1.469693845671,3.));
#3104 = DIRECTION('',(0.,0.,-1.));
#3105 = DIRECTION('',(-1.,0.,0.));
#3106 = ADVANCED_FACE('',(#3107),#3132,.F.);
#3107 = FACE_BOUND('',#3108,.F.);
#3108 = EDGE_LOOP('',(#3109,#3110,#3118,#3126));
#3109 = ORIENTED_EDGE('',*,*,#3036,.T.);
#3110 = ORIENTED_EDGE('',*,*,#3111,.T.);
#3111 = EDGE_CURVE('',#3039,#3112,#3114,.T.);
#3112 = VERTEX_POINT('',#3113);
#3113 = CARTESIAN_POINT('',(0.2,-0.2,-2.5));
#3114 = LINE('',#3115,#3116);
#3115 = CARTESIAN_POINT('',(0.2,-0.2,3.5));
#3116 = VECTOR('',#3117,1.);
#3117 = DIRECTION('',(-0.,-0.,-1.));
#3118 = ORIENTED_EDGE('',*,*,#3119,.T.);
#3119 = EDGE_CURVE('',#3112,#3120,#3122,.T.);
#3120 = VERTEX_POINT('',#3121);
#3121 = CARTESIAN_POINT('',(-0.2,-0.2,-2.5));
#3122 = LINE('',#3123,#3124);
#3123 = CARTESIAN_POINT('',(0.2,-0.2,-2.5));
#3124 = VECTOR('',#3125,1.);
#3125 = DIRECTION('',(-1.,0.,0.));
#3126 = ORIENTED_EDGE('',*,*,#3127,.F.);
#3127 = EDGE_CURVE('',#3037,#3120,#3128,.T.);
#3128 = LINE('',#3129,#3130);
#3129 = CARTESIAN_POINT('',(-0.2,-0.2,3.5));
#3130 = VECTOR('',#3131,1.);
#3131 = DIRECTION('',(-0.,-0.,-1.));
#3132 = PLANE('',#3133);
#3133 = AXIS2_PLACEMENT_3D('',#3134,#3135,#3136);
#3134 = CARTESIAN_POINT('',(0.2,-0.2,3.5));
#3135 = DIRECTION('',(0.,1.,0.));
#3136 = DIRECTION('',(-1.,0.,0.));
#3137 = ADVANCED_FACE('',(#3138),#3156,.F.);
#3138 = FACE_BOUND('',#3139,.F.);
#3139 = EDGE_LOOP('',(#3140,#3141,#3142,#3150));
#3140 = ORIENTED_EDGE('',*,*,#3062,.T.);
#3141 = ORIENTED_EDGE('',*,*,#3127,.T.);
#3142 = ORIENTED_EDGE('',*,*,#3143,.T.);
#3143 = EDGE_CURVE('',#3120,#3144,#3146,.T.);
#3144 = VERTEX_POINT('',#3145);
#3145 = CARTESIAN_POINT('',(-0.2,0.2,-2.5));
#3146 = LINE('',#3147,#3148);
#3147 = CARTESIAN_POINT('',(-0.2,-0.2,-2.5));
#3148 = VECTOR('',#3149,1.);
#3149 = DIRECTION('',(0.,1.,0.));
#3150 = ORIENTED_EDGE('',*,*,#3151,.F.);
#3151 = EDGE_CURVE('',#3055,#3144,#3152,.T.);
#3152 = LINE('',#3153,#3154);
#3153 = CARTESIAN_POINT('',(-0.2,0.2,3.5));
#3154 = VECTOR('',#3155,1.);
#3155 = DIRECTION('',(-0.,-0.,-1.));
#3156 = PLANE('',#3157);
#3157 = AXIS2_PLACEMENT_3D('',#3158,#3159,#3160);
#3158 = CARTESIAN_POINT('',(-0.2,-0.2,3.5));
#3159 = DIRECTION('',(1.,0.,0.));
#3160 = DIRECTION('',(-0.,1.,0.));
#3161 = ADVANCED_FACE('',(#3162),#3180,.F.);
#3162 = FACE_BOUND('',#3163,.F.);
#3163 = EDGE_LOOP('',(#3164,#3165,#3166,#3174));
#3164 = ORIENTED_EDGE('',*,*,#3054,.T.);
#3165 = ORIENTED_EDGE('',*,*,#3151,.T.);
#3166 = ORIENTED_EDGE('',*,*,#3167,.T.);
#3167 = EDGE_CURVE('',#3144,#3168,#3170,.T.);
#3168 = VERTEX_POINT('',#3169);
#3169 = CARTESIAN_POINT('',(0.2,0.2,-2.5));
#3170 = LINE('',#3171,#3172);
#3171 = CARTESIAN_POINT('',(-0.2,0.2,-2.5));
#3172 = VECTOR('',#3173,1.);
#3173 = DIRECTION('',(1.,0.,0.));
#3174 = ORIENTED_EDGE('',*,*,#3175,.F.);
#3175 = EDGE_CURVE('',#3047,#3168,#3176,.T.);
#3176 = LINE('',#3177,#3178);
#3177 = CARTESIAN_POINT('',(0.2,0.2,3.5));
#3178 = VECTOR('',#3179,1.);
#3179 = DIRECTION('',(-0.,-0.,-1.));
#3180 = PLANE('',#3181);
#3181 = AXIS2_PLACEMENT_3D('',#3182,#3183,#3184);
#3182 = CARTESIAN_POINT('',(-0.2,0.2,3.5));
#3183 = DIRECTION('',(0.,-1.,0.));
#3184 = DIRECTION('',(1.,0.,0.));
#3185 = ADVANCED_FACE('',(#3186),#3197,.F.);
#3186 = FACE_BOUND('',#3187,.F.);
#3187 = EDGE_LOOP('',(#3188,#3189,#3190,#3196));
#3188 = ORIENTED_EDGE('',*,*,#3046,.T.);
#3189 = ORIENTED_EDGE('',*,*,#3175,.T.);
#3190 = ORIENTED_EDGE('',*,*,#3191,.T.);
#3191 = EDGE_CURVE('',#3168,#3112,#3192,.T.);
#3192 = LINE('',#3193,#3194);
#3193 = CARTESIAN_POINT('',(0.2,0.2,-2.5));
#3194 = VECTOR('',#3195,1.);
#3195 = DIRECTION('',(0.,-1.,0.));
#3196 = ORIENTED_EDGE('',*,*,#3111,.F.);
#3197 = PLANE('',#3198);
#3198 = AXIS2_PLACEMENT_3D('',#3199,#3200,#3201);
#3199 = CARTESIAN_POINT('',(0.2,0.2,3.5));
#3200 = DIRECTION('',(-1.,0.,0.));
#3201 = DIRECTION('',(0.,-1.,0.));
#3202 = ADVANCED_FACE('',(#3203),#3228,.F.);
#3203 = FACE_BOUND('',#3204,.F.);
#3204 = EDGE_LOOP('',(#3205,#3206,#3214,#3222));
#3205 = ORIENTED_EDGE('',*,*,#3070,.T.);
#3206 = ORIENTED_EDGE('',*,*,#3207,.T.);
#3207 = EDGE_CURVE('',#3073,#3208,#3210,.T.);
#3208 = VERTEX_POINT('',#3209);
#3209 = CARTESIAN_POINT('',(2.34,-0.2,-2.5));
#3210 = LINE('',#3211,#3212);
#3211 = CARTESIAN_POINT('',(2.34,-0.2,3.5));
#3212 = VECTOR('',#3213,1.);
#3213 = DIRECTION('',(-0.,-0.,-1.));
#3214 = ORIENTED_EDGE('',*,*,#3215,.T.);
#3215 = EDGE_CURVE('',#3208,#3216,#3218,.T.);
#3216 = VERTEX_POINT('',#3217);
#3217 = CARTESIAN_POINT('',(2.34,0.2,-2.5));
#3218 = LINE('',#3219,#3220);
#3219 = CARTESIAN_POINT('',(2.34,-0.2,-2.5));
#3220 = VECTOR('',#3221,1.);
#3221 = DIRECTION('',(0.,1.,0.));
#3222 = ORIENTED_EDGE('',*,*,#3223,.F.);
#3223 = EDGE_CURVE('',#3071,#3216,#3224,.T.);
#3224 = LINE('',#3225,#3226);
#3225 = CARTESIAN_POINT('',(2.34,0.2,3.5));
#3226 = VECTOR('',#3227,1.);
#3227 = DIRECTION('',(-0.,-0.,-1.));
#3228 = PLANE('',#3229);
#3229 = AXIS2_PLACEMENT_3D('',#3230,#3231,#3232);
#3230 = CARTESIAN_POINT('',(2.34,-0.2,3.5));
#3231 = DIRECTION('',(1.,0.,0.));
#3232 = DIRECTION('',(-0.,1.,0.));
#3233 = ADVANCED_FACE('',(#3234),#3252,.F.);
#3234 = FACE_BOUND('',#3235,.F.);
#3235 = EDGE_LOOP('',(#3236,#3237,#3238,#3246));
#3236 = ORIENTED_EDGE('',*,*,#3096,.T.);
#3237 = ORIENTED_EDGE('',*,*,#3223,.T.);
#3238 = ORIENTED_EDGE('',*,*,#3239,.T.);
#3239 = EDGE_CURVE('',#3216,#3240,#3242,.T.);
#3240 = VERTEX_POINT('',#3241);
#3241 = CARTESIAN_POINT('',(2.74,0.2,-2.5));
#3242 = LINE('',#3243,#3244);
#3243 = CARTESIAN_POINT('',(2.34,0.2,-2.5));
#3244 = VECTOR('',#3245,1.);
#3245 = DIRECTION('',(1.,0.,0.));
#3246 = ORIENTED_EDGE('',*,*,#3247,.F.);
#3247 = EDGE_CURVE('',#3089,#3240,#3248,.T.);
#3248 = LINE('',#3249,#3250);
#3249 = CARTESIAN_POINT('',(2.74,0.2,3.5));
#3250 = VECTOR('',#3251,1.);
#3251 = DIRECTION('',(-0.,-0.,-1.));
#3252 = PLANE('',#3253);
#3253 = AXIS2_PLACEMENT_3D('',#3254,#3255,#3256);
#3254 = CARTESIAN_POINT('',(2.34,0.2,3.5));
#3255 = DIRECTION('',(0.,-1.,0.));
#3256 = DIRECTION('',(1.,0.,0.));
#3257 = ADVANCED_FACE('',(#3258),#3276,.F.);
#3258 = FACE_BOUND('',#3259,.F.);
#3259 = EDGE_LOOP('',(#3260,#3261,#3262,#3270));
#3260 = ORIENTED_EDGE('',*,*,#3088,.T.);
#3261 = ORIENTED_EDGE('',*,*,#3247,.T.);
#3262 = ORIENTED_EDGE('',*,*,#3263,.T.);
#3263 = EDGE_CURVE('',#3240,#3264,#3266,.T.);
#3264 = VERTEX_POINT('',#3265);
#3265 = CARTESIAN_POINT('',(2.74,-0.2,-2.5));
#3266 = LINE('',#3267,#3268);
#3267 = CARTESIAN_POINT('',(2.74,0.2,-2.5));
#3268 = VECTOR('',#3269,1.);
#3269 = DIRECTION('',(0.,-1.,0.));
#3270 = ORIENTED_EDGE('',*,*,#3271,.F.);
#3271 = EDGE_CURVE('',#3081,#3264,#3272,.T.);
#3272 = LINE('',#3273,#3274);
#3273 = CARTESIAN_POINT('',(2.74,-0.2,3.5));
#3274 = VECTOR('',#3275,1.);
#3275 = DIRECTION('',(-0.,-0.,-1.));
#3276 = PLANE('',#3277);
#3277 = AXIS2_PLACEMENT_3D('',#3278,#3279,#3280);
#3278 = CARTESIAN_POINT('',(2.74,0.2,3.5));
#3279 = DIRECTION('',(-1.,0.,0.));
#3280 = DIRECTION('',(0.,-1.,0.));
#3281 = ADVANCED_FACE('',(#3282),#3293,.F.);
#3282 = FACE_BOUND('',#3283,.F.);
#3283 = EDGE_LOOP('',(#3284,#3285,#3286,#3292));
#3284 = ORIENTED_EDGE('',*,*,#3080,.T.);
#3285 = ORIENTED_EDGE('',*,*,#3271,.T.);
#3286 = ORIENTED_EDGE('',*,*,#3287,.T.);
#3287 = EDGE_CURVE('',#3264,#3208,#3288,.T.);
#3288 = LINE('',#3289,#3290);
#3289 = CARTESIAN_POINT('',(2.74,-0.2,-2.5));
#3290 = VECTOR('',#3291,1.);
#3291 = DIRECTION('',(-1.,0.,0.));
#3292 = ORIENTED_EDGE('',*,*,#3207,.F.);
#3293 = PLANE('',#3294);
#3294 = AXIS2_PLACEMENT_3D('',#3295,#3296,#3297);
#3295 = CARTESIAN_POINT('',(2.74,-0.2,3.5));
#3296 = DIRECTION('',(0.,1.,0.));
#3297 = DIRECTION('',(-1.,0.,0.));
#3298 = ADVANCED_FACE('',(#3299),#3305,.F.);
#3299 = FACE_BOUND('',#3300,.T.);
#3300 = EDGE_LOOP('',(#3301,#3302,#3303,#3304));
#3301 = ORIENTED_EDGE('',*,*,#3167,.T.);
#3302 = ORIENTED_EDGE('',*,*,#3191,.T.);
#3303 = ORIENTED_EDGE('',*,*,#3119,.T.);
#3304 = ORIENTED_EDGE('',*,*,#3143,.T.);
#3305 = PLANE('',#3306);
#3306 = AXIS2_PLACEMENT_3D('',#3307,#3308,#3309);
#3307 = CARTESIAN_POINT('',(-0.2,0.2,-2.5));
#3308 = DIRECTION('',(0.,0.,1.));
#3309 = DIRECTION('',(1.,0.,-0.));
#3310 = ADVANCED_FACE('',(#3311),#3317,.F.);
#3311 = FACE_BOUND('',#3312,.T.);
#3312 = EDGE_LOOP('',(#3313,#3314,#3315,#3316));
#3313 = ORIENTED_EDGE('',*,*,#3239,.T.);
#3314 = ORIENTED_EDGE('',*,*,#3263,.T.);
#3315 = ORIENTED_EDGE('',*,*,#3287,.T.);
#3316 = ORIENTED_EDGE('',*,*,#3215,.T.);
#3317 = PLANE('',#3318);
#3318 = AXIS2_PLACEMENT_3D('',#3319,#3320,#3321);
#3319 = CARTESIAN_POINT('',(2.34,0.2,-2.5));
#3320 = DIRECTION('',(0.,0.,1.));
#3321 = DIRECTION('',(1.,0.,-0.));
#3322 = ( GEOMETRIC_REPRESENTATION_CONTEXT(3) 
GLOBAL_UNCERTAINTY_ASSIGNED_CONTEXT((#3326)) 
GLOBAL_UNIT_ASSIGNED_CONTEXT((#3323,#3324,#3325)) REPRESENTATION_CONTEXT
('Context #1','3D Context with UNIT and UNCERTAINTY') );
#3323 = ( LENGTH_UNIT() NAMED_UNIT(*) SI_UNIT(.MILLI.,.METRE.) );
#3324 = ( NAMED_UNIT(*) PLANE_ANGLE_UNIT() SI_UNIT($,.RADIAN.) );
#3325 = ( NAMED_UNIT(*) SI_UNIT($,.STERADIAN.) SOLID_ANGLE_UNIT() );
#3326 = UNCERTAINTY_MEASURE_WITH_UNIT(LENGTH_MEASURE(1.E-07),#3323,
  'distance_accuracy_value','confusion accuracy');
#3327 = CONTEXT_DEPENDENT_SHAPE_REPRESENTATION(#3328,#3330);
#3328 = ( REPRESENTATION_RELATIONSHIP('','',#2896,#2873) 
REPRESENTATION_RELATIONSHIP_WITH_TRANSFORMATION(#3329) 
SHAPE_REPRESENTATION_RELATIONSHIP() );
#3329 = ITEM_DEFINED_TRANSFORMATION('','',#11,#2874);
#3330 = PRODUCT_DEFINITION_SHAPE('Placement','Placement of an item',
  #3331);
#3331 = NEXT_ASSEMBLY_USAGE_OCCURRENCE('6','=>[0:1:1:7]','',#2868,#2891,
  $);
#3332 = PRODUCT_RELATED_PRODUCT_CATEGORY('part',$,(#2893));
#3333 = CONTEXT_DEPENDENT_SHAPE_REPRESENTATION(#3334,#3336);
#3334 = ( REPRESENTATION_RELATIONSHIP('','',#2491,#10) 
REPRESENTATION_RELATIONSHIP_WITH_TRANSFORMATION(#3335) 
SHAPE_REPRESENTATION_RELATIONSHIP() );
#3335 = ITEM_DEFINED_TRANSFORMATION('','',#11,#31);
#3336 = PRODUCT_DEFINITION_SHAPE('Placement','Placement of an item',
  #3337);
#3337 = NEXT_ASSEMBLY_USAGE_OCCURRENCE('8','D2','',#5,#2486,$);
#3338 = CONTEXT_DEPENDENT_SHAPE_REPRESENTATION(#3339,#3341);
#3339 = ( REPRESENTATION_RELATIONSHIP('','',#76,#10) 
REPRESENTATION_RELATIONSHIP_WITH_TRANSFORMATION(#3340) 
SHAPE_REPRESENTATION_RELATIONSHIP() );
#3340 = ITEM_DEFINED_TRANSFORMATION('','',#11,#35);
#3341 = PRODUCT_DEFINITION_SHAPE('Placement','Placement of an item',
  #3342);
#3342 = NEXT_ASSEMBLY_USAGE_OCCURRENCE('9','J1','',#5,#71,$);
#3343 = SHAPE_DEFINITION_REPRESENTATION(#3344,#3350);
#3344 = PRODUCT_DEFINITION_SHAPE('','',#3345);
#3345 = PRODUCT_DEFINITION('design','',#3346,#3349);
#3346 = PRODUCT_DEFINITION_FORMATION('','',#3347);
#3347 = PRODUCT('R_Axial_DIN0207_L6.3mm_D2.5mm_P7.62mm_Horizontal',
  'R_Axial_DIN0207_L6.3mm_D2.5mm_P7.62mm_Horizontal','',(#3348));
#3348 = PRODUCT_CONTEXT('',#2,'mechanical');
#3349 = PRODUCT_DEFINITION_CONTEXT('part definition',#2,'design');
#3350 = SHAPE_REPRESENTATION('',(#11,#3351),#3355);
#3351 = AXIS2_PLACEMENT_3D('',#3352,#3353,#3354);
#3352 = CARTESIAN_POINT('',(0.,0.,0.));
#3353 = DIRECTION('',(0.,0.,1.));
#3354 = DIRECTION('',(1.,0.,-0.));
#3355 = ( GEOMETRIC_REPRESENTATION_CONTEXT(3) 
GLOBAL_UNCERTAINTY_ASSIGNED_CONTEXT((#3359)) 
GLOBAL_UNIT_ASSIGNED_CONTEXT((#3356,#3357,#3358)) REPRESENTATION_CONTEXT
('Context #1','3D Context with UNIT and UNCERTAINTY') );
#3356 = ( LENGTH_UNIT() NAMED_UNIT(*) SI_UNIT(.MILLI.,.METRE.) );
#3357 = ( NAMED_UNIT(*) PLANE_ANGLE_UNIT() SI_UNIT($,.RADIAN.) );
#3358 = ( NAMED_UNIT(*) SI_UNIT($,.STERADIAN.) SOLID_ANGLE_UNIT() );
#3359 = UNCERTAINTY_MEASURE_WITH_UNIT(LENGTH_MEASURE(1.E-07),#3356,
  'distance_accuracy_value','confusion accuracy');
#3360 = CONTEXT_DEPENDENT_SHAPE_REPRESENTATION(#3361,#3363);
#3361 = ( REPRESENTATION_RELATIONSHIP('','',#3350,#10) 
REPRESENTATION_RELATIONSHIP_WITH_TRANSFORMATION(#3362) 
SHAPE_REPRESENTATION_RELATIONSHIP() );
#3362 = ITEM_DEFINED_TRANSFORMATION('','',#11,#39);
#3363 = PRODUCT_DEFINITION_SHAPE('Placement','Placement of an item',
  #3364);
#3364 = NEXT_ASSEMBLY_USAGE_OCCURRENCE('11','R1','',#5,#3345,$);
#3365 = PRODUCT_RELATED_PRODUCT_CATEGORY('part',$,(#3347));
#3366 = SHAPE_DEFINITION_REPRESENTATION(#3367,#3373);
#3367 = PRODUCT_DEFINITION_SHAPE('','',#3368);
#3368 = PRODUCT_DEFINITION('design','',#3369,#3372);
#3369 = PRODUCT_DEFINITION_FORMATION('','',#3370);
#3370 = PRODUCT('R_Axial_DIN0207_L63mm_D25mm_P762mm_Horizontal',
  'R_Axial_DIN0207_L63mm_D25mm_P762mm_Horizontal','',(#3371));
#3371 = PRODUCT_CONTEXT('',#2,'mechanical');
#3372 = PRODUCT_DEFINITION_CONTEXT('part definition',#2,'design');
#3373 = ADVANCED_BREP_SHAPE_REPRESENTATION('',(#11,#3374),#4037);
#3374 = MANIFOLD_SOLID_BREP('',#3375);
#3375 = CLOSED_SHELL('',(#3376,#3409,#3435,#3455,#3638,#3663,#3689,#3709
    ,#3734,#3759,#3768,#3794,#3977,#4003,#4028));
#3376 = ADVANCED_FACE('',(#3377),#3404,.T.);
#3377 = FACE_BOUND('',#3378,.T.);
#3378 = EDGE_LOOP('',(#3379,#3388,#3396,#3403));
#3379 = ORIENTED_EDGE('',*,*,#3380,.T.);
#3380 = EDGE_CURVE('',#3381,#3381,#3383,.T.);
#3381 = VERTEX_POINT('',#3382);
#3382 = CARTESIAN_POINT('',(1.285,1.25,1.25));
#3383 = CIRCLE('',#3384,1.25);
#3384 = AXIS2_PLACEMENT_3D('',#3385,#3386,#3387);
#3385 = CARTESIAN_POINT('',(1.285,0.,1.25));
#3386 = DIRECTION('',(1.,0.,0.));
#3387 = DIRECTION('',(-0.,1.,0.));
#3388 = ORIENTED_EDGE('',*,*,#3389,.T.);
#3389 = EDGE_CURVE('',#3381,#3390,#3392,.T.);
#3390 = VERTEX_POINT('',#3391);
#3391 = CARTESIAN_POINT('',(2.235,1.25,1.25));
#3392 = LINE('',#3393,#3394);
#3393 = CARTESIAN_POINT('',(0.66,1.25,1.25));
#3394 = VECTOR('',#3395,1.);
#3395 = DIRECTION('',(1.,0.,0.));
#3396 = ORIENTED_EDGE('',*,*,#3397,.F.);
#3397 = EDGE_CURVE('',#3390,#3390,#3398,.T.);
#3398 = CIRCLE('',#3399,1.25);
#3399 = AXIS2_PLACEMENT_3D('',#3400,#3401,#3402);
#3400 = CARTESIAN_POINT('',(2.235,0.,1.25));
#3401 = DIRECTION('',(1.,0.,0.));
#3402 = DIRECTION('',(-0.,1.,0.));
#3403 = ORIENTED_EDGE('',*,*,#3389,.F.);
#3404 = CYLINDRICAL_SURFACE('',#3405,1.25);
#3405 = AXIS2_PLACEMENT_3D('',#3406,#3407,#3408);
#3406 = CARTESIAN_POINT('',(0.66,0.,1.25));
#3407 = DIRECTION('',(-1.,-0.,-0.));
#3408 = DIRECTION('',(0.,1.,0.));
#3409 = ADVANCED_FACE('',(#3410),#3430,.T.);
#3410 = FACE_BOUND('',#3411,.T.);
#3411 = EDGE_LOOP('',(#3412,#3421,#3428,#3429));
#3412 = ORIENTED_EDGE('',*,*,#3413,.T.);
#3413 = EDGE_CURVE('',#3414,#3414,#3416,.T.);
#3414 = VERTEX_POINT('',#3415);
#3415 = CARTESIAN_POINT('',(0.66,0.625,1.25));
#3416 = CIRCLE('',#3417,0.625);
#3417 = AXIS2_PLACEMENT_3D('',#3418,#3419,#3420);
#3418 = CARTESIAN_POINT('',(0.66,0.,1.25));
#3419 = DIRECTION('',(1.,0.,0.));
#3420 = DIRECTION('',(-0.,1.,0.));
#3421 = ORIENTED_EDGE('',*,*,#3422,.F.);
#3422 = EDGE_CURVE('',#3381,#3414,#3423,.T.);
#3423 = CIRCLE('',#3424,0.625);
#3424 = AXIS2_PLACEMENT_3D('',#3425,#3426,#3427);
#3425 = CARTESIAN_POINT('',(1.285,0.625,1.25));
#3426 = DIRECTION('',(0.,-0.,1.));
#3427 = DIRECTION('',(0.,1.,0.));
#3428 = ORIENTED_EDGE('',*,*,#3380,.F.);
#3429 = ORIENTED_EDGE('',*,*,#3422,.T.);
#3430 = TOROIDAL_SURFACE('',#3431,0.625,0.625);
#3431 = AXIS2_PLACEMENT_3D('',#3432,#3433,#3434);
#3432 = CARTESIAN_POINT('',(1.285,0.,1.25));
#3433 = DIRECTION('',(-1.,0.,0.));
#3434 = DIRECTION('',(0.,1.,0.));
#3435 = ADVANCED_FACE('',(#3436,#3439),#3450,.F.);
#3436 = FACE_BOUND('',#3437,.F.);
#3437 = EDGE_LOOP('',(#3438));
#3438 = ORIENTED_EDGE('',*,*,#3397,.F.);
#3439 = FACE_BOUND('',#3440,.F.);
#3440 = EDGE_LOOP('',(#3441));
#3441 = ORIENTED_EDGE('',*,*,#3442,.F.);
#3442 = EDGE_CURVE('',#3443,#3443,#3445,.T.);
#3443 = VERTEX_POINT('',#3444);
#3444 = CARTESIAN_POINT('',(2.235,1.125,1.25));
#3445 = CIRCLE('',#3446,1.125);
#3446 = AXIS2_PLACEMENT_3D('',#3447,#3448,#3449);
#3447 = CARTESIAN_POINT('',(2.235,0.,1.25));
#3448 = DIRECTION('',(-1.,0.,0.));
#3449 = DIRECTION('',(0.,1.,0.));
#3450 = PLANE('',#3451);
#3451 = AXIS2_PLACEMENT_3D('',#3452,#3453,#3454);
#3452 = CARTESIAN_POINT('',(2.235,1.25,1.25));
#3453 = DIRECTION('',(-1.,0.,0.));
#3454 = DIRECTION('',(0.,0.,-1.));
#3455 = ADVANCED_FACE('',(#3456,#3459),#3633,.T.);
#3456 = FACE_BOUND('',#3457,.T.);
#3457 = EDGE_LOOP('',(#3458));
#3458 = ORIENTED_EDGE('',*,*,#3413,.F.);
#3459 = FACE_BOUND('',#3460,.T.);
#3460 = EDGE_LOOP('',(#3461));
#3461 = ORIENTED_EDGE('',*,*,#3462,.F.);
#3462 = EDGE_CURVE('',#3463,#3463,#3465,.T.);
#3463 = VERTEX_POINT('',#3464);
#3464 = CARTESIAN_POINT('',(0.66,1.102182119233E-16,0.899909083395));
#3465 = B_SPLINE_CURVE_WITH_KNOTS('',6,(#3466,#3467,#3468,#3469,#3470,
    #3471,#3472,#3473,#3474,#3475,#3476,#3477,#3478,#3479,#3480,#3481,
    #3482,#3483,#3484,#3485,#3486,#3487,#3488,#3489,#3490,#3491,#3492,
    #3493,#3494,#3495,#3496,#3497,#3498,#3499,#3500,#3501,#3502,#3503,
    #3504,#3505,#3506,#3507,#3508,#3509,#3510,#3511,#3512,#3513,#3514,
    #3515,#3516,#3517,#3518,#3519,#3520,#3521,#3522,#3523,#3524,#3525,
    #3526,#3527,#3528,#3529,#3530,#3531,#3532,#3533,#3534,#3535,#3536,
    #3537,#3538,#3539,#3540,#3541,#3542,#3543,#3544,#3545,#3546,#3547,
    #3548,#3549,#3550,#3551,#3552,#3553,#3554,#3555,#3556,#3557,#3558,
    #3559,#3560,#3561,#3562,#3563,#3564,#3565,#3566,#3567,#3568,#3569,
    #3570,#3571,#3572,#3573,#3574,#3575,#3576,#3577,#3578,#3579,#3580,
    #3581,#3582,#3583,#3584,#3585,#3586,#3587,#3588,#3589,#3590,#3591,
    #3592,#3593,#3594,#3595,#3596,#3597,#3598,#3599,#3600,#3601,#3602,
    #3603,#3604,#3605,#3606,#3607,#3608,#3609,#3610,#3611,#3612,#3613,
    #3614,#3615,#3616,#3617,#3618,#3619,#3620,#3621,#3622,#3623,#3624,
    #3625,#3626,#3627,#3628,#3629,#3630,#3631,#3632),.UNSPECIFIED.,.T.,
  .F.,(1,6,5,5,5,5,5,5,5,5,5,5,5,5,5,5,5,5,5,5,5,5,5,5,5,5,5,5,5,5,5,5,5
    ,5,6,1),(-3.7441643477E-02,0.,2.521870323933E-02,5.431496394384E-02,
    8.648919549843E-02,0.120700162351,0.155854554579,0.191019956077,
    0.22552099352,0.258944151729,0.291091798271,0.321919308947,
    0.351475044446,0.379851974729,0.407153625953,0.43347490921,
    0.458900868731,0.483545347382,0.505902822615,0.530283950565,
    0.555351989471,0.581274789002,0.608140584187,0.636038742308,
    0.665070462617,0.695336577837,0.72690990423,0.759792997252,
    0.79386262098,0.828806470397,0.864066503475,0.898816439436,
    0.932013287381,0.962558356523,1.,1.025218703239),.UNSPECIFIED.);
#3466 = CARTESIAN_POINT('',(0.66,0.,0.899909083395));
#3467 = CARTESIAN_POINT('',(0.66,-9.861963323296E-03,0.899909084471));
#3468 = CARTESIAN_POINT('',(0.66,-1.960383099012E-02,0.900333558971));
#3469 = CARTESIAN_POINT('',(0.66,-2.90667633729E-02,0.901163095205));
#3470 = CARTESIAN_POINT('',(0.66,-3.818473840012E-02,0.902336888075));
#3471 = CARTESIAN_POINT('',(0.66,-4.697555886318E-02,0.903805406252));
#3472 = CARTESIAN_POINT('',(0.66,-6.541217845247E-02,0.907588617289));
#3473 = CARTESIAN_POINT('',(0.66,-7.491989955217E-02,0.909985996381));
#3474 = CARTESIAN_POINT('',(0.66,-8.408858685729E-02,0.912709602459));
#3475 = CARTESIAN_POINT('',(0.66,-9.29431150905E-02,0.915726339128));
#3476 = CARTESIAN_POINT('',(0.66,-0.101504886237,0.919011492948));
#3477 = CARTESIAN_POINT('',(0.66,-0.118958160976,0.926453793498));
#3478 = CARTESIAN_POINT('',(0.66,-0.127787740677,0.930666021227));
#3479 = CARTESIAN_POINT('',(0.66,-0.136306213845,0.935155972835));
#3480 = CARTESIAN_POINT('',(0.66,-0.144532125259,0.939904061777));
#3481 = CARTESIAN_POINT('',(0.66,-0.152479834979,0.944895594586));
#3482 = CARTESIAN_POINT('',(0.66,-0.168328675181,0.955672717204));
#3483 = CARTESIAN_POINT('',(0.66,-0.176194628708,0.961488338811));
#3484 = CARTESIAN_POINT('',(0.66,-0.183772627725,0.967551590964));
#3485 = CARTESIAN_POINT('',(0.66,-0.191071921446,0.973851630909));
#3486 = CARTESIAN_POINT('',(0.66,-0.19809849539,0.980379998969));
#3487 = CARTESIAN_POINT('',(0.66,-0.211800252103,0.99406561399));
#3488 = CARTESIAN_POINT('',(0.66,-0.218460183619,1.001235038361));
#3489 = CARTESIAN_POINT('',(0.66,-0.224839916669,1.008630424477));
#3490 = CARTESIAN_POINT('',(0.66,-0.230940302033,1.016245317007));
#3491 = CARTESIAN_POINT('',(0.66,-0.236759778797,1.024074009311));
#3492 = CARTESIAN_POINT('',(0.66,-0.247832030244,1.040150827903));
#3493 = CARTESIAN_POINT('',(0.66,-0.253084597548,1.048398894868));
#3494 = CARTESIAN_POINT('',(0.66,-0.258049056373,1.056850063306));
#3495 = CARTESIAN_POINT('',(0.66,-0.262719990238,1.065498702059));
#3496 = CARTESIAN_POINT('',(0.66,-0.267090249501,1.07433884651));
#3497 = CARTESIAN_POINT('',(0.66,-0.275134936213,1.092219038761));
#3498 = CARTESIAN_POINT('',(0.66,-0.278821023102,1.101251941956));
#3499 = CARTESIAN_POINT('',(0.66,-0.282200792082,1.110456832947));
#3500 = CARTESIAN_POINT('',(0.66,-0.285264705632,1.119826546568));
#3501 = CARTESIAN_POINT('',(0.66,-0.288002108658,1.129352827713));
#3502 = CARTESIAN_POINT('',(0.66,-0.29272539517,1.148397615962));
#3503 = CARTESIAN_POINT('',(0.66,-0.29473218058,1.157906910826));
#3504 = CARTESIAN_POINT('',(0.66,-0.296410836061,1.167545600214));
#3505 = CARTESIAN_POINT('',(0.66,-0.297750151594,1.177303530334));
#3506 = CARTESIAN_POINT('',(0.66,-0.298738455802,1.187169009313));
#3507 = CARTESIAN_POINT('',(0.66,-0.299964918417,1.206708514181));
#3508 = CARTESIAN_POINT('',(0.66,-0.300230384291,1.216375379318));
#3509 = CARTESIAN_POINT('',(0.66,-0.300149186912,1.226117491764));
#3510 = CARTESIAN_POINT('',(0.66,-0.299710710819,1.235921272022));
#3511 = CARTESIAN_POINT('',(0.66,-0.298904551758,1.245771471938));
#3512 = CARTESIAN_POINT('',(0.66,-0.296585103724,1.265125169703));
#3513 = CARTESIAN_POINT('',(0.66,-0.295102339165,1.274626258325));
#3514 = CARTESIAN_POINT('',(0.66,-0.293263240337,1.284139377081));
#3515 = CARTESIAN_POINT('',(0.66,-0.291059628806,1.293647957516));
#3516 = CARTESIAN_POINT('',(0.66,-0.288484130363,1.303133926208));
#3517 = CARTESIAN_POINT('',(0.66,-0.282698083788,1.321631884472));
#3518 = CARTESIAN_POINT('',(0.66,-0.279518227914,1.330647303479));
#3519 = CARTESIAN_POINT('',(0.66,-0.275984860345,1.33960658093));
#3520 = CARTESIAN_POINT('',(0.66,-0.272093455342,1.348491200819));
#3521 = CARTESIAN_POINT('',(0.66,-0.267840708483,1.357281511993));
#3522 = CARTESIAN_POINT('',(0.66,-0.258792476906,1.374285940745));
#3523 = CARTESIAN_POINT('',(0.66,-0.254025481533,1.382509111114));
#3524 = CARTESIAN_POINT('',(0.66,-0.248921768643,1.390607755283));
#3525 = CARTESIAN_POINT('',(0.66,-0.243480982245,1.398562700734));
#3526 = CARTESIAN_POINT('',(0.66,-0.237704192262,1.406354086406));
#3527 = CARTESIAN_POINT('',(0.66,-0.22571513259,1.421280378602));
#3528 = CARTESIAN_POINT('',(0.66,-0.219527706492,1.428429037341));
#3529 = CARTESIAN_POINT('',(0.66,-0.213033892817,1.435388992124));
#3530 = CARTESIAN_POINT('',(0.66,-0.206237433156,1.442141613477));
#3531 = CARTESIAN_POINT('',(0.66,-0.199143534101,1.448667989237));
#3532 = CARTESIAN_POINT('',(0.66,-0.184639374507,1.46100431938));
#3533 = CARTESIAN_POINT('',(0.66,-0.177249666015,1.466831638372));
#3534 = CARTESIAN_POINT('',(0.66,-0.169595736209,1.472413656662));
#3535 = CARTESIAN_POINT('',(0.66,-0.161685054894,1.477733175901));
#3536 = CARTESIAN_POINT('',(0.66,-0.153526567249,1.482773024258));
#3537 = CARTESIAN_POINT('',(0.66,-0.137020407721,1.492097753386));
#3538 = CARTESIAN_POINT('',(0.66,-0.128688747003,1.496402530856));
#3539 = CARTESIAN_POINT('',(0.66,-0.12014499879,1.500414878928));
#3540 = CARTESIAN_POINT('',(0.66,-0.111400259626,1.504119593216));
#3541 = CARTESIAN_POINT('',(0.66,-0.102467435485,1.507501774849));
#3542 = CARTESIAN_POINT('',(0.66,-8.453493192811E-02,1.513498294635));
#3543 = CARTESIAN_POINT('',(0.66,-7.554639694304E-02,1.516132890753));
#3544 = CARTESIAN_POINT('',(0.66,-6.64085144705E-02,1.518437847791));
#3545 = CARTESIAN_POINT('',(0.66,-5.713783351899E-02,1.520400106432));
#3546 = CARTESIAN_POINT('',(0.66,-4.775488525608E-02,1.522007764907));
#3547 = CARTESIAN_POINT('',(0.66,-2.969295309097E-02,1.524379864025));
#3548 = CARTESIAN_POINT('',(0.66,-2.102888075484E-02,1.525208782901));
#3549 = CARTESIAN_POINT('',(0.66,-1.231401679426E-02,1.525730893697));
#3550 = CARTESIAN_POINT('',(0.66,-3.572675622322E-03,1.525941364018));
#3551 = CARTESIAN_POINT('',(0.66,5.168222805428E-03,1.525838983228));
#3552 = CARTESIAN_POINT('',(0.66,2.337847467049E-02,1.524978205181));
#3553 = CARTESIAN_POINT('',(0.66,3.284375814827E-02,1.524161190409));
#3554 = CARTESIAN_POINT('',(0.66,4.224166817951E-02,1.522980309203));
#3555 = CARTESIAN_POINT('',(0.66,5.154498116248E-02,1.52144453626));
#3556 = CARTESIAN_POINT('',(0.66,6.073223707979E-02,1.519565307122));
#3557 = CARTESIAN_POINT('',(0.66,7.909772773064E-02,1.515080653378));
#3558 = CARTESIAN_POINT('',(0.66,8.826753248322E-02,1.512456350085));
#3559 = CARTESIAN_POINT('',(0.66,9.727917108862E-02,1.509494369221));
#3560 = CARTESIAN_POINT('',(0.66,0.106117308319,1.506208374239));
#3561 = CARTESIAN_POINT('',(0.66,0.114768939441,1.502612541932));
#3562 = CARTESIAN_POINT('',(0.66,0.131966117695,1.494697909774));
#3563 = CARTESIAN_POINT('',(0.66,0.140497702999,1.490358571609));
#3564 = CARTESIAN_POINT('',(0.66,0.148806061897,1.485719660214));
#3565 = CARTESIAN_POINT('',(0.66,0.156880650792,1.480797427009));
#3566 = CARTESIAN_POINT('',(0.66,0.164712466725,1.47560826256));
#3567 = CARTESIAN_POINT('',(0.66,0.180151423764,1.464531255078));
#3568 = CARTESIAN_POINT('',(0.66,0.187739958872,1.458624810593));
#3569 = CARTESIAN_POINT('',(0.66,0.195051326582,1.452467732556));
#3570 = CARTESIAN_POINT('',(0.66,0.202078661493,1.446078253645));
#3571 = CARTESIAN_POINT('',(0.66,0.208816558921,1.439474469779));
#3572 = CARTESIAN_POINT('',(0.66,0.221953232148,1.425612904145));
#3573 = CARTESIAN_POINT('',(0.66,0.228328983313,1.41833967682));
#3574 = CARTESIAN_POINT('',(0.66,0.234383958936,1.410874731309));
#3575 = CARTESIAN_POINT('',(0.66,0.240115246881,1.403237638329));
#3576 = CARTESIAN_POINT('',(0.66,0.245521392347,1.395447466144));
#3577 = CARTESIAN_POINT('',(0.66,0.255889855564,1.379276097975));
#3578 = CARTESIAN_POINT('',(0.66,0.260825146013,1.370883681886));
#3579 = CARTESIAN_POINT('',(0.66,0.265408341569,1.362366377835));
#3580 = CARTESIAN_POINT('',(0.66,0.269640849736,1.353744088225));
#3581 = CARTESIAN_POINT('',(0.66,0.273525413156,1.345035772328));
#3582 = CARTESIAN_POINT('',(0.66,0.280757352367,1.327109961101));
#3583 = CARTESIAN_POINT('',(0.66,0.284074759274,1.317886517643));
#3584 = CARTESIAN_POINT('',(0.66,0.287023012024,1.308609403309));
#3585 = CARTESIAN_POINT('',(0.66,0.289607802772,1.299297542852));
#3586 = CARTESIAN_POINT('',(0.66,0.291835834134,1.289968498384));
#3587 = CARTESIAN_POINT('',(0.66,0.295674958709,1.270905470981));
#3588 = CARTESIAN_POINT('',(0.66,0.297255116553,1.261171411794));
#3589 = CARTESIAN_POINT('',(0.66,0.298464074992,1.251454521799));
#3590 = CARTESIAN_POINT('',(0.66,0.299311100714,1.241771401083));
#3591 = CARTESIAN_POINT('',(0.66,0.299805944827,1.232137019844));
#3592 = CARTESIAN_POINT('',(0.66,0.30011808361,1.212595326012));
#3593 = CARTESIAN_POINT('',(0.66,0.299906283631,1.202693348802));
#3594 = CARTESIAN_POINT('',(0.66,0.299334987113,1.192873693594));
#3595 = CARTESIAN_POINT('',(0.66,0.298415571185,1.183149633751));
#3596 = CARTESIAN_POINT('',(0.66,0.297159245916,1.173532809156));
#3597 = CARTESIAN_POINT('',(0.66,0.293937772017,1.154190866917));
#3598 = CARTESIAN_POINT('',(0.66,0.291948568133,1.144474505513));
#3599 = CARTESIAN_POINT('',(0.66,0.289621677512,1.134895129825));
#3600 = CARTESIAN_POINT('',(0.66,0.286968496105,1.125462405282));
#3601 = CARTESIAN_POINT('',(0.66,0.283999580964,1.116184674916));
#3602 = CARTESIAN_POINT('',(0.66,0.277365684897,1.097719334783));
#3603 = CARTESIAN_POINT('',(0.66,0.273684712853,1.08854034335));
#3604 = CARTESIAN_POINT('',(0.66,0.269692176119,1.079539433524));
#3605 = CARTESIAN_POINT('',(0.66,0.265397048483,1.07072335418));
#3606 = CARTESIAN_POINT('',(0.66,0.260806835513,1.062098154612));
#3607 = CARTESIAN_POINT('',(0.66,0.251004164416,1.045163946312));
#3608 = CARTESIAN_POINT('',(0.66,0.245786379559,1.036858764173));
#3609 = CARTESIAN_POINT('',(0.66,0.240280407048,1.028758964174));
#3610 = CARTESIAN_POINT('',(0.66,0.234490342534,1.020870115558));
#3611 = CARTESIAN_POINT('',(0.66,0.228418190257,1.013198030747));
#3612 = CARTESIAN_POINT('',(0.66,0.215801462132,0.998407266407));
#3613 = CARTESIAN_POINT('',(0.66,0.209265037039,0.991282398269));
#3614 = CARTESIAN_POINT('',(0.66,0.202454011648,0.98438004474));
#3615 = CARTESIAN_POINT('',(0.66,0.195365844133,0.977707070031));
#3616 = CARTESIAN_POINT('',(0.66,0.187995125017,0.971271927442));
#3617 = CARTESIAN_POINT('',(0.66,0.173012685338,0.959175110633));
#3618 = CARTESIAN_POINT('',(0.66,0.165426730288,0.953491920673));
#3619 = CARTESIAN_POINT('',(0.66,0.157566473117,0.948044968651));
#3620 = CARTESIAN_POINT('',(0.66,0.149421191466,0.9428457983));
#3621 = CARTESIAN_POINT('',(0.66,0.140976348171,0.937909629891));
#3622 = CARTESIAN_POINT('',(0.66,0.124148062588,0.928975570166));
#3623 = CARTESIAN_POINT('',(0.66,0.115814079383,0.924934455913));
#3624 = CARTESIAN_POINT('',(0.66,0.107194119667,0.921149233675));
#3625 = CARTESIAN_POINT('',(0.66,9.826941158436E-02,0.91763978502));
#3626 = CARTESIAN_POINT('',(0.66,8.901687105598E-02,0.914432779149));
#3627 = CARTESIAN_POINT('',(0.66,6.762842160337E-02,0.908048369916));
#3628 = CARTESIAN_POINT('',(0.66,5.540310162877E-02,0.905067930004));
#3629 = CARTESIAN_POINT('',(0.66,4.253150709481E-02,0.902628405907));
#3630 = CARTESIAN_POINT('',(0.66,2.893757304003E-02,0.900850137762));
#3631 = CARTESIAN_POINT('',(0.66,1.468319780375E-02,0.899909084997));
#3632 = CARTESIAN_POINT('',(0.66,0.,0.899909083395));
#3633 = PLANE('',#3634);
#3634 = AXIS2_PLACEMENT_3D('',#3635,#3636,#3637);
#3635 = CARTESIAN_POINT('',(0.66,1.25,1.25));
#3636 = DIRECTION('',(-1.,0.,0.));
#3637 = DIRECTION('',(0.,0.,-1.));
#3638 = ADVANCED_FACE('',(#3639),#3658,.T.);
#3639 = FACE_BOUND('',#3640,.T.);
#3640 = EDGE_LOOP('',(#3641,#3650,#3656,#3657));
#3641 = ORIENTED_EDGE('',*,*,#3642,.T.);
#3642 = EDGE_CURVE('',#3643,#3643,#3645,.T.);
#3643 = VERTEX_POINT('',#3644);
#3644 = CARTESIAN_POINT('',(5.385,1.125,1.25));
#3645 = CIRCLE('',#3646,1.125);
#3646 = AXIS2_PLACEMENT_3D('',#3647,#3648,#3649);
#3647 = CARTESIAN_POINT('',(5.385,0.,1.25));
#3648 = DIRECTION('',(-1.,0.,0.));
#3649 = DIRECTION('',(0.,1.,0.));
#3650 = ORIENTED_EDGE('',*,*,#3651,.F.);
#3651 = EDGE_CURVE('',#3443,#3643,#3652,.T.);
#3652 = LINE('',#3653,#3654);
#3653 = CARTESIAN_POINT('',(0.66,1.125,1.25));
#3654 = VECTOR('',#3655,1.);
#3655 = DIRECTION('',(1.,0.,0.));
#3656 = ORIENTED_EDGE('',*,*,#3442,.F.);
#3657 = ORIENTED_EDGE('',*,*,#3651,.T.);
#3658 = CYLINDRICAL_SURFACE('',#3659,1.125);
#3659 = AXIS2_PLACEMENT_3D('',#3660,#3661,#3662);
#3660 = CARTESIAN_POINT('',(0.66,0.,1.25));
#3661 = DIRECTION('',(-1.,-0.,-0.));
#3662 = DIRECTION('',(0.,1.,0.));
#3663 = ADVANCED_FACE('',(#3664),#3684,.T.);
#3664 = FACE_BOUND('',#3665,.T.);
#3665 = EDGE_LOOP('',(#3666,#3675,#3682,#3683));
#3666 = ORIENTED_EDGE('',*,*,#3667,.T.);
#3667 = EDGE_CURVE('',#3668,#3668,#3670,.T.);
#3668 = VERTEX_POINT('',#3669);
#3669 = CARTESIAN_POINT('',(0.3,0.,0.35));
#3670 = CIRCLE('',#3671,0.3);
#3671 = AXIS2_PLACEMENT_3D('',#3672,#3673,#3674);
#3672 = CARTESIAN_POINT('',(0.,0.,0.35));
#3673 = DIRECTION('',(0.,0.,1.));
#3674 = DIRECTION('',(1.,0.,-0.));
#3675 = ORIENTED_EDGE('',*,*,#3676,.T.);
#3676 = EDGE_CURVE('',#3668,#3463,#3677,.T.);
#3677 = CIRCLE('',#3678,0.6);
#3678 = AXIS2_PLACEMENT_3D('',#3679,#3680,#3681);
#3679 = CARTESIAN_POINT('',(0.9,1.102182119233E-16,0.35));
#3680 = DIRECTION('',(0.,1.,-0.));
#3681 = DIRECTION('',(-1.,0.,4.93432455389E-16));
#3682 = ORIENTED_EDGE('',*,*,#3462,.T.);
#3683 = ORIENTED_EDGE('',*,*,#3676,.F.);
#3684 = TOROIDAL_SURFACE('',#3685,0.9,0.3);
#3685 = AXIS2_PLACEMENT_3D('',#3686,#3687,#3688);
#3686 = CARTESIAN_POINT('',(0.9,0.,0.35));
#3687 = DIRECTION('',(0.,1.,0.));
#3688 = DIRECTION('',(-1.,0.,4.93432455389E-16));
#3689 = ADVANCED_FACE('',(#3690,#3701),#3704,.T.);
#3690 = FACE_BOUND('',#3691,.T.);
#3691 = EDGE_LOOP('',(#3692));
#3692 = ORIENTED_EDGE('',*,*,#3693,.F.);
#3693 = EDGE_CURVE('',#3694,#3694,#3696,.T.);
#3694 = VERTEX_POINT('',#3695);
#3695 = CARTESIAN_POINT('',(5.385,1.25,1.25));
#3696 = CIRCLE('',#3697,1.25);
#3697 = AXIS2_PLACEMENT_3D('',#3698,#3699,#3700);
#3698 = CARTESIAN_POINT('',(5.385,0.,1.25));
#3699 = DIRECTION('',(1.,0.,0.));
#3700 = DIRECTION('',(-0.,1.,0.));
#3701 = FACE_BOUND('',#3702,.T.);
#3702 = EDGE_LOOP('',(#3703));
#3703 = ORIENTED_EDGE('',*,*,#3642,.F.);
#3704 = PLANE('',#3705);
#3705 = AXIS2_PLACEMENT_3D('',#3706,#3707,#3708);
#3706 = CARTESIAN_POINT('',(5.385,1.25,1.25));
#3707 = DIRECTION('',(-1.,0.,0.));
#3708 = DIRECTION('',(0.,0.,-1.));
#3709 = ADVANCED_FACE('',(#3710),#3729,.T.);
#3710 = FACE_BOUND('',#3711,.T.);
#3711 = EDGE_LOOP('',(#3712,#3720,#3721,#3722));
#3712 = ORIENTED_EDGE('',*,*,#3713,.T.);
#3713 = EDGE_CURVE('',#3714,#3668,#3716,.T.);
#3714 = VERTEX_POINT('',#3715);
#3715 = CARTESIAN_POINT('',(0.3,-7.347880794884E-17,-3.));
#3716 = LINE('',#3717,#3718);
#3717 = CARTESIAN_POINT('',(0.3,0.,-3.));
#3718 = VECTOR('',#3719,1.);
#3719 = DIRECTION('',(0.,0.,1.));
#3720 = ORIENTED_EDGE('',*,*,#3667,.F.);
#3721 = ORIENTED_EDGE('',*,*,#3713,.F.);
#3722 = ORIENTED_EDGE('',*,*,#3723,.T.);
#3723 = EDGE_CURVE('',#3714,#3714,#3724,.T.);
#3724 = CIRCLE('',#3725,0.3);
#3725 = AXIS2_PLACEMENT_3D('',#3726,#3727,#3728);
#3726 = CARTESIAN_POINT('',(0.,0.,-3.));
#3727 = DIRECTION('',(0.,0.,1.));
#3728 = DIRECTION('',(1.,0.,-0.));
#3729 = CYLINDRICAL_SURFACE('',#3730,0.3);
#3730 = AXIS2_PLACEMENT_3D('',#3731,#3732,#3733);
#3731 = CARTESIAN_POINT('',(0.,0.,-3.));
#3732 = DIRECTION('',(0.,0.,1.));
#3733 = DIRECTION('',(1.,0.,-0.));
#3734 = ADVANCED_FACE('',(#3735),#3754,.T.);
#3735 = FACE_BOUND('',#3736,.T.);
#3736 = EDGE_LOOP('',(#3737,#3738,#3746,#3753));
#3737 = ORIENTED_EDGE('',*,*,#3693,.T.);
#3738 = ORIENTED_EDGE('',*,*,#3739,.T.);
#3739 = EDGE_CURVE('',#3694,#3740,#3742,.T.);
#3740 = VERTEX_POINT('',#3741);
#3741 = CARTESIAN_POINT('',(6.335,1.25,1.25));
#3742 = LINE('',#3743,#3744);
#3743 = CARTESIAN_POINT('',(5.385,1.25,1.25));
#3744 = VECTOR('',#3745,1.);
#3745 = DIRECTION('',(1.,0.,0.));
#3746 = ORIENTED_EDGE('',*,*,#3747,.F.);
#3747 = EDGE_CURVE('',#3740,#3740,#3748,.T.);
#3748 = CIRCLE('',#3749,1.25);
#3749 = AXIS2_PLACEMENT_3D('',#3750,#3751,#3752);
#3750 = CARTESIAN_POINT('',(6.335,0.,1.25));
#3751 = DIRECTION('',(1.,0.,0.));
#3752 = DIRECTION('',(-0.,1.,0.));
#3753 = ORIENTED_EDGE('',*,*,#3739,.F.);
#3754 = CYLINDRICAL_SURFACE('',#3755,1.25);
#3755 = AXIS2_PLACEMENT_3D('',#3756,#3757,#3758);
#3756 = CARTESIAN_POINT('',(5.385,0.,1.25));
#3757 = DIRECTION('',(-1.,-0.,-0.));
#3758 = DIRECTION('',(0.,1.,0.));
#3759 = ADVANCED_FACE('',(#3760),#3763,.T.);
#3760 = FACE_BOUND('',#3761,.F.);
#3761 = EDGE_LOOP('',(#3762));
#3762 = ORIENTED_EDGE('',*,*,#3723,.T.);
#3763 = PLANE('',#3764);
#3764 = AXIS2_PLACEMENT_3D('',#3765,#3766,#3767);
#3765 = CARTESIAN_POINT('',(0.3,0.,-3.));
#3766 = DIRECTION('',(0.,0.,-1.));
#3767 = DIRECTION('',(-1.,0.,0.));
#3768 = ADVANCED_FACE('',(#3769),#3789,.T.);
#3769 = FACE_BOUND('',#3770,.T.);
#3770 = EDGE_LOOP('',(#3771,#3780,#3781,#3782));
#3771 = ORIENTED_EDGE('',*,*,#3772,.F.);
#3772 = EDGE_CURVE('',#3740,#3773,#3775,.T.);
#3773 = VERTEX_POINT('',#3774);
#3774 = CARTESIAN_POINT('',(6.96,0.625,1.25));
#3775 = CIRCLE('',#3776,0.625);
#3776 = AXIS2_PLACEMENT_3D('',#3777,#3778,#3779);
#3777 = CARTESIAN_POINT('',(6.335,0.625,1.25));
#3778 = DIRECTION('',(0.,0.,-1.));
#3779 = DIRECTION('',(0.,1.,0.));
#3780 = ORIENTED_EDGE('',*,*,#3747,.T.);
#3781 = ORIENTED_EDGE('',*,*,#3772,.T.);
#3782 = ORIENTED_EDGE('',*,*,#3783,.F.);
#3783 = EDGE_CURVE('',#3773,#3773,#3784,.T.);
#3784 = CIRCLE('',#3785,0.625);
#3785 = AXIS2_PLACEMENT_3D('',#3786,#3787,#3788);
#3786 = CARTESIAN_POINT('',(6.96,0.,1.25));
#3787 = DIRECTION('',(1.,0.,0.));
#3788 = DIRECTION('',(-0.,1.,0.));
#3789 = TOROIDAL_SURFACE('',#3790,0.625,0.625);
#3790 = AXIS2_PLACEMENT_3D('',#3791,#3792,#3793);
#3791 = CARTESIAN_POINT('',(6.335,0.,1.25));
#3792 = DIRECTION('',(1.,0.,0.));
#3793 = DIRECTION('',(-0.,1.,0.));
#3794 = ADVANCED_FACE('',(#3795,#3798),#3972,.F.);
#3795 = FACE_BOUND('',#3796,.F.);
#3796 = EDGE_LOOP('',(#3797));
#3797 = ORIENTED_EDGE('',*,*,#3783,.F.);
#3798 = FACE_BOUND('',#3799,.F.);
#3799 = EDGE_LOOP('',(#3800));
#3800 = ORIENTED_EDGE('',*,*,#3801,.F.);
#3801 = EDGE_CURVE('',#3802,#3802,#3804,.T.);
#3802 = VERTEX_POINT('',#3803);
#3803 = CARTESIAN_POINT('',(6.96,1.102182119233E-16,0.899909083395));
#3804 = B_SPLINE_CURVE_WITH_KNOTS('',6,(#3805,#3806,#3807,#3808,#3809,
    #3810,#3811,#3812,#3813,#3814,#3815,#3816,#3817,#3818,#3819,#3820,
    #3821,#3822,#3823,#3824,#3825,#3826,#3827,#3828,#3829,#3830,#3831,
    #3832,#3833,#3834,#3835,#3836,#3837,#3838,#3839,#3840,#3841,#3842,
    #3843,#3844,#3845,#3846,#3847,#3848,#3849,#3850,#3851,#3852,#3853,
    #3854,#3855,#3856,#3857,#3858,#3859,#3860,#3861,#3862,#3863,#3864,
    #3865,#3866,#3867,#3868,#3869,#3870,#3871,#3872,#3873,#3874,#3875,
    #3876,#3877,#3878,#3879,#3880,#3881,#3882,#3883,#3884,#3885,#3886,
    #3887,#3888,#3889,#3890,#3891,#3892,#3893,#3894,#3895,#3896,#3897,
    #3898,#3899,#3900,#3901,#3902,#3903,#3904,#3905,#3906,#3907,#3908,
    #3909,#3910,#3911,#3912,#3913,#3914,#3915,#3916,#3917,#3918,#3919,
    #3920,#3921,#3922,#3923,#3924,#3925,#3926,#3927,#3928,#3929,#3930,
    #3931,#3932,#3933,#3934,#3935,#3936,#3937,#3938,#3939,#3940,#3941,
    #3942,#3943,#3944,#3945,#3946,#3947,#3948,#3949,#3950,#3951,#3952,
    #3953,#3954,#3955,#3956,#3957,#3958,#3959,#3960,#3961,#3962,#3963,
    #3964,#3965,#3966,#3967,#3968,#3969,#3970,#3971),.UNSPECIFIED.,.T.,
  .F.,(1,6,5,5,5,5,5,5,5,5,5,5,5,5,5,5,5,5,5,5,5,5,5,5,5,5,5,5,5,5,5,5,5
    ,5,6,1),(-3.7454922963E-02,0.,2.522151735631E-02,5.431626764274E-02,
    8.648932873413E-02,0.120698905604,0.15585219498,0.191016701755,
    0.225517033144,0.258939642143,0.291086884381,0.32191412294,
    0.351469698498,0.379846555914,0.407148198058,0.433469525493,
    0.458895614127,0.483540398702,0.505898369155,0.530279933853,
    0.555348100008,0.581270886766,0.608136607836,0.636034631737,
    0.665066137875,0.695331933304,0.726904811218,0.759787311372,
    0.793856187529,0.828799116201,0.864057997078,0.898806507422,
    0.932001552493,0.962545077037,1.,1.025221517356),.UNSPECIFIED.);
#3805 = CARTESIAN_POINT('',(6.96,0.,0.899909083395));
#3806 = CARTESIAN_POINT('',(6.96,-9.860167462582E-03,0.89990896861));
#3807 = CARTESIAN_POINT('',(6.96,-1.96044152314E-02,0.900333777569));
#3808 = CARTESIAN_POINT('',(6.96,-2.906856746895E-02,0.901162791225));
#3809 = CARTESIAN_POINT('',(6.96,-3.818494668051E-02,0.902337445313));
#3810 = CARTESIAN_POINT('',(6.96,-4.697397432956E-02,0.903804960014));
#3811 = CARTESIAN_POINT('',(6.96,-6.54122858756E-02,0.907588661461));
#3812 = CARTESIAN_POINT('',(6.96,-7.491985816654E-02,0.909985989386));
#3813 = CARTESIAN_POINT('',(6.96,-8.408849098391E-02,0.912709553602));
#3814 = CARTESIAN_POINT('',(6.96,-9.294310465939E-02,0.915726321464));
#3815 = CARTESIAN_POINT('',(6.96,-0.10150496885,0.919011549987));
#3816 = CARTESIAN_POINT('',(6.96,-0.118958221281,0.926453836747));
#3817 = CARTESIAN_POINT('',(6.96,-0.127787715696,0.930666010737));
#3818 = CARTESIAN_POINT('',(6.96,-0.136306161655,0.935155928941));
#3819 = CARTESIAN_POINT('',(6.96,-0.144532121634,0.939904049757));
#3820 = CARTESIAN_POINT('',(6.96,-0.152479877126,0.944895641374));
#3821 = CARTESIAN_POINT('',(6.96,-0.168328600516,0.955672815412));
#3822 = CARTESIAN_POINT('',(6.96,-0.176194773963,0.961488214941));
#3823 = CARTESIAN_POINT('',(6.96,-0.183772608747,0.967551566344));
#3824 = CARTESIAN_POINT('',(6.96,-0.191071765541,0.973851742068));
#3825 = CARTESIAN_POINT('',(6.96,-0.198098606692,0.980379951052));
#3826 = CARTESIAN_POINT('',(6.96,-0.211800202804,0.994065659178));
#3827 = CARTESIAN_POINT('',(6.96,-0.218460270558,1.001234983766));
#3828 = CARTESIAN_POINT('',(6.96,-0.224839910615,1.00863041136));
#3829 = CARTESIAN_POINT('',(6.96,-0.230940211566,1.016245364777));
#3830 = CARTESIAN_POINT('',(6.96,-0.236759839456,1.024073990789));
#3831 = CARTESIAN_POINT('',(6.96,-0.247832003876,1.040150861324));
#3832 = CARTESIAN_POINT('',(6.96,-0.253084568675,1.048398903269));
#3833 = CARTESIAN_POINT('',(6.96,-0.258049049185,1.05685004652));
#3834 = CARTESIAN_POINT('',(6.96,-0.2627200155,1.065498685566));
#3835 = CARTESIAN_POINT('',(6.96,-0.267090290802,1.074338848812));
#3836 = CARTESIAN_POINT('',(6.96,-0.275134913375,1.092219064394));
#3837 = CARTESIAN_POINT('',(6.96,-0.278821000575,1.10125194666));
#3838 = CARTESIAN_POINT('',(6.96,-0.282200788118,1.110456818481));
#3839 = CARTESIAN_POINT('',(6.96,-0.285264726102,1.119826534893));
#3840 = CARTESIAN_POINT('',(6.96,-0.288002139566,1.129352832871));
#3841 = CARTESIAN_POINT('',(6.96,-0.292725370416,1.148397637921));
#3842 = CARTESIAN_POINT('',(6.96,-0.29473215882,1.157906911838));
#3843 = CARTESIAN_POINT('',(6.96,-0.296410834199,1.16754558505));
#3844 = CARTESIAN_POINT('',(6.96,-0.297750172302,1.177303521997));
#3845 = CARTESIAN_POINT('',(6.96,-0.298738484134,1.187169019587));
#3846 = CARTESIAN_POINT('',(6.96,-0.29996489055,1.20670853133));
#3847 = CARTESIAN_POINT('',(6.96,-0.300230362775,1.216375375657));
#3848 = CARTESIAN_POINT('',(6.96,-0.300149187552,1.22611747583));
#3849 = CARTESIAN_POINT('',(6.96,-0.299710732489,1.235921267953));
#3850 = CARTESIAN_POINT('',(6.96,-0.298904577874,1.245771488577));
#3851 = CARTESIAN_POINT('',(6.96,-0.296585075031,1.265125180201));
#3852 = CARTESIAN_POINT('',(6.96,-0.295102319855,1.27462625024));
#3853 = CARTESIAN_POINT('',(6.96,-0.293263243612,1.284139361954));
#3854 = CARTESIAN_POINT('',(6.96,-0.29105964956,1.293647958229));
#3855 = CARTESIAN_POINT('',(6.96,-0.288484151749,1.303133947704));
#3856 = CARTESIAN_POINT('',(6.96,-0.282698057797,1.321631888118));
#3857 = CARTESIAN_POINT('',(6.96,-0.279518212828,1.330647292743));
#3858 = CARTESIAN_POINT('',(6.96,-0.275984865526,1.339606568389));
#3859 = CARTESIAN_POINT('',(6.96,-0.27209347283,1.348491205415));
#3860 = CARTESIAN_POINT('',(6.96,-0.26784072321,1.357281534804));
#3861 = CARTESIAN_POINT('',(6.96,-0.258792456003,1.374285939199));
#3862 = CARTESIAN_POINT('',(6.96,-0.254025471274,1.382509099941));
#3863 = CARTESIAN_POINT('',(6.96,-0.248921774536,1.390607746147));
#3864 = CARTESIAN_POINT('',(6.96,-0.24348099529,1.398562707415));
#3865 = CARTESIAN_POINT('',(6.96,-0.237704200488,1.406354107177));
#3866 = CARTESIAN_POINT('',(6.96,-0.225715116467,1.421280374005));
#3867 = CARTESIAN_POINT('',(6.96,-0.219527700064,1.428429026844));
#3868 = CARTESIAN_POINT('',(6.96,-0.213033898729,1.435388985848));
#3869 = CARTESIAN_POINT('',(6.96,-0.206237442407,1.442141620875));
#3870 = CARTESIAN_POINT('',(6.96,-0.199143537578,1.448668007007));
#3871 = CARTESIAN_POINT('',(6.96,-0.184639358866,1.461004311837));
#3872 = CARTESIAN_POINT('',(6.96,-0.177249661366,1.46683162664));
#3873 = CARTESIAN_POINT('',(6.96,-0.169595743404,1.472413651413));
#3874 = CARTESIAN_POINT('',(6.96,-0.161685063001,1.477733185029));
#3875 = CARTESIAN_POINT('',(6.96,-0.153526567552,1.482773042789));
#3876 = CARTESIAN_POINT('',(6.96,-0.137020377957,1.492097733275));
#3877 = CARTESIAN_POINT('',(6.96,-0.128688741655,1.496402506097));
#3878 = CARTESIAN_POINT('',(6.96,-0.120145015698,1.500414870926));
#3879 = CARTESIAN_POINT('',(6.96,-0.111400273136,1.504119613979));
#3880 = CARTESIAN_POINT('',(6.96,-0.102467429294,1.507501811642));
#3881 = CARTESIAN_POINT('',(6.96,-8.453487359643E-02,1.513498183633));
#3882 = CARTESIAN_POINT('',(6.96,-7.554644720911E-02,1.51613308184));
#3883 = CARTESIAN_POINT('',(6.96,-6.640854708582E-02,1.518437839156));
#3884 = CARTESIAN_POINT('',(6.96,-5.713780068804E-02,1.520399910874));
#3885 = CARTESIAN_POINT('',(6.96,-4.775487845774E-02,1.522007893513));
#3886 = CARTESIAN_POINT('',(6.96,-2.969292548283E-02,1.52437977876));
#3887 = CARTESIAN_POINT('',(6.96,-2.102889094976E-02,1.525208924822));
#3888 = CARTESIAN_POINT('',(6.96,-1.231404153143E-02,1.525730890851));
#3889 = CARTESIAN_POINT('',(6.96,-3.572679276074E-03,1.525941220805));
#3890 = CARTESIAN_POINT('',(6.96,5.168243033088E-03,1.52583907475));
#3891 = CARTESIAN_POINT('',(6.96,2.337844678287E-02,1.524978413229));
#3892 = CARTESIAN_POINT('',(6.96,3.284373024997E-02,1.524160868463));
#3893 = CARTESIAN_POINT('',(6.96,4.224172239025E-02,1.522980299422));
#3894 = CARTESIAN_POINT('',(6.96,5.154503802108E-02,1.521444853212));
#3895 = CARTESIAN_POINT('',(6.96,6.073215666605E-02,1.519565119195));
#3896 = CARTESIAN_POINT('',(6.96,7.909771199475E-02,1.515080715405));
#3897 = CARTESIAN_POINT('',(6.96,8.82675531125E-02,1.512456387335));
#3898 = CARTESIAN_POINT('',(6.96,9.727920151967E-02,1.509494357792));
#3899 = CARTESIAN_POINT('',(6.96,0.106117302403,1.506208331254));
#3900 = CARTESIAN_POINT('',(6.96,0.114768890523,1.502612503667));
#3901 = CARTESIAN_POINT('',(6.96,0.1319661163,1.494697932395));
#3902 = CARTESIAN_POINT('',(6.96,0.140497712216,1.490358583428));
#3903 = CARTESIAN_POINT('',(6.96,0.148806071355,1.485719654426));
#3904 = CARTESIAN_POINT('',(6.96,0.156880646133,1.480797412311));
#3905 = CARTESIAN_POINT('',(6.96,0.164712447986,1.475608252032));
#3906 = CARTESIAN_POINT('',(6.96,0.180151425777,1.46453127229));
#3907 = CARTESIAN_POINT('',(6.96,0.187739967164,1.45862481836));
#3908 = CARTESIAN_POINT('',(6.96,0.195051332691,1.452467727028));
#3909 = CARTESIAN_POINT('',(6.96,0.20207865613,1.446078243141));
#3910 = CARTESIAN_POINT('',(6.96,0.208816543867,1.439474464151));
#3911 = CARTESIAN_POINT('',(6.96,0.221953238059,1.425612923524));
#3912 = CARTESIAN_POINT('',(6.96,0.228328994524,1.418339683896));
#3913 = CARTESIAN_POINT('',(6.96,0.234383964852,1.410874723556));
#3914 = CARTESIAN_POINT('',(6.96,0.240115238483,1.403237627432));
#3915 = CARTESIAN_POINT('',(6.96,0.245521373748,1.395447463058));
#3916 = CARTESIAN_POINT('',(6.96,0.25588986733,1.379276120213));
#3917 = CARTESIAN_POINT('',(6.96,0.260825161615,1.370883687614));
#3918 = CARTESIAN_POINT('',(6.96,0.265408347201,1.362366366749));
#3919 = CARTESIAN_POINT('',(6.96,0.269640836772,1.353744077057));
#3920 = CARTESIAN_POINT('',(6.96,0.273525389215,1.345035773446));
#3921 = CARTESIAN_POINT('',(6.96,0.280757370989,1.327109983642));
#3922 = CARTESIAN_POINT('',(6.96,0.284074778857,1.317886520225));
#3923 = CARTESIAN_POINT('',(6.96,0.28702301626,1.308609389122));
#3924 = CARTESIAN_POINT('',(6.96,0.289607785113,1.29929753334));
#3925 = CARTESIAN_POINT('',(6.96,0.291835806202,1.289968505808));
#3926 = CARTESIAN_POINT('',(6.96,0.295674983107,1.270905490066));
#3927 = CARTESIAN_POINT('',(6.96,0.297255138129,1.261171409814));
#3928 = CARTESIAN_POINT('',(6.96,0.298464076807,1.251454505978));
#3929 = CARTESIAN_POINT('',(6.96,0.299311079865,1.241771395371));
#3930 = CARTESIAN_POINT('',(6.96,0.299805916194,1.232137034265));
#3931 = CARTESIAN_POINT('',(6.96,0.300118111197,1.212595339038));
#3932 = CARTESIAN_POINT('',(6.96,0.299906304864,1.202693342182));
#3933 = CARTESIAN_POINT('',(6.96,0.299334986276,1.192873677979));
#3934 = CARTESIAN_POINT('',(6.96,0.298415549391,1.183149632812));
#3935 = CARTESIAN_POINT('',(6.96,0.29715921972,1.173532829284));
#3936 = CARTESIAN_POINT('',(6.96,0.293937801394,1.154190874));
#3937 = CARTESIAN_POINT('',(6.96,0.291948588365,1.144474495238));
#3938 = CARTESIAN_POINT('',(6.96,0.28962167445,1.134895115228));
#3939 = CARTESIAN_POINT('',(6.96,0.286968474246,1.125462408515));
#3940 = CARTESIAN_POINT('',(6.96,0.283999557728,1.116184698885));
#3941 = CARTESIAN_POINT('',(6.96,0.277365720041,1.097719338125));
#3942 = CARTESIAN_POINT('',(6.96,0.273684735103,1.088540329457));
#3943 = CARTESIAN_POINT('',(6.96,0.269692170683,1.079539418357));
#3944 = CARTESIAN_POINT('',(6.96,0.265397023465,1.070723360764));
#3945 = CARTESIAN_POINT('',(6.96,0.260806811571,1.062098183552));
#3946 = CARTESIAN_POINT('',(6.96,0.251004219697,1.045163947022));
#3947 = CARTESIAN_POINT('',(6.96,0.245786411547,1.036858741787));
#3948 = CARTESIAN_POINT('',(6.96,0.240280395782,1.028758943151));
#3949 = CARTESIAN_POINT('',(6.96,0.234490304979,1.02087012779));
#3950 = CARTESIAN_POINT('',(6.96,0.22841815861,1.013198074729));
#3951 = CARTESIAN_POINT('',(6.96,0.215801547815,0.998407234883));
#3952 = CARTESIAN_POINT('',(6.96,0.209264913083,0.99128247471));
#3953 = CARTESIAN_POINT('',(6.96,0.202454000094,0.984380026053));
#3954 = CARTESIAN_POINT('',(6.96,0.195365961507,0.977706983911));
#3955 = CARTESIAN_POINT('',(6.96,0.187995061392,0.971271997058));
#3956 = CARTESIAN_POINT('',(6.96,0.173012837564,0.959175029375));
#3957 = CARTESIAN_POINT('',(6.96,0.165426529007,0.953492099376));
#3958 = CARTESIAN_POINT('',(6.96,0.157566437944,0.948044934321));
#3959 = CARTESIAN_POINT('',(6.96,0.149421373308,0.942845601948));
#3960 = CARTESIAN_POINT('',(6.96,0.140976264593,0.937909781461));
#3961 = CARTESIAN_POINT('',(6.96,0.124148131162,0.928975627958));
#3962 = CARTESIAN_POINT('',(6.96,0.115814071992,0.924934439518));
#3963 = CARTESIAN_POINT('',(6.96,0.107194037794,0.921149181784));
#3964 = CARTESIAN_POINT('',(6.96,9.826937450524E-02,0.917639774974));
#3965 = CARTESIAN_POINT('',(6.96,8.901696421491E-02,0.914432828225));
#3966 = CARTESIAN_POINT('',(6.96,6.762356037127E-02,0.908046964389));
#3967 = CARTESIAN_POINT('',(6.96,5.540377745077E-02,0.905068595899));
#3968 = CARTESIAN_POINT('',(6.96,4.253681255711E-02,0.902629529668));
#3969 = CARTESIAN_POINT('',(6.96,2.893994360873E-02,0.900849442899));
#3970 = CARTESIAN_POINT('',(6.96,1.46772221458E-02,0.899909046356));
#3971 = CARTESIAN_POINT('',(6.96,0.,0.899909083395));
#3972 = PLANE('',#3973);
#3973 = AXIS2_PLACEMENT_3D('',#3974,#3975,#3976);
#3974 = CARTESIAN_POINT('',(6.96,1.25,1.25));
#3975 = DIRECTION('',(-1.,0.,0.));
#3976 = DIRECTION('',(0.,0.,-1.));
#3977 = ADVANCED_FACE('',(#3978),#3998,.T.);
#3978 = FACE_BOUND('',#3979,.T.);
#3979 = EDGE_LOOP('',(#3980,#3981,#3990,#3997));
#3980 = ORIENTED_EDGE('',*,*,#3801,.F.);
#3981 = ORIENTED_EDGE('',*,*,#3982,.T.);
#3982 = EDGE_CURVE('',#3802,#3983,#3985,.T.);
#3983 = VERTEX_POINT('',#3984);
#3984 = CARTESIAN_POINT('',(7.32,0.,0.35));
#3985 = CIRCLE('',#3986,0.6);
#3986 = AXIS2_PLACEMENT_3D('',#3987,#3988,#3989);
#3987 = CARTESIAN_POINT('',(6.72,1.102182119233E-16,0.35));
#3988 = DIRECTION('',(0.,1.,0.));
#3989 = DIRECTION('',(0.,-0.,1.));
#3990 = ORIENTED_EDGE('',*,*,#3991,.T.);
#3991 = EDGE_CURVE('',#3983,#3983,#3992,.T.);
#3992 = CIRCLE('',#3993,0.3);
#3993 = AXIS2_PLACEMENT_3D('',#3994,#3995,#3996);
#3994 = CARTESIAN_POINT('',(7.62,0.,0.35));
#3995 = DIRECTION('',(3.828568698927E-16,-0.,1.));
#3996 = DIRECTION('',(1.,0.,-3.828568698927E-16));
#3997 = ORIENTED_EDGE('',*,*,#3982,.F.);
#3998 = TOROIDAL_SURFACE('',#3999,0.9,0.3);
#3999 = AXIS2_PLACEMENT_3D('',#4000,#4001,#4002);
#4000 = CARTESIAN_POINT('',(6.72,0.,0.35));
#4001 = DIRECTION('',(0.,1.,0.));
#4002 = DIRECTION('',(0.,-0.,1.));
#4003 = ADVANCED_FACE('',(#4004),#4023,.T.);
#4004 = FACE_BOUND('',#4005,.T.);
#4005 = EDGE_LOOP('',(#4006,#4014,#4021,#4022));
#4006 = ORIENTED_EDGE('',*,*,#4007,.T.);
#4007 = EDGE_CURVE('',#3983,#4008,#4010,.T.);
#4008 = VERTEX_POINT('',#4009);
#4009 = CARTESIAN_POINT('',(7.32,-7.347880794884E-17,-3.));
#4010 = LINE('',#4011,#4012);
#4011 = CARTESIAN_POINT('',(7.32,0.,0.35));
#4012 = VECTOR('',#4013,1.);
#4013 = DIRECTION('',(0.,0.,-1.));
#4014 = ORIENTED_EDGE('',*,*,#4015,.F.);
#4015 = EDGE_CURVE('',#4008,#4008,#4016,.T.);
#4016 = CIRCLE('',#4017,0.3);
#4017 = AXIS2_PLACEMENT_3D('',#4018,#4019,#4020);
#4018 = CARTESIAN_POINT('',(7.62,0.,-3.));
#4019 = DIRECTION('',(0.,0.,-1.));
#4020 = DIRECTION('',(-1.,0.,0.));
#4021 = ORIENTED_EDGE('',*,*,#4007,.F.);
#4022 = ORIENTED_EDGE('',*,*,#3991,.F.);
#4023 = CYLINDRICAL_SURFACE('',#4024,0.3);
#4024 = AXIS2_PLACEMENT_3D('',#4025,#4026,#4027);
#4025 = CARTESIAN_POINT('',(7.62,0.,0.35));
#4026 = DIRECTION('',(0.,0.,-1.));
#4027 = DIRECTION('',(-1.,0.,0.));
#4028 = ADVANCED_FACE('',(#4029),#4032,.F.);
#4029 = FACE_BOUND('',#4030,.T.);
#4030 = EDGE_LOOP('',(#4031));
#4031 = ORIENTED_EDGE('',*,*,#4015,.T.);
#4032 = PLANE('',#4033);
#4033 = AXIS2_PLACEMENT_3D('',#4034,#4035,#4036);
#4034 = CARTESIAN_POINT('',(7.32,0.,-3.));
#4035 = DIRECTION('',(0.,0.,1.));
#4036 = DIRECTION('',(1.,0.,-0.));
#4037 = ( GEOMETRIC_REPRESENTATION_CONTEXT(3) 
GLOBAL_UNCERTAINTY_ASSIGNED_CONTEXT((#4041)) 
GLOBAL_UNIT_ASSIGNED_CONTEXT((#4038,#4039,#4040)) REPRESENTATION_CONTEXT
('Context #1','3D Context with UNIT and UNCERTAINTY') );
#4038 = ( LENGTH_UNIT() NAMED_UNIT(*) SI_UNIT(.MILLI.,.METRE.) );
#4039 = ( NAMED_UNIT(*) PLANE_ANGLE_UNIT() SI_UNIT($,.RADIAN.) );
#4040 = ( NAMED_UNIT(*) SI_UNIT($,.STERADIAN.) SOLID_ANGLE_UNIT() );
#4041 = UNCERTAINTY_MEASURE_WITH_UNIT(LENGTH_MEASURE(1.E-07),#4038,
  'distance_accuracy_value','confusion accuracy');
#4042 = CONTEXT_DEPENDENT_SHAPE_REPRESENTATION(#4043,#4045);
#4043 = ( REPRESENTATION_RELATIONSHIP('','',#3373,#3350) 
REPRESENTATION_RELATIONSHIP_WITH_TRANSFORMATION(#4044) 
SHAPE_REPRESENTATION_RELATIONSHIP() );
#4044 = ITEM_DEFINED_TRANSFORMATION('','',#11,#3351);
#4045 = PRODUCT_DEFINITION_SHAPE('Placement','Placement of an item',
  #4046);
#4046 = NEXT_ASSEMBLY_USAGE_OCCURRENCE('10','=>[0:1:1:9]','',#3345,#3368
  ,$);
#4047 = PRODUCT_RELATED_PRODUCT_CATEGORY('part',$,(#3370));
#4048 = SHAPE_DEFINITION_REPRESENTATION(#4049,#4055);
#4049 = PRODUCT_DEFINITION_SHAPE('','',#4050);
#4050 = PRODUCT_DEFINITION('design','',#4051,#4054);
#4051 = PRODUCT_DEFINITION_FORMATION('','',#4052);
#4052 = PRODUCT('SW_PUSH_6mm','SW_PUSH_6mm','',(#4053));
#4053 = PRODUCT_CONTEXT('',#2,'mechanical');
#4054 = PRODUCT_DEFINITION_CONTEXT('part definition',#2,'design');
#4055 = SHAPE_REPRESENTATION('',(#11,#4056),#4060);
#4056 = AXIS2_PLACEMENT_3D('',#4057,#4058,#4059);
#4057 = CARTESIAN_POINT('',(0.,0.,0.));
#4058 = DIRECTION('',(0.,0.,1.));
#4059 = DIRECTION('',(1.,0.,-0.));
#4060 = ( GEOMETRIC_REPRESENTATION_CONTEXT(3) 
GLOBAL_UNCERTAINTY_ASSIGNED_CONTEXT((#4064)) 
GLOBAL_UNIT_ASSIGNED_CONTEXT((#4061,#4062,#4063)) REPRESENTATION_CONTEXT
('Context #1','3D Context with UNIT and UNCERTAINTY') );
#4061 = ( LENGTH_UNIT() NAMED_UNIT(*) SI_UNIT(.MILLI.,.METRE.) );
#4062 = ( NAMED_UNIT(*) PLANE_ANGLE_UNIT() SI_UNIT($,.RADIAN.) );
#4063 = ( NAMED_UNIT(*) SI_UNIT($,.STERADIAN.) SOLID_ANGLE_UNIT() );
#4064 = UNCERTAINTY_MEASURE_WITH_UNIT(LENGTH_MEASURE(1.E-07),#4061,
  'distance_accuracy_value','confusion accuracy');
#4065 = CONTEXT_DEPENDENT_SHAPE_REPRESENTATION(#4066,#4068);
#4066 = ( REPRESENTATION_RELATIONSHIP('','',#4055,#10) 
REPRESENTATION_RELATIONSHIP_WITH_TRANSFORMATION(#4067) 
SHAPE_REPRESENTATION_RELATIONSHIP() );
#4067 = ITEM_DEFINED_TRANSFORMATION('','',#11,#43);
#4068 = PRODUCT_DEFINITION_SHAPE('Placement','Placement of an item',
  #4069);
#4069 = NEXT_ASSEMBLY_USAGE_OCCURRENCE('13','SW1','',#5,#4050,$);
#4070 = PRODUCT_RELATED_PRODUCT_CATEGORY('part',$,(#4052));
#4071 = SHAPE_DEFINITION_REPRESENTATION(#4072,#4078);
#4072 = PRODUCT_DEFINITION_SHAPE('','',#4073);
#4073 = PRODUCT_DEFINITION('design','',#4074,#4077);
#4074 = PRODUCT_DEFINITION_FORMATION('','',#4075);
#4075 = PRODUCT('SW_PUSH_6mm','SW_PUSH_6mm','',(#4076));
#4076 = PRODUCT_CONTEXT('',#2,'mechanical');
#4077 = PRODUCT_DEFINITION_CONTEXT('part definition',#2,'design');
#4078 = ADVANCED_BREP_SHAPE_REPRESENTATION('',(#11,#4079),#7308);
#4079 = MANIFOLD_SOLID_BREP('',#4080);
#4080 = CLOSED_SHELL('',(#4081,#4098,#4123,#4246,#4277,#4302,#4327,#4351
    ,#4375,#4400,#4425,#4442,#4467,#4492,#4517,#4542,#4573,#4598,#4623,
    #4711,#4799,#4824,#4849,#4866,#4875,#4901,#4910,#4919,#4963,#5113,
    #5137,#5280,#5430,#5580,#5597,#5747,#5771,#5914,#6064,#6214,#6231,
    #6240,#6257,#6274,#6291,#6308,#6330,#6347,#6364,#6381,#6398,#6410,
    #6427,#6444,#6461,#6478,#6495,#6512,#6529,#6546,#6558,#6580,#6597,
    #6614,#6631,#6648,#6660,#6677,#6694,#6711,#6728,#6745,#6762,#6779,
    #6796,#6808,#6830,#6847,#6864,#6881,#6898,#6910,#6927,#6944,#6961,
    #6978,#6995,#7012,#7029,#7046,#7058,#7080,#7097,#7114,#7131,#7148,
    #7160,#7177,#7194,#7211,#7228,#7245,#7262,#7279,#7296));
#4081 = ADVANCED_FACE('',(#4082),#4093,.F.);
#4082 = FACE_BOUND('',#4083,.T.);
#4083 = EDGE_LOOP('',(#4084));
#4084 = ORIENTED_EDGE('',*,*,#4085,.T.);
#4085 = EDGE_CURVE('',#4086,#4086,#4088,.T.);
#4086 = VERTEX_POINT('',#4087);
#4087 = CARTESIAN_POINT('',(1.65,-4.25,4.1));
#4088 = CIRCLE('',#4089,0.5);
#4089 = AXIS2_PLACEMENT_3D('',#4090,#4091,#4092);
#4090 = CARTESIAN_POINT('',(1.15,-4.25,4.1));
#4091 = DIRECTION('',(0.,0.,1.));
#4092 = DIRECTION('',(1.,0.,-0.));
#4093 = PLANE('',#4094);
#4094 = AXIS2_PLACEMENT_3D('',#4095,#4096,#4097);
#4095 = CARTESIAN_POINT('',(1.65,-4.25,4.1));
#4096 = DIRECTION('',(0.,0.,-1.));
#4097 = DIRECTION('',(-1.,0.,0.));
#4098 = ADVANCED_FACE('',(#4099),#4118,.T.);
#4099 = FACE_BOUND('',#4100,.T.);
#4100 = EDGE_LOOP('',(#4101,#4109,#4110,#4111));
#4101 = ORIENTED_EDGE('',*,*,#4102,.T.);
#4102 = EDGE_CURVE('',#4103,#4086,#4105,.T.);
#4103 = VERTEX_POINT('',#4104);
#4104 = CARTESIAN_POINT('',(1.65,-4.25,3.6));
#4105 = LINE('',#4106,#4107);
#4106 = CARTESIAN_POINT('',(1.65,-4.25,3.5));
#4107 = VECTOR('',#4108,1.);
#4108 = DIRECTION('',(0.,0.,1.));
#4109 = ORIENTED_EDGE('',*,*,#4085,.F.);
#4110 = ORIENTED_EDGE('',*,*,#4102,.F.);
#4111 = ORIENTED_EDGE('',*,*,#4112,.F.);
#4112 = EDGE_CURVE('',#4103,#4103,#4113,.T.);
#4113 = CIRCLE('',#4114,0.5);
#4114 = AXIS2_PLACEMENT_3D('',#4115,#4116,#4117);
#4115 = CARTESIAN_POINT('',(1.15,-4.25,3.6));
#4116 = DIRECTION('',(0.,0.,-1.));
#4117 = DIRECTION('',(1.,0.,0.));
#4118 = CYLINDRICAL_SURFACE('',#4119,0.5);
#4119 = AXIS2_PLACEMENT_3D('',#4120,#4121,#4122);
#4120 = CARTESIAN_POINT('',(1.15,-4.25,3.5));
#4121 = DIRECTION('',(-0.,-0.,-1.));
#4122 = DIRECTION('',(1.,0.,0.));
#4123 = ADVANCED_FACE('',(#4124,#4194,#4205,#4216,#4227,#4238),#4241,.F.
  );
#4124 = FACE_BOUND('',#4125,.F.);
#4125 = EDGE_LOOP('',(#4126,#4136,#4145,#4153,#4162,#4170,#4179,#4187));
#4126 = ORIENTED_EDGE('',*,*,#4127,.F.);
#4127 = EDGE_CURVE('',#4128,#4130,#4132,.T.);
#4128 = VERTEX_POINT('',#4129);
#4129 = CARTESIAN_POINT('',(0.45,-5.25,3.6));
#4130 = VERTEX_POINT('',#4131);
#4131 = CARTESIAN_POINT('',(5.85,-5.25,3.6));
#4132 = LINE('',#4133,#4134);
#4133 = CARTESIAN_POINT('',(0.15,-5.25,3.6));
#4134 = VECTOR('',#4135,1.);
#4135 = DIRECTION('',(1.,0.,0.));
#4136 = ORIENTED_EDGE('',*,*,#4137,.T.);
#4137 = EDGE_CURVE('',#4128,#4138,#4140,.T.);
#4138 = VERTEX_POINT('',#4139);
#4139 = CARTESIAN_POINT('',(0.15,-4.95,3.6));
#4140 = CIRCLE('',#4141,0.3);
#4141 = AXIS2_PLACEMENT_3D('',#4142,#4143,#4144);
#4142 = CARTESIAN_POINT('',(0.45,-4.95,3.6));
#4143 = DIRECTION('',(-0.,-0.,-1.));
#4144 = DIRECTION('',(0.,-1.,0.));
#4145 = ORIENTED_EDGE('',*,*,#4146,.F.);
#4146 = EDGE_CURVE('',#4147,#4138,#4149,.T.);
#4147 = VERTEX_POINT('',#4148);
#4148 = CARTESIAN_POINT('',(0.15,0.45,3.6));
#4149 = LINE('',#4150,#4151);
#4150 = CARTESIAN_POINT('',(0.15,0.75,3.6));
#4151 = VECTOR('',#4152,1.);
#4152 = DIRECTION('',(0.,-1.,0.));
#4153 = ORIENTED_EDGE('',*,*,#4154,.F.);
#4154 = EDGE_CURVE('',#4155,#4147,#4157,.T.);
#4155 = VERTEX_POINT('',#4156);
#4156 = CARTESIAN_POINT('',(0.45,0.75,3.6));
#4157 = CIRCLE('',#4158,0.3);
#4158 = AXIS2_PLACEMENT_3D('',#4159,#4160,#4161);
#4159 = CARTESIAN_POINT('',(0.45,0.45,3.6));
#4160 = DIRECTION('',(-0.,0.,1.));
#4161 = DIRECTION('',(0.,-1.,0.));
#4162 = ORIENTED_EDGE('',*,*,#4163,.F.);
#4163 = EDGE_CURVE('',#4164,#4155,#4166,.T.);
#4164 = VERTEX_POINT('',#4165);
#4165 = CARTESIAN_POINT('',(5.85,0.75,3.6));
#4166 = LINE('',#4167,#4168);
#4167 = CARTESIAN_POINT('',(6.15,0.75,3.6));
#4168 = VECTOR('',#4169,1.);
#4169 = DIRECTION('',(-1.,0.,0.));
#4170 = ORIENTED_EDGE('',*,*,#4171,.F.);
#4171 = EDGE_CURVE('',#4172,#4164,#4174,.T.);
#4172 = VERTEX_POINT('',#4173);
#4173 = CARTESIAN_POINT('',(6.15,0.45,3.6));
#4174 = CIRCLE('',#4175,0.3);
#4175 = AXIS2_PLACEMENT_3D('',#4176,#4177,#4178);
#4176 = CARTESIAN_POINT('',(5.85,0.45,3.6));
#4177 = DIRECTION('',(-0.,0.,1.));
#4178 = DIRECTION('',(0.,-1.,0.));
#4179 = ORIENTED_EDGE('',*,*,#4180,.F.);
#4180 = EDGE_CURVE('',#4181,#4172,#4183,.T.);
#4181 = VERTEX_POINT('',#4182);
#4182 = CARTESIAN_POINT('',(6.15,-4.95,3.6));
#4183 = LINE('',#4184,#4185);
#4184 = CARTESIAN_POINT('',(6.15,-5.25,3.6));
#4185 = VECTOR('',#4186,1.);
#4186 = DIRECTION('',(0.,1.,0.));
#4187 = ORIENTED_EDGE('',*,*,#4188,.F.);
#4188 = EDGE_CURVE('',#4130,#4181,#4189,.T.);
#4189 = CIRCLE('',#4190,0.3);
#4190 = AXIS2_PLACEMENT_3D('',#4191,#4192,#4193);
#4191 = CARTESIAN_POINT('',(5.85,-4.95,3.6));
#4192 = DIRECTION('',(-0.,0.,1.));
#4193 = DIRECTION('',(0.,-1.,0.));
#4194 = FACE_BOUND('',#4195,.F.);
#4195 = EDGE_LOOP('',(#4196));
#4196 = ORIENTED_EDGE('',*,*,#4197,.F.);
#4197 = EDGE_CURVE('',#4198,#4198,#4200,.T.);
#4198 = VERTEX_POINT('',#4199);
#4199 = CARTESIAN_POINT('',(5.65,-4.25,3.6));
#4200 = CIRCLE('',#4201,0.5);
#4201 = AXIS2_PLACEMENT_3D('',#4202,#4203,#4204);
#4202 = CARTESIAN_POINT('',(5.15,-4.25,3.6));
#4203 = DIRECTION('',(0.,0.,-1.));
#4204 = DIRECTION('',(1.,0.,0.));
#4205 = FACE_BOUND('',#4206,.F.);
#4206 = EDGE_LOOP('',(#4207));
#4207 = ORIENTED_EDGE('',*,*,#4208,.F.);
#4208 = EDGE_CURVE('',#4209,#4209,#4211,.T.);
#4209 = VERTEX_POINT('',#4210);
#4210 = CARTESIAN_POINT('',(4.9,-2.25,3.6));
#4211 = CIRCLE('',#4212,1.75);
#4212 = AXIS2_PLACEMENT_3D('',#4213,#4214,#4215);
#4213 = CARTESIAN_POINT('',(3.15,-2.25,3.6));
#4214 = DIRECTION('',(0.,0.,-1.));
#4215 = DIRECTION('',(1.,0.,0.));
#4216 = FACE_BOUND('',#4217,.F.);
#4217 = EDGE_LOOP('',(#4218));
#4218 = ORIENTED_EDGE('',*,*,#4219,.F.);
#4219 = EDGE_CURVE('',#4220,#4220,#4222,.T.);
#4220 = VERTEX_POINT('',#4221);
#4221 = CARTESIAN_POINT('',(1.65,-0.25,3.6));
#4222 = CIRCLE('',#4223,0.5);
#4223 = AXIS2_PLACEMENT_3D('',#4224,#4225,#4226);
#4224 = CARTESIAN_POINT('',(1.15,-0.25,3.6));
#4225 = DIRECTION('',(0.,0.,-1.));
#4226 = DIRECTION('',(1.,0.,0.));
#4227 = FACE_BOUND('',#4228,.F.);
#4228 = EDGE_LOOP('',(#4229));
#4229 = ORIENTED_EDGE('',*,*,#4230,.F.);
#4230 = EDGE_CURVE('',#4231,#4231,#4233,.T.);
#4231 = VERTEX_POINT('',#4232);
#4232 = CARTESIAN_POINT('',(5.65,-0.25,3.6));
#4233 = CIRCLE('',#4234,0.5);
#4234 = AXIS2_PLACEMENT_3D('',#4235,#4236,#4237);
#4235 = CARTESIAN_POINT('',(5.15,-0.25,3.6));
#4236 = DIRECTION('',(0.,0.,-1.));
#4237 = DIRECTION('',(1.,0.,0.));
#4238 = FACE_BOUND('',#4239,.F.);
#4239 = EDGE_LOOP('',(#4240));
#4240 = ORIENTED_EDGE('',*,*,#4112,.F.);
#4241 = PLANE('',#4242);
#4242 = AXIS2_PLACEMENT_3D('',#4243,#4244,#4245);
#4243 = CARTESIAN_POINT('',(0.15,-5.25,3.6));
#4244 = DIRECTION('',(0.,0.,-1.));
#4245 = DIRECTION('',(-1.,0.,0.));
#4246 = ADVANCED_FACE('',(#4247),#4272,.F.);
#4247 = FACE_BOUND('',#4248,.F.);
#4248 = EDGE_LOOP('',(#4249,#4259,#4265,#4266));
#4249 = ORIENTED_EDGE('',*,*,#4250,.F.);
#4250 = EDGE_CURVE('',#4251,#4253,#4255,.T.);
#4251 = VERTEX_POINT('',#4252);
#4252 = CARTESIAN_POINT('',(0.45,-5.25,3.5));
#4253 = VERTEX_POINT('',#4254);
#4254 = CARTESIAN_POINT('',(5.85,-5.25,3.5));
#4255 = LINE('',#4256,#4257);
#4256 = CARTESIAN_POINT('',(0.15,-5.25,3.5));
#4257 = VECTOR('',#4258,1.);
#4258 = DIRECTION('',(1.,0.,0.));
#4259 = ORIENTED_EDGE('',*,*,#4260,.T.);
#4260 = EDGE_CURVE('',#4251,#4128,#4261,.T.);
#4261 = LINE('',#4262,#4263);
#4262 = CARTESIAN_POINT('',(0.45,-5.25,3.5));
#4263 = VECTOR('',#4264,1.);
#4264 = DIRECTION('',(0.,0.,1.));
#4265 = ORIENTED_EDGE('',*,*,#4127,.T.);
#4266 = ORIENTED_EDGE('',*,*,#4267,.F.);
#4267 = EDGE_CURVE('',#4253,#4130,#4268,.T.);
#4268 = LINE('',#4269,#4270);
#4269 = CARTESIAN_POINT('',(5.85,-5.25,3.5));
#4270 = VECTOR('',#4271,1.);
#4271 = DIRECTION('',(0.,0.,1.));
#4272 = PLANE('',#4273);
#4273 = AXIS2_PLACEMENT_3D('',#4274,#4275,#4276);
#4274 = CARTESIAN_POINT('',(0.15,-5.25,3.5));
#4275 = DIRECTION('',(0.,1.,0.));
#4276 = DIRECTION('',(1.,0.,0.));
#4277 = ADVANCED_FACE('',(#4278),#4297,.T.);
#4278 = FACE_BOUND('',#4279,.T.);
#4279 = EDGE_LOOP('',(#4280,#4281,#4282,#4290));
#4280 = ORIENTED_EDGE('',*,*,#4260,.T.);
#4281 = ORIENTED_EDGE('',*,*,#4137,.T.);
#4282 = ORIENTED_EDGE('',*,*,#4283,.F.);
#4283 = EDGE_CURVE('',#4284,#4138,#4286,.T.);
#4284 = VERTEX_POINT('',#4285);
#4285 = CARTESIAN_POINT('',(0.15,-4.95,3.5));
#4286 = LINE('',#4287,#4288);
#4287 = CARTESIAN_POINT('',(0.15,-4.95,3.5));
#4288 = VECTOR('',#4289,1.);
#4289 = DIRECTION('',(0.,0.,1.));
#4290 = ORIENTED_EDGE('',*,*,#4291,.F.);
#4291 = EDGE_CURVE('',#4251,#4284,#4292,.T.);
#4292 = CIRCLE('',#4293,0.3);
#4293 = AXIS2_PLACEMENT_3D('',#4294,#4295,#4296);
#4294 = CARTESIAN_POINT('',(0.45,-4.95,3.5));
#4295 = DIRECTION('',(-0.,-0.,-1.));
#4296 = DIRECTION('',(0.,-1.,0.));
#4297 = CYLINDRICAL_SURFACE('',#4298,0.3);
#4298 = AXIS2_PLACEMENT_3D('',#4299,#4300,#4301);
#4299 = CARTESIAN_POINT('',(0.45,-4.95,3.5));
#4300 = DIRECTION('',(0.,0.,1.));
#4301 = DIRECTION('',(0.,-1.,0.));
#4302 = ADVANCED_FACE('',(#4303),#4322,.T.);
#4303 = FACE_BOUND('',#4304,.T.);
#4304 = EDGE_LOOP('',(#4305,#4314,#4320,#4321));
#4305 = ORIENTED_EDGE('',*,*,#4306,.T.);
#4306 = EDGE_CURVE('',#4253,#4307,#4309,.T.);
#4307 = VERTEX_POINT('',#4308);
#4308 = CARTESIAN_POINT('',(6.15,-4.95,3.5));
#4309 = CIRCLE('',#4310,0.3);
#4310 = AXIS2_PLACEMENT_3D('',#4311,#4312,#4313);
#4311 = CARTESIAN_POINT('',(5.85,-4.95,3.5));
#4312 = DIRECTION('',(-0.,0.,1.));
#4313 = DIRECTION('',(0.,-1.,0.));
#4314 = ORIENTED_EDGE('',*,*,#4315,.T.);
#4315 = EDGE_CURVE('',#4307,#4181,#4316,.T.);
#4316 = LINE('',#4317,#4318);
#4317 = CARTESIAN_POINT('',(6.15,-4.95,3.5));
#4318 = VECTOR('',#4319,1.);
#4319 = DIRECTION('',(0.,0.,1.));
#4320 = ORIENTED_EDGE('',*,*,#4188,.F.);
#4321 = ORIENTED_EDGE('',*,*,#4267,.F.);
#4322 = CYLINDRICAL_SURFACE('',#4323,0.3);
#4323 = AXIS2_PLACEMENT_3D('',#4324,#4325,#4326);
#4324 = CARTESIAN_POINT('',(5.85,-4.95,3.5));
#4325 = DIRECTION('',(0.,0.,1.));
#4326 = DIRECTION('',(0.,-1.,0.));
#4327 = ADVANCED_FACE('',(#4328),#4346,.F.);
#4328 = FACE_BOUND('',#4329,.F.);
#4329 = EDGE_LOOP('',(#4330,#4338,#4344,#4345));
#4330 = ORIENTED_EDGE('',*,*,#4331,.F.);
#4331 = EDGE_CURVE('',#4332,#4284,#4334,.T.);
#4332 = VERTEX_POINT('',#4333);
#4333 = CARTESIAN_POINT('',(0.15,0.45,3.5));
#4334 = LINE('',#4335,#4336);
#4335 = CARTESIAN_POINT('',(0.15,0.75,3.5));
#4336 = VECTOR('',#4337,1.);
#4337 = DIRECTION('',(0.,-1.,0.));
#4338 = ORIENTED_EDGE('',*,*,#4339,.T.);
#4339 = EDGE_CURVE('',#4332,#4147,#4340,.T.);
#4340 = LINE('',#4341,#4342);
#4341 = CARTESIAN_POINT('',(0.15,0.45,3.5));
#4342 = VECTOR('',#4343,1.);
#4343 = DIRECTION('',(0.,0.,1.));
#4344 = ORIENTED_EDGE('',*,*,#4146,.T.);
#4345 = ORIENTED_EDGE('',*,*,#4283,.F.);
#4346 = PLANE('',#4347);
#4347 = AXIS2_PLACEMENT_3D('',#4348,#4349,#4350);
#4348 = CARTESIAN_POINT('',(0.15,0.75,3.5));
#4349 = DIRECTION('',(1.,0.,0.));
#4350 = DIRECTION('',(0.,-1.,0.));
#4351 = ADVANCED_FACE('',(#4352),#4370,.F.);
#4352 = FACE_BOUND('',#4353,.F.);
#4353 = EDGE_LOOP('',(#4354,#4362,#4363,#4364));
#4354 = ORIENTED_EDGE('',*,*,#4355,.F.);
#4355 = EDGE_CURVE('',#4307,#4356,#4358,.T.);
#4356 = VERTEX_POINT('',#4357);
#4357 = CARTESIAN_POINT('',(6.15,0.45,3.5));
#4358 = LINE('',#4359,#4360);
#4359 = CARTESIAN_POINT('',(6.15,-5.25,3.5));
#4360 = VECTOR('',#4361,1.);
#4361 = DIRECTION('',(0.,1.,0.));
#4362 = ORIENTED_EDGE('',*,*,#4315,.T.);
#4363 = ORIENTED_EDGE('',*,*,#4180,.T.);
#4364 = ORIENTED_EDGE('',*,*,#4365,.F.);
#4365 = EDGE_CURVE('',#4356,#4172,#4366,.T.);
#4366 = LINE('',#4367,#4368);
#4367 = CARTESIAN_POINT('',(6.15,0.45,3.5));
#4368 = VECTOR('',#4369,1.);
#4369 = DIRECTION('',(0.,0.,1.));
#4370 = PLANE('',#4371);
#4371 = AXIS2_PLACEMENT_3D('',#4372,#4373,#4374);
#4372 = CARTESIAN_POINT('',(6.15,-5.25,3.5));
#4373 = DIRECTION('',(-1.,0.,0.));
#4374 = DIRECTION('',(0.,1.,0.));
#4375 = ADVANCED_FACE('',(#4376),#4395,.T.);
#4376 = FACE_BOUND('',#4377,.T.);
#4377 = EDGE_LOOP('',(#4378,#4387,#4388,#4389));
#4378 = ORIENTED_EDGE('',*,*,#4379,.T.);
#4379 = EDGE_CURVE('',#4380,#4332,#4382,.T.);
#4380 = VERTEX_POINT('',#4381);
#4381 = CARTESIAN_POINT('',(0.45,0.75,3.5));
#4382 = CIRCLE('',#4383,0.3);
#4383 = AXIS2_PLACEMENT_3D('',#4384,#4385,#4386);
#4384 = CARTESIAN_POINT('',(0.45,0.45,3.5));
#4385 = DIRECTION('',(-0.,0.,1.));
#4386 = DIRECTION('',(0.,-1.,0.));
#4387 = ORIENTED_EDGE('',*,*,#4339,.T.);
#4388 = ORIENTED_EDGE('',*,*,#4154,.F.);
#4389 = ORIENTED_EDGE('',*,*,#4390,.F.);
#4390 = EDGE_CURVE('',#4380,#4155,#4391,.T.);
#4391 = LINE('',#4392,#4393);
#4392 = CARTESIAN_POINT('',(0.45,0.75,3.5));
#4393 = VECTOR('',#4394,1.);
#4394 = DIRECTION('',(0.,0.,1.));
#4395 = CYLINDRICAL_SURFACE('',#4396,0.3);
#4396 = AXIS2_PLACEMENT_3D('',#4397,#4398,#4399);
#4397 = CARTESIAN_POINT('',(0.45,0.45,3.5));
#4398 = DIRECTION('',(0.,0.,1.));
#4399 = DIRECTION('',(0.,1.,0.));
#4400 = ADVANCED_FACE('',(#4401),#4420,.T.);
#4401 = FACE_BOUND('',#4402,.T.);
#4402 = EDGE_LOOP('',(#4403,#4412,#4418,#4419));
#4403 = ORIENTED_EDGE('',*,*,#4404,.T.);
#4404 = EDGE_CURVE('',#4356,#4405,#4407,.T.);
#4405 = VERTEX_POINT('',#4406);
#4406 = CARTESIAN_POINT('',(5.85,0.75,3.5));
#4407 = CIRCLE('',#4408,0.3);
#4408 = AXIS2_PLACEMENT_3D('',#4409,#4410,#4411);
#4409 = CARTESIAN_POINT('',(5.85,0.45,3.5));
#4410 = DIRECTION('',(-0.,0.,1.));
#4411 = DIRECTION('',(0.,-1.,0.));
#4412 = ORIENTED_EDGE('',*,*,#4413,.T.);
#4413 = EDGE_CURVE('',#4405,#4164,#4414,.T.);
#4414 = LINE('',#4415,#4416);
#4415 = CARTESIAN_POINT('',(5.85,0.75,3.5));
#4416 = VECTOR('',#4417,1.);
#4417 = DIRECTION('',(0.,0.,1.));
#4418 = ORIENTED_EDGE('',*,*,#4171,.F.);
#4419 = ORIENTED_EDGE('',*,*,#4365,.F.);
#4420 = CYLINDRICAL_SURFACE('',#4421,0.3);
#4421 = AXIS2_PLACEMENT_3D('',#4422,#4423,#4424);
#4422 = CARTESIAN_POINT('',(5.85,0.45,3.5));
#4423 = DIRECTION('',(0.,0.,1.));
#4424 = DIRECTION('',(1.,0.,-0.));
#4425 = ADVANCED_FACE('',(#4426),#4437,.F.);
#4426 = FACE_BOUND('',#4427,.F.);
#4427 = EDGE_LOOP('',(#4428,#4434,#4435,#4436));
#4428 = ORIENTED_EDGE('',*,*,#4429,.F.);
#4429 = EDGE_CURVE('',#4405,#4380,#4430,.T.);
#4430 = LINE('',#4431,#4432);
#4431 = CARTESIAN_POINT('',(6.15,0.75,3.5));
#4432 = VECTOR('',#4433,1.);
#4433 = DIRECTION('',(-1.,0.,0.));
#4434 = ORIENTED_EDGE('',*,*,#4413,.T.);
#4435 = ORIENTED_EDGE('',*,*,#4163,.T.);
#4436 = ORIENTED_EDGE('',*,*,#4390,.F.);
#4437 = PLANE('',#4438);
#4438 = AXIS2_PLACEMENT_3D('',#4439,#4440,#4441);
#4439 = CARTESIAN_POINT('',(6.15,0.75,3.5));
#4440 = DIRECTION('',(0.,-1.,0.));
#4441 = DIRECTION('',(-1.,0.,0.));
#4442 = ADVANCED_FACE('',(#4443),#4462,.T.);
#4443 = FACE_BOUND('',#4444,.T.);
#4444 = EDGE_LOOP('',(#4445,#4453,#4460,#4461));
#4445 = ORIENTED_EDGE('',*,*,#4446,.T.);
#4446 = EDGE_CURVE('',#4198,#4447,#4449,.T.);
#4447 = VERTEX_POINT('',#4448);
#4448 = CARTESIAN_POINT('',(5.65,-4.25,4.1));
#4449 = LINE('',#4450,#4451);
#4450 = CARTESIAN_POINT('',(5.65,-4.25,3.5));
#4451 = VECTOR('',#4452,1.);
#4452 = DIRECTION('',(0.,0.,1.));
#4453 = ORIENTED_EDGE('',*,*,#4454,.F.);
#4454 = EDGE_CURVE('',#4447,#4447,#4455,.T.);
#4455 = CIRCLE('',#4456,0.5);
#4456 = AXIS2_PLACEMENT_3D('',#4457,#4458,#4459);
#4457 = CARTESIAN_POINT('',(5.15,-4.25,4.1));
#4458 = DIRECTION('',(0.,0.,1.));
#4459 = DIRECTION('',(1.,0.,-0.));
#4460 = ORIENTED_EDGE('',*,*,#4446,.F.);
#4461 = ORIENTED_EDGE('',*,*,#4197,.F.);
#4462 = CYLINDRICAL_SURFACE('',#4463,0.5);
#4463 = AXIS2_PLACEMENT_3D('',#4464,#4465,#4466);
#4464 = CARTESIAN_POINT('',(5.15,-4.25,3.5));
#4465 = DIRECTION('',(-0.,-0.,-1.));
#4466 = DIRECTION('',(1.,0.,0.));
#4467 = ADVANCED_FACE('',(#4468),#4487,.T.);
#4468 = FACE_BOUND('',#4469,.T.);
#4469 = EDGE_LOOP('',(#4470,#4478,#4485,#4486));
#4470 = ORIENTED_EDGE('',*,*,#4471,.T.);
#4471 = EDGE_CURVE('',#4209,#4472,#4474,.T.);
#4472 = VERTEX_POINT('',#4473);
#4473 = CARTESIAN_POINT('',(4.9,-2.25,4.2));
#4474 = LINE('',#4475,#4476);
#4475 = CARTESIAN_POINT('',(4.9,-2.25,3.5));
#4476 = VECTOR('',#4477,1.);
#4477 = DIRECTION('',(0.,0.,1.));
#4478 = ORIENTED_EDGE('',*,*,#4479,.F.);
#4479 = EDGE_CURVE('',#4472,#4472,#4480,.T.);
#4480 = CIRCLE('',#4481,1.75);
#4481 = AXIS2_PLACEMENT_3D('',#4482,#4483,#4484);
#4482 = CARTESIAN_POINT('',(3.15,-2.25,4.2));
#4483 = DIRECTION('',(0.,0.,1.));
#4484 = DIRECTION('',(1.,0.,-0.));
#4485 = ORIENTED_EDGE('',*,*,#4471,.F.);
#4486 = ORIENTED_EDGE('',*,*,#4208,.F.);
#4487 = CYLINDRICAL_SURFACE('',#4488,1.75);
#4488 = AXIS2_PLACEMENT_3D('',#4489,#4490,#4491);
#4489 = CARTESIAN_POINT('',(3.15,-2.25,3.5));
#4490 = DIRECTION('',(-0.,-0.,-1.));
#4491 = DIRECTION('',(1.,0.,0.));
#4492 = ADVANCED_FACE('',(#4493),#4512,.T.);
#4493 = FACE_BOUND('',#4494,.T.);
#4494 = EDGE_LOOP('',(#4495,#4503,#4510,#4511));
#4495 = ORIENTED_EDGE('',*,*,#4496,.T.);
#4496 = EDGE_CURVE('',#4220,#4497,#4499,.T.);
#4497 = VERTEX_POINT('',#4498);
#4498 = CARTESIAN_POINT('',(1.65,-0.25,4.1));
#4499 = LINE('',#4500,#4501);
#4500 = CARTESIAN_POINT('',(1.65,-0.25,3.5));
#4501 = VECTOR('',#4502,1.);
#4502 = DIRECTION('',(0.,0.,1.));
#4503 = ORIENTED_EDGE('',*,*,#4504,.F.);
#4504 = EDGE_CURVE('',#4497,#4497,#4505,.T.);
#4505 = CIRCLE('',#4506,0.5);
#4506 = AXIS2_PLACEMENT_3D('',#4507,#4508,#4509);
#4507 = CARTESIAN_POINT('',(1.15,-0.25,4.1));
#4508 = DIRECTION('',(0.,0.,1.));
#4509 = DIRECTION('',(1.,0.,-0.));
#4510 = ORIENTED_EDGE('',*,*,#4496,.F.);
#4511 = ORIENTED_EDGE('',*,*,#4219,.F.);
#4512 = CYLINDRICAL_SURFACE('',#4513,0.5);
#4513 = AXIS2_PLACEMENT_3D('',#4514,#4515,#4516);
#4514 = CARTESIAN_POINT('',(1.15,-0.25,3.5));
#4515 = DIRECTION('',(-0.,-0.,-1.));
#4516 = DIRECTION('',(1.,0.,0.));
#4517 = ADVANCED_FACE('',(#4518),#4537,.T.);
#4518 = FACE_BOUND('',#4519,.T.);
#4519 = EDGE_LOOP('',(#4520,#4528,#4535,#4536));
#4520 = ORIENTED_EDGE('',*,*,#4521,.T.);
#4521 = EDGE_CURVE('',#4231,#4522,#4524,.T.);
#4522 = VERTEX_POINT('',#4523);
#4523 = CARTESIAN_POINT('',(5.65,-0.25,4.1));
#4524 = LINE('',#4525,#4526);
#4525 = CARTESIAN_POINT('',(5.65,-0.25,3.5));
#4526 = VECTOR('',#4527,1.);
#4527 = DIRECTION('',(0.,0.,1.));
#4528 = ORIENTED_EDGE('',*,*,#4529,.F.);
#4529 = EDGE_CURVE('',#4522,#4522,#4530,.T.);
#4530 = CIRCLE('',#4531,0.5);
#4531 = AXIS2_PLACEMENT_3D('',#4532,#4533,#4534);
#4532 = CARTESIAN_POINT('',(5.15,-0.25,4.1));
#4533 = DIRECTION('',(0.,0.,1.));
#4534 = DIRECTION('',(1.,0.,-0.));
#4535 = ORIENTED_EDGE('',*,*,#4521,.F.);
#4536 = ORIENTED_EDGE('',*,*,#4230,.F.);
#4537 = CYLINDRICAL_SURFACE('',#4538,0.5);
#4538 = AXIS2_PLACEMENT_3D('',#4539,#4540,#4541);
#4539 = CARTESIAN_POINT('',(5.15,-0.25,3.5));
#4540 = DIRECTION('',(-0.,-0.,-1.));
#4541 = DIRECTION('',(1.,0.,0.));
#4542 = ADVANCED_FACE('',(#4543),#4568,.F.);
#4543 = FACE_BOUND('',#4544,.F.);
#4544 = EDGE_LOOP('',(#4545,#4555,#4561,#4562));
#4545 = ORIENTED_EDGE('',*,*,#4546,.F.);
#4546 = EDGE_CURVE('',#4547,#4549,#4551,.T.);
#4547 = VERTEX_POINT('',#4548);
#4548 = CARTESIAN_POINT('',(0.45,-5.25,0.));
#4549 = VERTEX_POINT('',#4550);
#4550 = CARTESIAN_POINT('',(5.85,-5.25,0.));
#4551 = LINE('',#4552,#4553);
#4552 = CARTESIAN_POINT('',(0.15,-5.25,0.));
#4553 = VECTOR('',#4554,1.);
#4554 = DIRECTION('',(1.,0.,0.));
#4555 = ORIENTED_EDGE('',*,*,#4556,.T.);
#4556 = EDGE_CURVE('',#4547,#4251,#4557,.T.);
#4557 = LINE('',#4558,#4559);
#4558 = CARTESIAN_POINT('',(0.45,-5.25,0.));
#4559 = VECTOR('',#4560,1.);
#4560 = DIRECTION('',(0.,0.,1.));
#4561 = ORIENTED_EDGE('',*,*,#4250,.T.);
#4562 = ORIENTED_EDGE('',*,*,#4563,.F.);
#4563 = EDGE_CURVE('',#4549,#4253,#4564,.T.);
#4564 = LINE('',#4565,#4566);
#4565 = CARTESIAN_POINT('',(5.85,-5.25,0.));
#4566 = VECTOR('',#4567,1.);
#4567 = DIRECTION('',(0.,0.,1.));
#4568 = PLANE('',#4569);
#4569 = AXIS2_PLACEMENT_3D('',#4570,#4571,#4572);
#4570 = CARTESIAN_POINT('',(0.15,-5.25,0.));
#4571 = DIRECTION('',(0.,1.,0.));
#4572 = DIRECTION('',(1.,0.,0.));
#4573 = ADVANCED_FACE('',(#4574),#4593,.T.);
#4574 = FACE_BOUND('',#4575,.T.);
#4575 = EDGE_LOOP('',(#4576,#4577,#4578,#4586));
#4576 = ORIENTED_EDGE('',*,*,#4556,.T.);
#4577 = ORIENTED_EDGE('',*,*,#4291,.T.);
#4578 = ORIENTED_EDGE('',*,*,#4579,.F.);
#4579 = EDGE_CURVE('',#4580,#4284,#4582,.T.);
#4580 = VERTEX_POINT('',#4581);
#4581 = CARTESIAN_POINT('',(0.15,-4.95,0.));
#4582 = LINE('',#4583,#4584);
#4583 = CARTESIAN_POINT('',(0.15,-4.95,0.));
#4584 = VECTOR('',#4585,1.);
#4585 = DIRECTION('',(0.,0.,1.));
#4586 = ORIENTED_EDGE('',*,*,#4587,.F.);
#4587 = EDGE_CURVE('',#4547,#4580,#4588,.T.);
#4588 = CIRCLE('',#4589,0.3);
#4589 = AXIS2_PLACEMENT_3D('',#4590,#4591,#4592);
#4590 = CARTESIAN_POINT('',(0.45,-4.95,0.));
#4591 = DIRECTION('',(-0.,-0.,-1.));
#4592 = DIRECTION('',(0.,-1.,0.));
#4593 = CYLINDRICAL_SURFACE('',#4594,0.3);
#4594 = AXIS2_PLACEMENT_3D('',#4595,#4596,#4597);
#4595 = CARTESIAN_POINT('',(0.45,-4.95,0.));
#4596 = DIRECTION('',(0.,0.,1.));
#4597 = DIRECTION('',(0.,-1.,0.));
#4598 = ADVANCED_FACE('',(#4599),#4618,.T.);
#4599 = FACE_BOUND('',#4600,.T.);
#4600 = EDGE_LOOP('',(#4601,#4610,#4616,#4617));
#4601 = ORIENTED_EDGE('',*,*,#4602,.T.);
#4602 = EDGE_CURVE('',#4549,#4603,#4605,.T.);
#4603 = VERTEX_POINT('',#4604);
#4604 = CARTESIAN_POINT('',(6.15,-4.95,0.));
#4605 = CIRCLE('',#4606,0.3);
#4606 = AXIS2_PLACEMENT_3D('',#4607,#4608,#4609);
#4607 = CARTESIAN_POINT('',(5.85,-4.95,0.));
#4608 = DIRECTION('',(-0.,0.,1.));
#4609 = DIRECTION('',(0.,-1.,0.));
#4610 = ORIENTED_EDGE('',*,*,#4611,.T.);
#4611 = EDGE_CURVE('',#4603,#4307,#4612,.T.);
#4612 = LINE('',#4613,#4614);
#4613 = CARTESIAN_POINT('',(6.15,-4.95,0.));
#4614 = VECTOR('',#4615,1.);
#4615 = DIRECTION('',(0.,0.,1.));
#4616 = ORIENTED_EDGE('',*,*,#4306,.F.);
#4617 = ORIENTED_EDGE('',*,*,#4563,.F.);
#4618 = CYLINDRICAL_SURFACE('',#4619,0.3);
#4619 = AXIS2_PLACEMENT_3D('',#4620,#4621,#4622);
#4620 = CARTESIAN_POINT('',(5.85,-4.95,0.));
#4621 = DIRECTION('',(0.,0.,1.));
#4622 = DIRECTION('',(0.,-1.,0.));
#4623 = ADVANCED_FACE('',(#4624),#4706,.F.);
#4624 = FACE_BOUND('',#4625,.F.);
#4625 = EDGE_LOOP('',(#4626,#4636,#4642,#4643,#4644,#4652,#4660,#4668,
    #4676,#4684,#4692,#4700));
#4626 = ORIENTED_EDGE('',*,*,#4627,.F.);
#4627 = EDGE_CURVE('',#4628,#4630,#4632,.T.);
#4628 = VERTEX_POINT('',#4629);
#4629 = CARTESIAN_POINT('',(0.15,0.45,0.));
#4630 = VERTEX_POINT('',#4631);
#4631 = CARTESIAN_POINT('',(0.15,0.35,0.));
#4632 = LINE('',#4633,#4634);
#4633 = CARTESIAN_POINT('',(0.15,0.75,0.));
#4634 = VECTOR('',#4635,1.);
#4635 = DIRECTION('',(0.,-1.,0.));
#4636 = ORIENTED_EDGE('',*,*,#4637,.T.);
#4637 = EDGE_CURVE('',#4628,#4332,#4638,.T.);
#4638 = LINE('',#4639,#4640);
#4639 = CARTESIAN_POINT('',(0.15,0.45,0.));
#4640 = VECTOR('',#4641,1.);
#4641 = DIRECTION('',(0.,0.,1.));
#4642 = ORIENTED_EDGE('',*,*,#4331,.T.);
#4643 = ORIENTED_EDGE('',*,*,#4579,.F.);
#4644 = ORIENTED_EDGE('',*,*,#4645,.F.);
#4645 = EDGE_CURVE('',#4646,#4580,#4648,.T.);
#4646 = VERTEX_POINT('',#4647);
#4647 = CARTESIAN_POINT('',(0.15,-4.85,0.));
#4648 = LINE('',#4649,#4650);
#4649 = CARTESIAN_POINT('',(0.15,0.75,0.));
#4650 = VECTOR('',#4651,1.);
#4651 = DIRECTION('',(0.,-1.,0.));
#4652 = ORIENTED_EDGE('',*,*,#4653,.F.);
#4653 = EDGE_CURVE('',#4654,#4646,#4656,.T.);
#4654 = VERTEX_POINT('',#4655);
#4655 = CARTESIAN_POINT('',(0.15,-4.85,1.5));
#4656 = LINE('',#4657,#4658);
#4657 = CARTESIAN_POINT('',(0.15,-4.85,1.5));
#4658 = VECTOR('',#4659,1.);
#4659 = DIRECTION('',(0.,5.551115123126E-16,-1.));
#4660 = ORIENTED_EDGE('',*,*,#4661,.T.);
#4661 = EDGE_CURVE('',#4654,#4662,#4664,.T.);
#4662 = VERTEX_POINT('',#4663);
#4663 = CARTESIAN_POINT('',(0.15,-4.15,1.5));
#4664 = LINE('',#4665,#4666);
#4665 = CARTESIAN_POINT('',(0.15,-4.85,1.5));
#4666 = VECTOR('',#4667,1.);
#4667 = DIRECTION('',(0.,1.,3.330669073875E-16));
#4668 = ORIENTED_EDGE('',*,*,#4669,.T.);
#4669 = EDGE_CURVE('',#4662,#4670,#4672,.T.);
#4670 = VERTEX_POINT('',#4671);
#4671 = CARTESIAN_POINT('',(0.15,-4.15,0.));
#4672 = LINE('',#4673,#4674);
#4673 = CARTESIAN_POINT('',(0.15,-4.15,1.5));
#4674 = VECTOR('',#4675,1.);
#4675 = DIRECTION('',(0.,5.551115123126E-16,-1.));
#4676 = ORIENTED_EDGE('',*,*,#4677,.F.);
#4677 = EDGE_CURVE('',#4678,#4670,#4680,.T.);
#4678 = VERTEX_POINT('',#4679);
#4679 = CARTESIAN_POINT('',(0.15,-0.35,0.));
#4680 = LINE('',#4681,#4682);
#4681 = CARTESIAN_POINT('',(0.15,0.75,0.));
#4682 = VECTOR('',#4683,1.);
#4683 = DIRECTION('',(0.,-1.,0.));
#4684 = ORIENTED_EDGE('',*,*,#4685,.F.);
#4685 = EDGE_CURVE('',#4686,#4678,#4688,.T.);
#4686 = VERTEX_POINT('',#4687);
#4687 = CARTESIAN_POINT('',(0.15,-0.35,1.5));
#4688 = LINE('',#4689,#4690);
#4689 = CARTESIAN_POINT('',(0.15,-0.35,1.5));
#4690 = VECTOR('',#4691,1.);
#4691 = DIRECTION('',(0.,5.551115123126E-16,-1.));
#4692 = ORIENTED_EDGE('',*,*,#4693,.T.);
#4693 = EDGE_CURVE('',#4686,#4694,#4696,.T.);
#4694 = VERTEX_POINT('',#4695);
#4695 = CARTESIAN_POINT('',(0.15,0.35,1.5));
#4696 = LINE('',#4697,#4698);
#4697 = CARTESIAN_POINT('',(0.15,-0.35,1.5));
#4698 = VECTOR('',#4699,1.);
#4699 = DIRECTION('',(0.,1.,3.330669073875E-16));
#4700 = ORIENTED_EDGE('',*,*,#4701,.T.);
#4701 = EDGE_CURVE('',#4694,#4630,#4702,.T.);
#4702 = LINE('',#4703,#4704);
#4703 = CARTESIAN_POINT('',(0.15,0.35,1.5));
#4704 = VECTOR('',#4705,1.);
#4705 = DIRECTION('',(0.,5.551115123126E-16,-1.));
#4706 = PLANE('',#4707);
#4707 = AXIS2_PLACEMENT_3D('',#4708,#4709,#4710);
#4708 = CARTESIAN_POINT('',(0.15,0.75,0.));
#4709 = DIRECTION('',(1.,0.,0.));
#4710 = DIRECTION('',(0.,-1.,0.));
#4711 = ADVANCED_FACE('',(#4712),#4794,.F.);
#4712 = FACE_BOUND('',#4713,.F.);
#4713 = EDGE_LOOP('',(#4714,#4722,#4723,#4724,#4732,#4740,#4748,#4756,
    #4764,#4772,#4780,#4788));
#4714 = ORIENTED_EDGE('',*,*,#4715,.F.);
#4715 = EDGE_CURVE('',#4603,#4716,#4718,.T.);
#4716 = VERTEX_POINT('',#4717);
#4717 = CARTESIAN_POINT('',(6.15,-4.85,0.));
#4718 = LINE('',#4719,#4720);
#4719 = CARTESIAN_POINT('',(6.15,-5.25,0.));
#4720 = VECTOR('',#4721,1.);
#4721 = DIRECTION('',(0.,1.,0.));
#4722 = ORIENTED_EDGE('',*,*,#4611,.T.);
#4723 = ORIENTED_EDGE('',*,*,#4355,.T.);
#4724 = ORIENTED_EDGE('',*,*,#4725,.F.);
#4725 = EDGE_CURVE('',#4726,#4356,#4728,.T.);
#4726 = VERTEX_POINT('',#4727);
#4727 = CARTESIAN_POINT('',(6.15,0.45,0.));
#4728 = LINE('',#4729,#4730);
#4729 = CARTESIAN_POINT('',(6.15,0.45,0.));
#4730 = VECTOR('',#4731,1.);
#4731 = DIRECTION('',(0.,0.,1.));
#4732 = ORIENTED_EDGE('',*,*,#4733,.F.);
#4733 = EDGE_CURVE('',#4734,#4726,#4736,.T.);
#4734 = VERTEX_POINT('',#4735);
#4735 = CARTESIAN_POINT('',(6.15,0.35,0.));
#4736 = LINE('',#4737,#4738);
#4737 = CARTESIAN_POINT('',(6.15,-5.25,0.));
#4738 = VECTOR('',#4739,1.);
#4739 = DIRECTION('',(0.,1.,0.));
#4740 = ORIENTED_EDGE('',*,*,#4741,.F.);
#4741 = EDGE_CURVE('',#4742,#4734,#4744,.T.);
#4742 = VERTEX_POINT('',#4743);
#4743 = CARTESIAN_POINT('',(6.15,0.35,1.5));
#4744 = LINE('',#4745,#4746);
#4745 = CARTESIAN_POINT('',(6.15,0.35,1.5));
#4746 = VECTOR('',#4747,1.);
#4747 = DIRECTION('',(0.,5.551115123126E-16,-1.));
#4748 = ORIENTED_EDGE('',*,*,#4749,.F.);
#4749 = EDGE_CURVE('',#4750,#4742,#4752,.T.);
#4750 = VERTEX_POINT('',#4751);
#4751 = CARTESIAN_POINT('',(6.15,-0.35,1.5));
#4752 = LINE('',#4753,#4754);
#4753 = CARTESIAN_POINT('',(6.15,-0.35,1.5));
#4754 = VECTOR('',#4755,1.);
#4755 = DIRECTION('',(0.,1.,3.330669073875E-16));
#4756 = ORIENTED_EDGE('',*,*,#4757,.T.);
#4757 = EDGE_CURVE('',#4750,#4758,#4760,.T.);
#4758 = VERTEX_POINT('',#4759);
#4759 = CARTESIAN_POINT('',(6.15,-0.35,0.));
#4760 = LINE('',#4761,#4762);
#4761 = CARTESIAN_POINT('',(6.15,-0.35,1.5));
#4762 = VECTOR('',#4763,1.);
#4763 = DIRECTION('',(0.,5.551115123126E-16,-1.));
#4764 = ORIENTED_EDGE('',*,*,#4765,.F.);
#4765 = EDGE_CURVE('',#4766,#4758,#4768,.T.);
#4766 = VERTEX_POINT('',#4767);
#4767 = CARTESIAN_POINT('',(6.15,-4.15,0.));
#4768 = LINE('',#4769,#4770);
#4769 = CARTESIAN_POINT('',(6.15,-5.25,0.));
#4770 = VECTOR('',#4771,1.);
#4771 = DIRECTION('',(0.,1.,0.));
#4772 = ORIENTED_EDGE('',*,*,#4773,.F.);
#4773 = EDGE_CURVE('',#4774,#4766,#4776,.T.);
#4774 = VERTEX_POINT('',#4775);
#4775 = CARTESIAN_POINT('',(6.15,-4.15,1.5));
#4776 = LINE('',#4777,#4778);
#4777 = CARTESIAN_POINT('',(6.15,-4.15,1.5));
#4778 = VECTOR('',#4779,1.);
#4779 = DIRECTION('',(0.,5.551115123126E-16,-1.));
#4780 = ORIENTED_EDGE('',*,*,#4781,.F.);
#4781 = EDGE_CURVE('',#4782,#4774,#4784,.T.);
#4782 = VERTEX_POINT('',#4783);
#4783 = CARTESIAN_POINT('',(6.15,-4.85,1.5));
#4784 = LINE('',#4785,#4786);
#4785 = CARTESIAN_POINT('',(6.15,-4.85,1.5));
#4786 = VECTOR('',#4787,1.);
#4787 = DIRECTION('',(0.,1.,3.330669073875E-16));
#4788 = ORIENTED_EDGE('',*,*,#4789,.T.);
#4789 = EDGE_CURVE('',#4782,#4716,#4790,.T.);
#4790 = LINE('',#4791,#4792);
#4791 = CARTESIAN_POINT('',(6.15,-4.85,1.5));
#4792 = VECTOR('',#4793,1.);
#4793 = DIRECTION('',(0.,5.551115123126E-16,-1.));
#4794 = PLANE('',#4795);
#4795 = AXIS2_PLACEMENT_3D('',#4796,#4797,#4798);
#4796 = CARTESIAN_POINT('',(6.15,-5.25,0.));
#4797 = DIRECTION('',(-1.,0.,0.));
#4798 = DIRECTION('',(0.,1.,0.));
#4799 = ADVANCED_FACE('',(#4800),#4819,.T.);
#4800 = FACE_BOUND('',#4801,.T.);
#4801 = EDGE_LOOP('',(#4802,#4811,#4812,#4813));
#4802 = ORIENTED_EDGE('',*,*,#4803,.T.);
#4803 = EDGE_CURVE('',#4804,#4628,#4806,.T.);
#4804 = VERTEX_POINT('',#4805);
#4805 = CARTESIAN_POINT('',(0.45,0.75,0.));
#4806 = CIRCLE('',#4807,0.3);
#4807 = AXIS2_PLACEMENT_3D('',#4808,#4809,#4810);
#4808 = CARTESIAN_POINT('',(0.45,0.45,0.));
#4809 = DIRECTION('',(-0.,0.,1.));
#4810 = DIRECTION('',(0.,-1.,0.));
#4811 = ORIENTED_EDGE('',*,*,#4637,.T.);
#4812 = ORIENTED_EDGE('',*,*,#4379,.F.);
#4813 = ORIENTED_EDGE('',*,*,#4814,.F.);
#4814 = EDGE_CURVE('',#4804,#4380,#4815,.T.);
#4815 = LINE('',#4816,#4817);
#4816 = CARTESIAN_POINT('',(0.45,0.75,0.));
#4817 = VECTOR('',#4818,1.);
#4818 = DIRECTION('',(0.,0.,1.));
#4819 = CYLINDRICAL_SURFACE('',#4820,0.3);
#4820 = AXIS2_PLACEMENT_3D('',#4821,#4822,#4823);
#4821 = CARTESIAN_POINT('',(0.45,0.45,0.));
#4822 = DIRECTION('',(0.,0.,1.));
#4823 = DIRECTION('',(0.,1.,0.));
#4824 = ADVANCED_FACE('',(#4825),#4844,.T.);
#4825 = FACE_BOUND('',#4826,.T.);
#4826 = EDGE_LOOP('',(#4827,#4836,#4842,#4843));
#4827 = ORIENTED_EDGE('',*,*,#4828,.T.);
#4828 = EDGE_CURVE('',#4726,#4829,#4831,.T.);
#4829 = VERTEX_POINT('',#4830);
#4830 = CARTESIAN_POINT('',(5.85,0.75,0.));
#4831 = CIRCLE('',#4832,0.3);
#4832 = AXIS2_PLACEMENT_3D('',#4833,#4834,#4835);
#4833 = CARTESIAN_POINT('',(5.85,0.45,0.));
#4834 = DIRECTION('',(-0.,0.,1.));
#4835 = DIRECTION('',(0.,-1.,0.));
#4836 = ORIENTED_EDGE('',*,*,#4837,.T.);
#4837 = EDGE_CURVE('',#4829,#4405,#4838,.T.);
#4838 = LINE('',#4839,#4840);
#4839 = CARTESIAN_POINT('',(5.85,0.75,0.));
#4840 = VECTOR('',#4841,1.);
#4841 = DIRECTION('',(0.,0.,1.));
#4842 = ORIENTED_EDGE('',*,*,#4404,.F.);
#4843 = ORIENTED_EDGE('',*,*,#4725,.F.);
#4844 = CYLINDRICAL_SURFACE('',#4845,0.3);
#4845 = AXIS2_PLACEMENT_3D('',#4846,#4847,#4848);
#4846 = CARTESIAN_POINT('',(5.85,0.45,0.));
#4847 = DIRECTION('',(0.,0.,1.));
#4848 = DIRECTION('',(1.,0.,-0.));
#4849 = ADVANCED_FACE('',(#4850),#4861,.F.);
#4850 = FACE_BOUND('',#4851,.F.);
#4851 = EDGE_LOOP('',(#4852,#4858,#4859,#4860));
#4852 = ORIENTED_EDGE('',*,*,#4853,.F.);
#4853 = EDGE_CURVE('',#4829,#4804,#4854,.T.);
#4854 = LINE('',#4855,#4856);
#4855 = CARTESIAN_POINT('',(6.15,0.75,0.));
#4856 = VECTOR('',#4857,1.);
#4857 = DIRECTION('',(-1.,0.,0.));
#4858 = ORIENTED_EDGE('',*,*,#4837,.T.);
#4859 = ORIENTED_EDGE('',*,*,#4429,.T.);
#4860 = ORIENTED_EDGE('',*,*,#4814,.F.);
#4861 = PLANE('',#4862);
#4862 = AXIS2_PLACEMENT_3D('',#4863,#4864,#4865);
#4863 = CARTESIAN_POINT('',(6.15,0.75,0.));
#4864 = DIRECTION('',(0.,-1.,0.));
#4865 = DIRECTION('',(-1.,0.,0.));
#4866 = ADVANCED_FACE('',(#4867),#4870,.F.);
#4867 = FACE_BOUND('',#4868,.T.);
#4868 = EDGE_LOOP('',(#4869));
#4869 = ORIENTED_EDGE('',*,*,#4454,.T.);
#4870 = PLANE('',#4871);
#4871 = AXIS2_PLACEMENT_3D('',#4872,#4873,#4874);
#4872 = CARTESIAN_POINT('',(5.65,-4.25,4.1));
#4873 = DIRECTION('',(0.,0.,-1.));
#4874 = DIRECTION('',(-1.,0.,0.));
#4875 = ADVANCED_FACE('',(#4876),#4896,.T.);
#4876 = FACE_BOUND('',#4877,.T.);
#4877 = EDGE_LOOP('',(#4878,#4879,#4888,#4895));
#4878 = ORIENTED_EDGE('',*,*,#4479,.T.);
#4879 = ORIENTED_EDGE('',*,*,#4880,.F.);
#4880 = EDGE_CURVE('',#4881,#4472,#4883,.T.);
#4881 = VERTEX_POINT('',#4882);
#4882 = CARTESIAN_POINT('',(4.8,-2.25,4.3));
#4883 = CIRCLE('',#4884,0.1);
#4884 = AXIS2_PLACEMENT_3D('',#4885,#4886,#4887);
#4885 = CARTESIAN_POINT('',(4.8,-2.25,4.2));
#4886 = DIRECTION('',(-0.,1.,0.));
#4887 = DIRECTION('',(1.,0.,0.));
#4888 = ORIENTED_EDGE('',*,*,#4889,.F.);
#4889 = EDGE_CURVE('',#4881,#4881,#4890,.T.);
#4890 = CIRCLE('',#4891,1.65);
#4891 = AXIS2_PLACEMENT_3D('',#4892,#4893,#4894);
#4892 = CARTESIAN_POINT('',(3.15,-2.25,4.3));
#4893 = DIRECTION('',(0.,0.,1.));
#4894 = DIRECTION('',(1.,0.,-0.));
#4895 = ORIENTED_EDGE('',*,*,#4880,.T.);
#4896 = TOROIDAL_SURFACE('',#4897,1.65,0.1);
#4897 = AXIS2_PLACEMENT_3D('',#4898,#4899,#4900);
#4898 = CARTESIAN_POINT('',(3.15,-2.25,4.2));
#4899 = DIRECTION('',(0.,0.,-1.));
#4900 = DIRECTION('',(1.,0.,0.));
#4901 = ADVANCED_FACE('',(#4902),#4905,.F.);
#4902 = FACE_BOUND('',#4903,.T.);
#4903 = EDGE_LOOP('',(#4904));
#4904 = ORIENTED_EDGE('',*,*,#4504,.T.);
#4905 = PLANE('',#4906);
#4906 = AXIS2_PLACEMENT_3D('',#4907,#4908,#4909);
#4907 = CARTESIAN_POINT('',(1.65,-0.25,4.1));
#4908 = DIRECTION('',(0.,0.,-1.));
#4909 = DIRECTION('',(-1.,0.,0.));
#4910 = ADVANCED_FACE('',(#4911),#4914,.F.);
#4911 = FACE_BOUND('',#4912,.T.);
#4912 = EDGE_LOOP('',(#4913));
#4913 = ORIENTED_EDGE('',*,*,#4529,.T.);
#4914 = PLANE('',#4915);
#4915 = AXIS2_PLACEMENT_3D('',#4916,#4917,#4918);
#4916 = CARTESIAN_POINT('',(5.65,-0.25,4.1));
#4917 = DIRECTION('',(0.,0.,-1.));
#4918 = DIRECTION('',(-1.,0.,0.));
#4919 = ADVANCED_FACE('',(#4920),#4958,.T.);
#4920 = FACE_BOUND('',#4921,.T.);
#4921 = EDGE_LOOP('',(#4922,#4923,#4924,#4925,#4931,#4932,#4938,#4939,
    #4940,#4941,#4942,#4943,#4949,#4950,#4956,#4957));
#4922 = ORIENTED_EDGE('',*,*,#4546,.F.);
#4923 = ORIENTED_EDGE('',*,*,#4587,.T.);
#4924 = ORIENTED_EDGE('',*,*,#4645,.F.);
#4925 = ORIENTED_EDGE('',*,*,#4926,.F.);
#4926 = EDGE_CURVE('',#4670,#4646,#4927,.T.);
#4927 = LINE('',#4928,#4929);
#4928 = CARTESIAN_POINT('',(0.15,0.75,0.));
#4929 = VECTOR('',#4930,1.);
#4930 = DIRECTION('',(0.,-1.,0.));
#4931 = ORIENTED_EDGE('',*,*,#4677,.F.);
#4932 = ORIENTED_EDGE('',*,*,#4933,.F.);
#4933 = EDGE_CURVE('',#4630,#4678,#4934,.T.);
#4934 = LINE('',#4935,#4936);
#4935 = CARTESIAN_POINT('',(0.15,0.75,0.));
#4936 = VECTOR('',#4937,1.);
#4937 = DIRECTION('',(0.,-1.,0.));
#4938 = ORIENTED_EDGE('',*,*,#4627,.F.);
#4939 = ORIENTED_EDGE('',*,*,#4803,.F.);
#4940 = ORIENTED_EDGE('',*,*,#4853,.F.);
#4941 = ORIENTED_EDGE('',*,*,#4828,.F.);
#4942 = ORIENTED_EDGE('',*,*,#4733,.F.);
#4943 = ORIENTED_EDGE('',*,*,#4944,.F.);
#4944 = EDGE_CURVE('',#4758,#4734,#4945,.T.);
#4945 = LINE('',#4946,#4947);
#4946 = CARTESIAN_POINT('',(6.15,-5.25,0.));
#4947 = VECTOR('',#4948,1.);
#4948 = DIRECTION('',(0.,1.,0.));
#4949 = ORIENTED_EDGE('',*,*,#4765,.F.);
#4950 = ORIENTED_EDGE('',*,*,#4951,.F.);
#4951 = EDGE_CURVE('',#4716,#4766,#4952,.T.);
#4952 = LINE('',#4953,#4954);
#4953 = CARTESIAN_POINT('',(6.15,-5.25,0.));
#4954 = VECTOR('',#4955,1.);
#4955 = DIRECTION('',(0.,1.,0.));
#4956 = ORIENTED_EDGE('',*,*,#4715,.F.);
#4957 = ORIENTED_EDGE('',*,*,#4602,.F.);
#4958 = PLANE('',#4959);
#4959 = AXIS2_PLACEMENT_3D('',#4960,#4961,#4962);
#4960 = CARTESIAN_POINT('',(0.15,-5.25,0.));
#4961 = DIRECTION('',(0.,0.,-1.));
#4962 = DIRECTION('',(-1.,0.,0.));
#4963 = ADVANCED_FACE('',(#4964),#5108,.F.);
#4964 = FACE_BOUND('',#4965,.F.);
#4965 = EDGE_LOOP('',(#4966,#4976,#4985,#4993,#5002,#5010,#5018,#5026,
    #5035,#5043,#5052,#5060,#5069,#5075,#5076,#5084,#5093,#5101));
#4966 = ORIENTED_EDGE('',*,*,#4967,.T.);
#4967 = EDGE_CURVE('',#4968,#4970,#4972,.T.);
#4968 = VERTEX_POINT('',#4969);
#4969 = CARTESIAN_POINT('',(-0.162230377286,0.35,-0.540767924286));
#4970 = VERTEX_POINT('',#4971);
#4971 = CARTESIAN_POINT('',(-0.425000733956,0.35,-1.416669113186));
#4972 = LINE('',#4973,#4974);
#4973 = CARTESIAN_POINT('',(-0.15,0.35,-0.5));
#4974 = VECTOR('',#4975,1.);
#4975 = DIRECTION('',(-0.287347885566,5.31700397722E-16,-0.957826285221)
  );
#4976 = ORIENTED_EDGE('',*,*,#4977,.T.);
#4977 = EDGE_CURVE('',#4970,#4978,#4980,.T.);
#4978 = VERTEX_POINT('',#4979);
#4979 = CARTESIAN_POINT('',(-0.425000733956,0.35,-1.583330886814));
#4980 = CIRCLE('',#4981,0.29);
#4981 = AXIS2_PLACEMENT_3D('',#4982,#4983,#4984);
#4982 = CARTESIAN_POINT('',(-0.147231111242,0.35,-1.5));
#4983 = DIRECTION('',(0.,-1.,-3.330669073875E-16));
#4984 = DIRECTION('',(0.,-3.330669073875E-16,1.));
#4985 = ORIENTED_EDGE('',*,*,#4986,.T.);
#4986 = EDGE_CURVE('',#4978,#4987,#4989,.T.);
#4987 = VERTEX_POINT('',#4988);
#4988 = CARTESIAN_POINT('',(-0.162230377286,0.35,-2.459232075714));
#4989 = LINE('',#4990,#4991);
#4990 = CARTESIAN_POINT('',(-0.45,0.35,-1.5));
#4991 = VECTOR('',#4992,1.);
#4992 = DIRECTION('',(0.287347885566,5.31700397722E-16,-0.957826285221)
  );
#4993 = ORIENTED_EDGE('',*,*,#4994,.F.);
#4994 = EDGE_CURVE('',#4995,#4987,#4997,.T.);
#4995 = VERTEX_POINT('',#4996);
#4996 = CARTESIAN_POINT('',(-0.15,0.35,-2.542562962528));
#4997 = CIRCLE('',#4998,0.29);
#4998 = AXIS2_PLACEMENT_3D('',#4999,#5000,#5001);
#4999 = CARTESIAN_POINT('',(-0.44,0.35,-2.542562962528));
#5000 = DIRECTION('',(0.,-1.,-3.330669073875E-16));
#5001 = DIRECTION('',(0.,-3.330669073875E-16,1.));
#5002 = ORIENTED_EDGE('',*,*,#5003,.F.);
#5003 = EDGE_CURVE('',#5004,#4995,#5006,.T.);
#5004 = VERTEX_POINT('',#5005);
#5005 = CARTESIAN_POINT('',(-0.15,0.35,-3.5));
#5006 = LINE('',#5007,#5008);
#5007 = CARTESIAN_POINT('',(-0.15,0.35,-3.5));
#5008 = VECTOR('',#5009,1.);
#5009 = DIRECTION('',(0.,-5.551115123126E-16,1.));
#5010 = ORIENTED_EDGE('',*,*,#5011,.F.);
#5011 = EDGE_CURVE('',#5012,#5004,#5014,.T.);
#5012 = VERTEX_POINT('',#5013);
#5013 = CARTESIAN_POINT('',(0.15,0.35,-3.5));
#5014 = LINE('',#5015,#5016);
#5015 = CARTESIAN_POINT('',(0.15,0.35,-3.5));
#5016 = VECTOR('',#5017,1.);
#5017 = DIRECTION('',(-1.,-0.,0.));
#5018 = ORIENTED_EDGE('',*,*,#5019,.F.);
#5019 = EDGE_CURVE('',#5020,#5012,#5022,.T.);
#5020 = VERTEX_POINT('',#5021);
#5021 = CARTESIAN_POINT('',(0.15,0.35,-2.542562962528));
#5022 = LINE('',#5023,#5024);
#5023 = CARTESIAN_POINT('',(0.15,0.35,-2.5));
#5024 = VECTOR('',#5025,1.);
#5025 = DIRECTION('',(0.,5.551115123126E-16,-1.));
#5026 = ORIENTED_EDGE('',*,*,#5027,.F.);
#5027 = EDGE_CURVE('',#5028,#5020,#5030,.T.);
#5028 = VERTEX_POINT('',#5029);
#5029 = CARTESIAN_POINT('',(0.137769622714,0.35,-2.459232075714));
#5030 = CIRCLE('',#5031,0.29);
#5031 = AXIS2_PLACEMENT_3D('',#5032,#5033,#5034);
#5032 = CARTESIAN_POINT('',(-0.14,0.35,-2.542562962528));
#5033 = DIRECTION('',(-0.,1.,3.330669073875E-16));
#5034 = DIRECTION('',(0.,-3.330669073875E-16,1.));
#5035 = ORIENTED_EDGE('',*,*,#5036,.T.);
#5036 = EDGE_CURVE('',#5028,#5037,#5039,.T.);
#5037 = VERTEX_POINT('',#5038);
#5038 = CARTESIAN_POINT('',(-0.125000733956,0.35,-1.583330886814));
#5039 = LINE('',#5040,#5041);
#5040 = CARTESIAN_POINT('',(0.15,0.35,-2.5));
#5041 = VECTOR('',#5042,1.);
#5042 = DIRECTION('',(-0.287347885566,-5.31700397722E-16,0.957826285221)
  );
#5043 = ORIENTED_EDGE('',*,*,#5044,.F.);
#5044 = EDGE_CURVE('',#5045,#5037,#5047,.T.);
#5045 = VERTEX_POINT('',#5046);
#5046 = CARTESIAN_POINT('',(-0.125000733956,0.35,-1.416669113186));
#5047 = CIRCLE('',#5048,0.29);
#5048 = AXIS2_PLACEMENT_3D('',#5049,#5050,#5051);
#5049 = CARTESIAN_POINT('',(0.152768888758,0.35,-1.5));
#5050 = DIRECTION('',(0.,-1.,-3.330669073875E-16));
#5051 = DIRECTION('',(0.,-3.330669073875E-16,1.));
#5052 = ORIENTED_EDGE('',*,*,#5053,.T.);
#5053 = EDGE_CURVE('',#5045,#5054,#5056,.T.);
#5054 = VERTEX_POINT('',#5055);
#5055 = CARTESIAN_POINT('',(0.137769622714,0.35,-0.540767924286));
#5056 = LINE('',#5057,#5058);
#5057 = CARTESIAN_POINT('',(-0.15,0.35,-1.5));
#5058 = VECTOR('',#5059,1.);
#5059 = DIRECTION('',(0.287347885566,-5.31700397722E-16,0.957826285221)
  );
#5060 = ORIENTED_EDGE('',*,*,#5061,.F.);
#5061 = EDGE_CURVE('',#5062,#5054,#5064,.T.);
#5062 = VERTEX_POINT('',#5063);
#5063 = CARTESIAN_POINT('',(0.15,0.35,-0.457437037472));
#5064 = CIRCLE('',#5065,0.29);
#5065 = AXIS2_PLACEMENT_3D('',#5066,#5067,#5068);
#5066 = CARTESIAN_POINT('',(-0.14,0.35,-0.457437037472));
#5067 = DIRECTION('',(-0.,1.,3.330669073875E-16));
#5068 = DIRECTION('',(0.,-3.330669073875E-16,1.));
#5069 = ORIENTED_EDGE('',*,*,#5070,.F.);
#5070 = EDGE_CURVE('',#4630,#5062,#5071,.T.);
#5071 = LINE('',#5072,#5073);
#5072 = CARTESIAN_POINT('',(0.15,0.35,1.5));
#5073 = VECTOR('',#5074,1.);
#5074 = DIRECTION('',(0.,5.551115123126E-16,-1.));
#5075 = ORIENTED_EDGE('',*,*,#4701,.F.);
#5076 = ORIENTED_EDGE('',*,*,#5077,.F.);
#5077 = EDGE_CURVE('',#5078,#4694,#5080,.T.);
#5078 = VERTEX_POINT('',#5079);
#5079 = CARTESIAN_POINT('',(0.14,0.35,1.5));
#5080 = LINE('',#5081,#5082);
#5081 = CARTESIAN_POINT('',(-0.15,0.35,1.5));
#5082 = VECTOR('',#5083,1.);
#5083 = DIRECTION('',(1.,0.,0.));
#5084 = ORIENTED_EDGE('',*,*,#5085,.F.);
#5085 = EDGE_CURVE('',#5086,#5078,#5088,.T.);
#5086 = VERTEX_POINT('',#5087);
#5087 = CARTESIAN_POINT('',(-0.15,0.35,1.21));
#5088 = CIRCLE('',#5089,0.29);
#5089 = AXIS2_PLACEMENT_3D('',#5090,#5091,#5092);
#5090 = CARTESIAN_POINT('',(0.14,0.35,1.21));
#5091 = DIRECTION('',(-0.,1.,3.330669073875E-16));
#5092 = DIRECTION('',(0.,-3.330669073875E-16,1.));
#5093 = ORIENTED_EDGE('',*,*,#5094,.F.);
#5094 = EDGE_CURVE('',#5095,#5086,#5097,.T.);
#5095 = VERTEX_POINT('',#5096);
#5096 = CARTESIAN_POINT('',(-0.15,0.35,-0.457437037472));
#5097 = LINE('',#5098,#5099);
#5098 = CARTESIAN_POINT('',(-0.15,0.35,-0.5));
#5099 = VECTOR('',#5100,1.);
#5100 = DIRECTION('',(0.,-5.551115123126E-16,1.));
#5101 = ORIENTED_EDGE('',*,*,#5102,.F.);
#5102 = EDGE_CURVE('',#4968,#5095,#5103,.T.);
#5103 = CIRCLE('',#5104,0.29);
#5104 = AXIS2_PLACEMENT_3D('',#5105,#5106,#5107);
#5105 = CARTESIAN_POINT('',(-0.44,0.35,-0.457437037472));
#5106 = DIRECTION('',(0.,-1.,-3.330669073875E-16));
#5107 = DIRECTION('',(0.,-3.330669073875E-16,1.));
#5108 = PLANE('',#5109);
#5109 = AXIS2_PLACEMENT_3D('',#5110,#5111,#5112);
#5110 = CARTESIAN_POINT('',(-0.15,0.35,-0.5));
#5111 = DIRECTION('',(1.64346021921E-31,-1.,-5.551115123126E-16));
#5112 = DIRECTION('',(0.,5.551115123126E-16,-1.));
#5113 = ADVANCED_FACE('',(#5114),#5132,.F.);
#5114 = FACE_BOUND('',#5115,.F.);
#5115 = EDGE_LOOP('',(#5116,#5124,#5130,#5131));
#5116 = ORIENTED_EDGE('',*,*,#5117,.F.);
#5117 = EDGE_CURVE('',#5118,#4686,#5120,.T.);
#5118 = VERTEX_POINT('',#5119);
#5119 = CARTESIAN_POINT('',(0.14,-0.35,1.5));
#5120 = LINE('',#5121,#5122);
#5121 = CARTESIAN_POINT('',(-0.15,-0.35,1.5));
#5122 = VECTOR('',#5123,1.);
#5123 = DIRECTION('',(1.,0.,0.));
#5124 = ORIENTED_EDGE('',*,*,#5125,.T.);
#5125 = EDGE_CURVE('',#5118,#5078,#5126,.T.);
#5126 = LINE('',#5127,#5128);
#5127 = CARTESIAN_POINT('',(0.14,-0.35,1.5));
#5128 = VECTOR('',#5129,1.);
#5129 = DIRECTION('',(0.,1.,3.330669073875E-16));
#5130 = ORIENTED_EDGE('',*,*,#5077,.T.);
#5131 = ORIENTED_EDGE('',*,*,#4693,.F.);
#5132 = PLANE('',#5133);
#5133 = AXIS2_PLACEMENT_3D('',#5134,#5135,#5136);
#5134 = CARTESIAN_POINT('',(-0.15,-0.35,1.5));
#5135 = DIRECTION('',(0.,3.330669073875E-16,-1.));
#5136 = DIRECTION('',(1.,0.,0.));
#5137 = ADVANCED_FACE('',(#5138),#5275,.T.);
#5138 = FACE_BOUND('',#5139,.T.);
#5139 = EDGE_LOOP('',(#5140,#5150,#5159,#5167,#5176,#5184,#5192,#5200,
    #5209,#5217,#5226,#5234,#5243,#5249,#5250,#5251,#5260,#5268));
#5140 = ORIENTED_EDGE('',*,*,#5141,.T.);
#5141 = EDGE_CURVE('',#5142,#5144,#5146,.T.);
#5142 = VERTEX_POINT('',#5143);
#5143 = CARTESIAN_POINT('',(-0.162230377286,-0.35,-0.540767924286));
#5144 = VERTEX_POINT('',#5145);
#5145 = CARTESIAN_POINT('',(-0.425000733956,-0.35,-1.416669113186));
#5146 = LINE('',#5147,#5148);
#5147 = CARTESIAN_POINT('',(-0.15,-0.35,-0.5));
#5148 = VECTOR('',#5149,1.);
#5149 = DIRECTION('',(-0.287347885566,5.31700397722E-16,-0.957826285221)
  );
#5150 = ORIENTED_EDGE('',*,*,#5151,.T.);
#5151 = EDGE_CURVE('',#5144,#5152,#5154,.T.);
#5152 = VERTEX_POINT('',#5153);
#5153 = CARTESIAN_POINT('',(-0.425000733956,-0.35,-1.583330886814));
#5154 = CIRCLE('',#5155,0.29);
#5155 = AXIS2_PLACEMENT_3D('',#5156,#5157,#5158);
#5156 = CARTESIAN_POINT('',(-0.147231111242,-0.35,-1.5));
#5157 = DIRECTION('',(0.,-1.,-3.330669073875E-16));
#5158 = DIRECTION('',(0.,-3.330669073875E-16,1.));
#5159 = ORIENTED_EDGE('',*,*,#5160,.T.);
#5160 = EDGE_CURVE('',#5152,#5161,#5163,.T.);
#5161 = VERTEX_POINT('',#5162);
#5162 = CARTESIAN_POINT('',(-0.162230377286,-0.35,-2.459232075714));
#5163 = LINE('',#5164,#5165);
#5164 = CARTESIAN_POINT('',(-0.45,-0.35,-1.5));
#5165 = VECTOR('',#5166,1.);
#5166 = DIRECTION('',(0.287347885566,5.31700397722E-16,-0.957826285221)
  );
#5167 = ORIENTED_EDGE('',*,*,#5168,.F.);
#5168 = EDGE_CURVE('',#5169,#5161,#5171,.T.);
#5169 = VERTEX_POINT('',#5170);
#5170 = CARTESIAN_POINT('',(-0.15,-0.35,-2.542562962528));
#5171 = CIRCLE('',#5172,0.29);
#5172 = AXIS2_PLACEMENT_3D('',#5173,#5174,#5175);
#5173 = CARTESIAN_POINT('',(-0.44,-0.35,-2.542562962528));
#5174 = DIRECTION('',(0.,-1.,-3.330669073875E-16));
#5175 = DIRECTION('',(0.,-3.330669073875E-16,1.));
#5176 = ORIENTED_EDGE('',*,*,#5177,.F.);
#5177 = EDGE_CURVE('',#5178,#5169,#5180,.T.);
#5178 = VERTEX_POINT('',#5179);
#5179 = CARTESIAN_POINT('',(-0.15,-0.35,-3.5));
#5180 = LINE('',#5181,#5182);
#5181 = CARTESIAN_POINT('',(-0.15,-0.35,-3.5));
#5182 = VECTOR('',#5183,1.);
#5183 = DIRECTION('',(0.,-5.551115123126E-16,1.));
#5184 = ORIENTED_EDGE('',*,*,#5185,.F.);
#5185 = EDGE_CURVE('',#5186,#5178,#5188,.T.);
#5186 = VERTEX_POINT('',#5187);
#5187 = CARTESIAN_POINT('',(0.15,-0.35,-3.5));
#5188 = LINE('',#5189,#5190);
#5189 = CARTESIAN_POINT('',(0.15,-0.35,-3.5));
#5190 = VECTOR('',#5191,1.);
#5191 = DIRECTION('',(-1.,-0.,0.));
#5192 = ORIENTED_EDGE('',*,*,#5193,.F.);
#5193 = EDGE_CURVE('',#5194,#5186,#5196,.T.);
#5194 = VERTEX_POINT('',#5195);
#5195 = CARTESIAN_POINT('',(0.15,-0.35,-2.542562962528));
#5196 = LINE('',#5197,#5198);
#5197 = CARTESIAN_POINT('',(0.15,-0.35,-2.5));
#5198 = VECTOR('',#5199,1.);
#5199 = DIRECTION('',(0.,5.551115123126E-16,-1.));
#5200 = ORIENTED_EDGE('',*,*,#5201,.F.);
#5201 = EDGE_CURVE('',#5202,#5194,#5204,.T.);
#5202 = VERTEX_POINT('',#5203);
#5203 = CARTESIAN_POINT('',(0.137769622714,-0.35,-2.459232075714));
#5204 = CIRCLE('',#5205,0.29);
#5205 = AXIS2_PLACEMENT_3D('',#5206,#5207,#5208);
#5206 = CARTESIAN_POINT('',(-0.14,-0.35,-2.542562962528));
#5207 = DIRECTION('',(-0.,1.,3.330669073875E-16));
#5208 = DIRECTION('',(0.,-3.330669073875E-16,1.));
#5209 = ORIENTED_EDGE('',*,*,#5210,.T.);
#5210 = EDGE_CURVE('',#5202,#5211,#5213,.T.);
#5211 = VERTEX_POINT('',#5212);
#5212 = CARTESIAN_POINT('',(-0.125000733956,-0.35,-1.583330886814));
#5213 = LINE('',#5214,#5215);
#5214 = CARTESIAN_POINT('',(0.15,-0.35,-2.5));
#5215 = VECTOR('',#5216,1.);
#5216 = DIRECTION('',(-0.287347885566,-5.31700397722E-16,0.957826285221)
  );
#5217 = ORIENTED_EDGE('',*,*,#5218,.F.);
#5218 = EDGE_CURVE('',#5219,#5211,#5221,.T.);
#5219 = VERTEX_POINT('',#5220);
#5220 = CARTESIAN_POINT('',(-0.125000733956,-0.35,-1.416669113186));
#5221 = CIRCLE('',#5222,0.29);
#5222 = AXIS2_PLACEMENT_3D('',#5223,#5224,#5225);
#5223 = CARTESIAN_POINT('',(0.152768888758,-0.35,-1.5));
#5224 = DIRECTION('',(0.,-1.,-3.330669073875E-16));
#5225 = DIRECTION('',(0.,-3.330669073875E-16,1.));
#5226 = ORIENTED_EDGE('',*,*,#5227,.T.);
#5227 = EDGE_CURVE('',#5219,#5228,#5230,.T.);
#5228 = VERTEX_POINT('',#5229);
#5229 = CARTESIAN_POINT('',(0.137769622714,-0.35,-0.540767924286));
#5230 = LINE('',#5231,#5232);
#5231 = CARTESIAN_POINT('',(-0.15,-0.35,-1.5));
#5232 = VECTOR('',#5233,1.);
#5233 = DIRECTION('',(0.287347885566,-5.31700397722E-16,0.957826285221)
  );
#5234 = ORIENTED_EDGE('',*,*,#5235,.F.);
#5235 = EDGE_CURVE('',#5236,#5228,#5238,.T.);
#5236 = VERTEX_POINT('',#5237);
#5237 = CARTESIAN_POINT('',(0.15,-0.35,-0.457437037472));
#5238 = CIRCLE('',#5239,0.29);
#5239 = AXIS2_PLACEMENT_3D('',#5240,#5241,#5242);
#5240 = CARTESIAN_POINT('',(-0.14,-0.35,-0.457437037472));
#5241 = DIRECTION('',(-0.,1.,3.330669073875E-16));
#5242 = DIRECTION('',(0.,-3.330669073875E-16,1.));
#5243 = ORIENTED_EDGE('',*,*,#5244,.F.);
#5244 = EDGE_CURVE('',#4678,#5236,#5245,.T.);
#5245 = LINE('',#5246,#5247);
#5246 = CARTESIAN_POINT('',(0.15,-0.35,1.5));
#5247 = VECTOR('',#5248,1.);
#5248 = DIRECTION('',(0.,5.551115123126E-16,-1.));
#5249 = ORIENTED_EDGE('',*,*,#4685,.F.);
#5250 = ORIENTED_EDGE('',*,*,#5117,.F.);
#5251 = ORIENTED_EDGE('',*,*,#5252,.F.);
#5252 = EDGE_CURVE('',#5253,#5118,#5255,.T.);
#5253 = VERTEX_POINT('',#5254);
#5254 = CARTESIAN_POINT('',(-0.15,-0.35,1.21));
#5255 = CIRCLE('',#5256,0.29);
#5256 = AXIS2_PLACEMENT_3D('',#5257,#5258,#5259);
#5257 = CARTESIAN_POINT('',(0.14,-0.35,1.21));
#5258 = DIRECTION('',(-0.,1.,3.330669073875E-16));
#5259 = DIRECTION('',(0.,-3.330669073875E-16,1.));
#5260 = ORIENTED_EDGE('',*,*,#5261,.F.);
#5261 = EDGE_CURVE('',#5262,#5253,#5264,.T.);
#5262 = VERTEX_POINT('',#5263);
#5263 = CARTESIAN_POINT('',(-0.15,-0.35,-0.457437037472));
#5264 = LINE('',#5265,#5266);
#5265 = CARTESIAN_POINT('',(-0.15,-0.35,-0.5));
#5266 = VECTOR('',#5267,1.);
#5267 = DIRECTION('',(0.,-5.551115123126E-16,1.));
#5268 = ORIENTED_EDGE('',*,*,#5269,.F.);
#5269 = EDGE_CURVE('',#5142,#5262,#5270,.T.);
#5270 = CIRCLE('',#5271,0.29);
#5271 = AXIS2_PLACEMENT_3D('',#5272,#5273,#5274);
#5272 = CARTESIAN_POINT('',(-0.44,-0.35,-0.457437037472));
#5273 = DIRECTION('',(0.,-1.,-3.330669073875E-16));
#5274 = DIRECTION('',(0.,-3.330669073875E-16,1.));
#5275 = PLANE('',#5276);
#5276 = AXIS2_PLACEMENT_3D('',#5277,#5278,#5279);
#5277 = CARTESIAN_POINT('',(-0.15,-0.35,-0.5));
#5278 = DIRECTION('',(1.64346021921E-31,-1.,-5.551115123126E-16));
#5279 = DIRECTION('',(0.,5.551115123126E-16,-1.));
#5280 = ADVANCED_FACE('',(#5281),#5425,.T.);
#5281 = FACE_BOUND('',#5282,.T.);
#5282 = EDGE_LOOP('',(#5283,#5293,#5302,#5310,#5319,#5327,#5335,#5343,
    #5352,#5360,#5369,#5377,#5386,#5392,#5393,#5401,#5410,#5418));
#5283 = ORIENTED_EDGE('',*,*,#5284,.T.);
#5284 = EDGE_CURVE('',#5285,#5287,#5289,.T.);
#5285 = VERTEX_POINT('',#5286);
#5286 = CARTESIAN_POINT('',(-0.162230377286,-4.85,-0.540767924286));
#5287 = VERTEX_POINT('',#5288);
#5288 = CARTESIAN_POINT('',(-0.425000733956,-4.85,-1.416669113186));
#5289 = LINE('',#5290,#5291);
#5290 = CARTESIAN_POINT('',(-0.15,-4.85,-0.5));
#5291 = VECTOR('',#5292,1.);
#5292 = DIRECTION('',(-0.287347885566,5.31700397722E-16,-0.957826285221)
  );
#5293 = ORIENTED_EDGE('',*,*,#5294,.T.);
#5294 = EDGE_CURVE('',#5287,#5295,#5297,.T.);
#5295 = VERTEX_POINT('',#5296);
#5296 = CARTESIAN_POINT('',(-0.425000733956,-4.85,-1.583330886814));
#5297 = CIRCLE('',#5298,0.29);
#5298 = AXIS2_PLACEMENT_3D('',#5299,#5300,#5301);
#5299 = CARTESIAN_POINT('',(-0.147231111242,-4.85,-1.5));
#5300 = DIRECTION('',(0.,-1.,-3.330669073875E-16));
#5301 = DIRECTION('',(0.,-3.330669073875E-16,1.));
#5302 = ORIENTED_EDGE('',*,*,#5303,.T.);
#5303 = EDGE_CURVE('',#5295,#5304,#5306,.T.);
#5304 = VERTEX_POINT('',#5305);
#5305 = CARTESIAN_POINT('',(-0.162230377286,-4.85,-2.459232075714));
#5306 = LINE('',#5307,#5308);
#5307 = CARTESIAN_POINT('',(-0.45,-4.85,-1.5));
#5308 = VECTOR('',#5309,1.);
#5309 = DIRECTION('',(0.287347885566,5.31700397722E-16,-0.957826285221)
  );
#5310 = ORIENTED_EDGE('',*,*,#5311,.F.);
#5311 = EDGE_CURVE('',#5312,#5304,#5314,.T.);
#5312 = VERTEX_POINT('',#5313);
#5313 = CARTESIAN_POINT('',(-0.15,-4.85,-2.542562962528));
#5314 = CIRCLE('',#5315,0.29);
#5315 = AXIS2_PLACEMENT_3D('',#5316,#5317,#5318);
#5316 = CARTESIAN_POINT('',(-0.44,-4.85,-2.542562962528));
#5317 = DIRECTION('',(0.,-1.,-3.330669073875E-16));
#5318 = DIRECTION('',(0.,-3.330669073875E-16,1.));
#5319 = ORIENTED_EDGE('',*,*,#5320,.F.);
#5320 = EDGE_CURVE('',#5321,#5312,#5323,.T.);
#5321 = VERTEX_POINT('',#5322);
#5322 = CARTESIAN_POINT('',(-0.15,-4.85,-3.5));
#5323 = LINE('',#5324,#5325);
#5324 = CARTESIAN_POINT('',(-0.15,-4.85,-3.5));
#5325 = VECTOR('',#5326,1.);
#5326 = DIRECTION('',(0.,-5.551115123126E-16,1.));
#5327 = ORIENTED_EDGE('',*,*,#5328,.F.);
#5328 = EDGE_CURVE('',#5329,#5321,#5331,.T.);
#5329 = VERTEX_POINT('',#5330);
#5330 = CARTESIAN_POINT('',(0.15,-4.85,-3.5));
#5331 = LINE('',#5332,#5333);
#5332 = CARTESIAN_POINT('',(0.15,-4.85,-3.5));
#5333 = VECTOR('',#5334,1.);
#5334 = DIRECTION('',(-1.,-0.,0.));
#5335 = ORIENTED_EDGE('',*,*,#5336,.F.);
#5336 = EDGE_CURVE('',#5337,#5329,#5339,.T.);
#5337 = VERTEX_POINT('',#5338);
#5338 = CARTESIAN_POINT('',(0.15,-4.85,-2.542562962528));
#5339 = LINE('',#5340,#5341);
#5340 = CARTESIAN_POINT('',(0.15,-4.85,-2.5));
#5341 = VECTOR('',#5342,1.);
#5342 = DIRECTION('',(0.,5.551115123126E-16,-1.));
#5343 = ORIENTED_EDGE('',*,*,#5344,.F.);
#5344 = EDGE_CURVE('',#5345,#5337,#5347,.T.);
#5345 = VERTEX_POINT('',#5346);
#5346 = CARTESIAN_POINT('',(0.137769622714,-4.85,-2.459232075714));
#5347 = CIRCLE('',#5348,0.29);
#5348 = AXIS2_PLACEMENT_3D('',#5349,#5350,#5351);
#5349 = CARTESIAN_POINT('',(-0.14,-4.85,-2.542562962528));
#5350 = DIRECTION('',(-0.,1.,3.330669073875E-16));
#5351 = DIRECTION('',(0.,-3.330669073875E-16,1.));
#5352 = ORIENTED_EDGE('',*,*,#5353,.T.);
#5353 = EDGE_CURVE('',#5345,#5354,#5356,.T.);
#5354 = VERTEX_POINT('',#5355);
#5355 = CARTESIAN_POINT('',(-0.125000733956,-4.85,-1.583330886814));
#5356 = LINE('',#5357,#5358);
#5357 = CARTESIAN_POINT('',(0.15,-4.85,-2.5));
#5358 = VECTOR('',#5359,1.);
#5359 = DIRECTION('',(-0.287347885566,-5.31700397722E-16,0.957826285221)
  );
#5360 = ORIENTED_EDGE('',*,*,#5361,.F.);
#5361 = EDGE_CURVE('',#5362,#5354,#5364,.T.);
#5362 = VERTEX_POINT('',#5363);
#5363 = CARTESIAN_POINT('',(-0.125000733956,-4.85,-1.416669113186));
#5364 = CIRCLE('',#5365,0.29);
#5365 = AXIS2_PLACEMENT_3D('',#5366,#5367,#5368);
#5366 = CARTESIAN_POINT('',(0.152768888758,-4.85,-1.5));
#5367 = DIRECTION('',(0.,-1.,-3.330669073875E-16));
#5368 = DIRECTION('',(0.,-3.330669073875E-16,1.));
#5369 = ORIENTED_EDGE('',*,*,#5370,.T.);
#5370 = EDGE_CURVE('',#5362,#5371,#5373,.T.);
#5371 = VERTEX_POINT('',#5372);
#5372 = CARTESIAN_POINT('',(0.137769622714,-4.85,-0.540767924286));
#5373 = LINE('',#5374,#5375);
#5374 = CARTESIAN_POINT('',(-0.15,-4.85,-1.5));
#5375 = VECTOR('',#5376,1.);
#5376 = DIRECTION('',(0.287347885566,-5.31700397722E-16,0.957826285221)
  );
#5377 = ORIENTED_EDGE('',*,*,#5378,.F.);
#5378 = EDGE_CURVE('',#5379,#5371,#5381,.T.);
#5379 = VERTEX_POINT('',#5380);
#5380 = CARTESIAN_POINT('',(0.15,-4.85,-0.457437037472));
#5381 = CIRCLE('',#5382,0.29);
#5382 = AXIS2_PLACEMENT_3D('',#5383,#5384,#5385);
#5383 = CARTESIAN_POINT('',(-0.14,-4.85,-0.457437037472));
#5384 = DIRECTION('',(-0.,1.,3.330669073875E-16));
#5385 = DIRECTION('',(0.,-3.330669073875E-16,1.));
#5386 = ORIENTED_EDGE('',*,*,#5387,.F.);
#5387 = EDGE_CURVE('',#4646,#5379,#5388,.T.);
#5388 = LINE('',#5389,#5390);
#5389 = CARTESIAN_POINT('',(0.15,-4.85,1.5));
#5390 = VECTOR('',#5391,1.);
#5391 = DIRECTION('',(0.,5.551115123126E-16,-1.));
#5392 = ORIENTED_EDGE('',*,*,#4653,.F.);
#5393 = ORIENTED_EDGE('',*,*,#5394,.F.);
#5394 = EDGE_CURVE('',#5395,#4654,#5397,.T.);
#5395 = VERTEX_POINT('',#5396);
#5396 = CARTESIAN_POINT('',(0.14,-4.85,1.5));
#5397 = LINE('',#5398,#5399);
#5398 = CARTESIAN_POINT('',(-0.15,-4.85,1.5));
#5399 = VECTOR('',#5400,1.);
#5400 = DIRECTION('',(1.,0.,0.));
#5401 = ORIENTED_EDGE('',*,*,#5402,.F.);
#5402 = EDGE_CURVE('',#5403,#5395,#5405,.T.);
#5403 = VERTEX_POINT('',#5404);
#5404 = CARTESIAN_POINT('',(-0.15,-4.85,1.21));
#5405 = CIRCLE('',#5406,0.29);
#5406 = AXIS2_PLACEMENT_3D('',#5407,#5408,#5409);
#5407 = CARTESIAN_POINT('',(0.14,-4.85,1.21));
#5408 = DIRECTION('',(-0.,1.,3.330669073875E-16));
#5409 = DIRECTION('',(0.,-3.330669073875E-16,1.));
#5410 = ORIENTED_EDGE('',*,*,#5411,.F.);
#5411 = EDGE_CURVE('',#5412,#5403,#5414,.T.);
#5412 = VERTEX_POINT('',#5413);
#5413 = CARTESIAN_POINT('',(-0.15,-4.85,-0.457437037472));
#5414 = LINE('',#5415,#5416);
#5415 = CARTESIAN_POINT('',(-0.15,-4.85,-0.5));
#5416 = VECTOR('',#5417,1.);
#5417 = DIRECTION('',(0.,-5.551115123126E-16,1.));
#5418 = ORIENTED_EDGE('',*,*,#5419,.F.);
#5419 = EDGE_CURVE('',#5285,#5412,#5420,.T.);
#5420 = CIRCLE('',#5421,0.29);
#5421 = AXIS2_PLACEMENT_3D('',#5422,#5423,#5424);
#5422 = CARTESIAN_POINT('',(-0.44,-4.85,-0.457437037472));
#5423 = DIRECTION('',(0.,-1.,-3.330669073875E-16));
#5424 = DIRECTION('',(0.,-3.330669073875E-16,1.));
#5425 = PLANE('',#5426);
#5426 = AXIS2_PLACEMENT_3D('',#5427,#5428,#5429);
#5427 = CARTESIAN_POINT('',(-0.15,-4.85,-0.5));
#5428 = DIRECTION('',(0.,-1.,-3.330669073875E-16));
#5429 = DIRECTION('',(0.,3.330669073875E-16,-1.));
#5430 = ADVANCED_FACE('',(#5431),#5575,.F.);
#5431 = FACE_BOUND('',#5432,.F.);
#5432 = EDGE_LOOP('',(#5433,#5443,#5452,#5460,#5469,#5477,#5485,#5493,
    #5502,#5510,#5519,#5527,#5536,#5542,#5543,#5551,#5560,#5568));
#5433 = ORIENTED_EDGE('',*,*,#5434,.T.);
#5434 = EDGE_CURVE('',#5435,#5437,#5439,.T.);
#5435 = VERTEX_POINT('',#5436);
#5436 = CARTESIAN_POINT('',(-0.162230377286,-4.15,-0.540767924286));
#5437 = VERTEX_POINT('',#5438);
#5438 = CARTESIAN_POINT('',(-0.425000733956,-4.15,-1.416669113186));
#5439 = LINE('',#5440,#5441);
#5440 = CARTESIAN_POINT('',(-0.15,-4.15,-0.5));
#5441 = VECTOR('',#5442,1.);
#5442 = DIRECTION('',(-0.287347885566,5.31700397722E-16,-0.957826285221)
  );
#5443 = ORIENTED_EDGE('',*,*,#5444,.T.);
#5444 = EDGE_CURVE('',#5437,#5445,#5447,.T.);
#5445 = VERTEX_POINT('',#5446);
#5446 = CARTESIAN_POINT('',(-0.425000733956,-4.15,-1.583330886814));
#5447 = CIRCLE('',#5448,0.29);
#5448 = AXIS2_PLACEMENT_3D('',#5449,#5450,#5451);
#5449 = CARTESIAN_POINT('',(-0.147231111242,-4.15,-1.5));
#5450 = DIRECTION('',(0.,-1.,-3.330669073875E-16));
#5451 = DIRECTION('',(0.,-3.330669073875E-16,1.));
#5452 = ORIENTED_EDGE('',*,*,#5453,.T.);
#5453 = EDGE_CURVE('',#5445,#5454,#5456,.T.);
#5454 = VERTEX_POINT('',#5455);
#5455 = CARTESIAN_POINT('',(-0.162230377286,-4.15,-2.459232075714));
#5456 = LINE('',#5457,#5458);
#5457 = CARTESIAN_POINT('',(-0.45,-4.15,-1.5));
#5458 = VECTOR('',#5459,1.);
#5459 = DIRECTION('',(0.287347885566,5.31700397722E-16,-0.957826285221)
  );
#5460 = ORIENTED_EDGE('',*,*,#5461,.F.);
#5461 = EDGE_CURVE('',#5462,#5454,#5464,.T.);
#5462 = VERTEX_POINT('',#5463);
#5463 = CARTESIAN_POINT('',(-0.15,-4.15,-2.542562962528));
#5464 = CIRCLE('',#5465,0.29);
#5465 = AXIS2_PLACEMENT_3D('',#5466,#5467,#5468);
#5466 = CARTESIAN_POINT('',(-0.44,-4.15,-2.542562962528));
#5467 = DIRECTION('',(0.,-1.,-3.330669073875E-16));
#5468 = DIRECTION('',(0.,-3.330669073875E-16,1.));
#5469 = ORIENTED_EDGE('',*,*,#5470,.F.);
#5470 = EDGE_CURVE('',#5471,#5462,#5473,.T.);
#5471 = VERTEX_POINT('',#5472);
#5472 = CARTESIAN_POINT('',(-0.15,-4.15,-3.5));
#5473 = LINE('',#5474,#5475);
#5474 = CARTESIAN_POINT('',(-0.15,-4.15,-3.5));
#5475 = VECTOR('',#5476,1.);
#5476 = DIRECTION('',(0.,-5.551115123126E-16,1.));
#5477 = ORIENTED_EDGE('',*,*,#5478,.F.);
#5478 = EDGE_CURVE('',#5479,#5471,#5481,.T.);
#5479 = VERTEX_POINT('',#5480);
#5480 = CARTESIAN_POINT('',(0.15,-4.15,-3.5));
#5481 = LINE('',#5482,#5483);
#5482 = CARTESIAN_POINT('',(0.15,-4.15,-3.5));
#5483 = VECTOR('',#5484,1.);
#5484 = DIRECTION('',(-1.,-0.,0.));
#5485 = ORIENTED_EDGE('',*,*,#5486,.F.);
#5486 = EDGE_CURVE('',#5487,#5479,#5489,.T.);
#5487 = VERTEX_POINT('',#5488);
#5488 = CARTESIAN_POINT('',(0.15,-4.15,-2.542562962528));
#5489 = LINE('',#5490,#5491);
#5490 = CARTESIAN_POINT('',(0.15,-4.15,-2.5));
#5491 = VECTOR('',#5492,1.);
#5492 = DIRECTION('',(0.,5.551115123126E-16,-1.));
#5493 = ORIENTED_EDGE('',*,*,#5494,.F.);
#5494 = EDGE_CURVE('',#5495,#5487,#5497,.T.);
#5495 = VERTEX_POINT('',#5496);
#5496 = CARTESIAN_POINT('',(0.137769622714,-4.15,-2.459232075714));
#5497 = CIRCLE('',#5498,0.29);
#5498 = AXIS2_PLACEMENT_3D('',#5499,#5500,#5501);
#5499 = CARTESIAN_POINT('',(-0.14,-4.15,-2.542562962528));
#5500 = DIRECTION('',(-0.,1.,3.330669073875E-16));
#5501 = DIRECTION('',(0.,-3.330669073875E-16,1.));
#5502 = ORIENTED_EDGE('',*,*,#5503,.T.);
#5503 = EDGE_CURVE('',#5495,#5504,#5506,.T.);
#5504 = VERTEX_POINT('',#5505);
#5505 = CARTESIAN_POINT('',(-0.125000733956,-4.15,-1.583330886814));
#5506 = LINE('',#5507,#5508);
#5507 = CARTESIAN_POINT('',(0.15,-4.15,-2.5));
#5508 = VECTOR('',#5509,1.);
#5509 = DIRECTION('',(-0.287347885566,-5.31700397722E-16,0.957826285221)
  );
#5510 = ORIENTED_EDGE('',*,*,#5511,.F.);
#5511 = EDGE_CURVE('',#5512,#5504,#5514,.T.);
#5512 = VERTEX_POINT('',#5513);
#5513 = CARTESIAN_POINT('',(-0.125000733956,-4.15,-1.416669113186));
#5514 = CIRCLE('',#5515,0.29);
#5515 = AXIS2_PLACEMENT_3D('',#5516,#5517,#5518);
#5516 = CARTESIAN_POINT('',(0.152768888758,-4.15,-1.5));
#5517 = DIRECTION('',(0.,-1.,-3.330669073875E-16));
#5518 = DIRECTION('',(0.,-3.330669073875E-16,1.));
#5519 = ORIENTED_EDGE('',*,*,#5520,.T.);
#5520 = EDGE_CURVE('',#5512,#5521,#5523,.T.);
#5521 = VERTEX_POINT('',#5522);
#5522 = CARTESIAN_POINT('',(0.137769622714,-4.15,-0.540767924286));
#5523 = LINE('',#5524,#5525);
#5524 = CARTESIAN_POINT('',(-0.15,-4.15,-1.5));
#5525 = VECTOR('',#5526,1.);
#5526 = DIRECTION('',(0.287347885566,-5.31700397722E-16,0.957826285221)
  );
#5527 = ORIENTED_EDGE('',*,*,#5528,.F.);
#5528 = EDGE_CURVE('',#5529,#5521,#5531,.T.);
#5529 = VERTEX_POINT('',#5530);
#5530 = CARTESIAN_POINT('',(0.15,-4.15,-0.457437037472));
#5531 = CIRCLE('',#5532,0.29);
#5532 = AXIS2_PLACEMENT_3D('',#5533,#5534,#5535);
#5533 = CARTESIAN_POINT('',(-0.14,-4.15,-0.457437037472));
#5534 = DIRECTION('',(-0.,1.,3.330669073875E-16));
#5535 = DIRECTION('',(0.,-3.330669073875E-16,1.));
#5536 = ORIENTED_EDGE('',*,*,#5537,.F.);
#5537 = EDGE_CURVE('',#4670,#5529,#5538,.T.);
#5538 = LINE('',#5539,#5540);
#5539 = CARTESIAN_POINT('',(0.15,-4.15,1.5));
#5540 = VECTOR('',#5541,1.);
#5541 = DIRECTION('',(0.,5.551115123126E-16,-1.));
#5542 = ORIENTED_EDGE('',*,*,#4669,.F.);
#5543 = ORIENTED_EDGE('',*,*,#5544,.F.);
#5544 = EDGE_CURVE('',#5545,#4662,#5547,.T.);
#5545 = VERTEX_POINT('',#5546);
#5546 = CARTESIAN_POINT('',(0.14,-4.15,1.5));
#5547 = LINE('',#5548,#5549);
#5548 = CARTESIAN_POINT('',(-0.15,-4.15,1.5));
#5549 = VECTOR('',#5550,1.);
#5550 = DIRECTION('',(1.,0.,0.));
#5551 = ORIENTED_EDGE('',*,*,#5552,.F.);
#5552 = EDGE_CURVE('',#5553,#5545,#5555,.T.);
#5553 = VERTEX_POINT('',#5554);
#5554 = CARTESIAN_POINT('',(-0.15,-4.15,1.21));
#5555 = CIRCLE('',#5556,0.29);
#5556 = AXIS2_PLACEMENT_3D('',#5557,#5558,#5559);
#5557 = CARTESIAN_POINT('',(0.14,-4.15,1.21));
#5558 = DIRECTION('',(-0.,1.,3.330669073875E-16));
#5559 = DIRECTION('',(0.,-3.330669073875E-16,1.));
#5560 = ORIENTED_EDGE('',*,*,#5561,.F.);
#5561 = EDGE_CURVE('',#5562,#5553,#5564,.T.);
#5562 = VERTEX_POINT('',#5563);
#5563 = CARTESIAN_POINT('',(-0.15,-4.15,-0.457437037472));
#5564 = LINE('',#5565,#5566);
#5565 = CARTESIAN_POINT('',(-0.15,-4.15,-0.5));
#5566 = VECTOR('',#5567,1.);
#5567 = DIRECTION('',(0.,-5.551115123126E-16,1.));
#5568 = ORIENTED_EDGE('',*,*,#5569,.F.);
#5569 = EDGE_CURVE('',#5435,#5562,#5570,.T.);
#5570 = CIRCLE('',#5571,0.29);
#5571 = AXIS2_PLACEMENT_3D('',#5572,#5573,#5574);
#5572 = CARTESIAN_POINT('',(-0.44,-4.15,-0.457437037472));
#5573 = DIRECTION('',(0.,-1.,-3.330669073875E-16));
#5574 = DIRECTION('',(0.,-3.330669073875E-16,1.));
#5575 = PLANE('',#5576);
#5576 = AXIS2_PLACEMENT_3D('',#5577,#5578,#5579);
#5577 = CARTESIAN_POINT('',(-0.15,-4.15,-0.5));
#5578 = DIRECTION('',(0.,-1.,-3.330669073875E-16));
#5579 = DIRECTION('',(0.,3.330669073875E-16,-1.));
#5580 = ADVANCED_FACE('',(#5581),#5592,.F.);
#5581 = FACE_BOUND('',#5582,.F.);
#5582 = EDGE_LOOP('',(#5583,#5584,#5590,#5591));
#5583 = ORIENTED_EDGE('',*,*,#5394,.F.);
#5584 = ORIENTED_EDGE('',*,*,#5585,.T.);
#5585 = EDGE_CURVE('',#5395,#5545,#5586,.T.);
#5586 = LINE('',#5587,#5588);
#5587 = CARTESIAN_POINT('',(0.14,-4.85,1.5));
#5588 = VECTOR('',#5589,1.);
#5589 = DIRECTION('',(0.,1.,3.330669073875E-16));
#5590 = ORIENTED_EDGE('',*,*,#5544,.T.);
#5591 = ORIENTED_EDGE('',*,*,#4661,.F.);
#5592 = PLANE('',#5593);
#5593 = AXIS2_PLACEMENT_3D('',#5594,#5595,#5596);
#5594 = CARTESIAN_POINT('',(-0.15,-4.85,1.5));
#5595 = DIRECTION('',(0.,3.330669073875E-16,-1.));
#5596 = DIRECTION('',(1.,0.,0.));
#5597 = ADVANCED_FACE('',(#5598),#5742,.F.);
#5598 = FACE_BOUND('',#5599,.F.);
#5599 = EDGE_LOOP('',(#5600,#5610,#5619,#5627,#5636,#5644,#5652,#5660,
    #5669,#5677,#5686,#5694,#5703,#5709,#5710,#5718,#5727,#5735));
#5600 = ORIENTED_EDGE('',*,*,#5601,.T.);
#5601 = EDGE_CURVE('',#5602,#5604,#5606,.T.);
#5602 = VERTEX_POINT('',#5603);
#5603 = CARTESIAN_POINT('',(6.462230377286,-4.85,-0.540767924286));
#5604 = VERTEX_POINT('',#5605);
#5605 = CARTESIAN_POINT('',(6.725000733956,-4.85,-1.416669113186));
#5606 = LINE('',#5607,#5608);
#5607 = CARTESIAN_POINT('',(6.45,-4.85,-0.5));
#5608 = VECTOR('',#5609,1.);
#5609 = DIRECTION('',(0.287347885566,5.31700397722E-16,-0.957826285221)
  );
#5610 = ORIENTED_EDGE('',*,*,#5611,.T.);
#5611 = EDGE_CURVE('',#5604,#5612,#5614,.T.);
#5612 = VERTEX_POINT('',#5613);
#5613 = CARTESIAN_POINT('',(6.725000733956,-4.85,-1.583330886814));
#5614 = CIRCLE('',#5615,0.29);
#5615 = AXIS2_PLACEMENT_3D('',#5616,#5617,#5618);
#5616 = CARTESIAN_POINT('',(6.447231111242,-4.85,-1.5));
#5617 = DIRECTION('',(-0.,1.,3.330669073875E-16));
#5618 = DIRECTION('',(0.,-3.330669073875E-16,1.));
#5619 = ORIENTED_EDGE('',*,*,#5620,.T.);
#5620 = EDGE_CURVE('',#5612,#5621,#5623,.T.);
#5621 = VERTEX_POINT('',#5622);
#5622 = CARTESIAN_POINT('',(6.462230377286,-4.85,-2.459232075714));
#5623 = LINE('',#5624,#5625);
#5624 = CARTESIAN_POINT('',(6.75,-4.85,-1.5));
#5625 = VECTOR('',#5626,1.);
#5626 = DIRECTION('',(-0.287347885566,5.31700397722E-16,-0.957826285221)
  );
#5627 = ORIENTED_EDGE('',*,*,#5628,.F.);
#5628 = EDGE_CURVE('',#5629,#5621,#5631,.T.);
#5629 = VERTEX_POINT('',#5630);
#5630 = CARTESIAN_POINT('',(6.45,-4.85,-2.542562962528));
#5631 = CIRCLE('',#5632,0.29);
#5632 = AXIS2_PLACEMENT_3D('',#5633,#5634,#5635);
#5633 = CARTESIAN_POINT('',(6.74,-4.85,-2.542562962528));
#5634 = DIRECTION('',(-0.,1.,3.330669073875E-16));
#5635 = DIRECTION('',(0.,-3.330669073875E-16,1.));
#5636 = ORIENTED_EDGE('',*,*,#5637,.F.);
#5637 = EDGE_CURVE('',#5638,#5629,#5640,.T.);
#5638 = VERTEX_POINT('',#5639);
#5639 = CARTESIAN_POINT('',(6.45,-4.85,-3.5));
#5640 = LINE('',#5641,#5642);
#5641 = CARTESIAN_POINT('',(6.45,-4.85,-3.5));
#5642 = VECTOR('',#5643,1.);
#5643 = DIRECTION('',(0.,-5.551115123126E-16,1.));
#5644 = ORIENTED_EDGE('',*,*,#5645,.F.);
#5645 = EDGE_CURVE('',#5646,#5638,#5648,.T.);
#5646 = VERTEX_POINT('',#5647);
#5647 = CARTESIAN_POINT('',(6.15,-4.85,-3.5));
#5648 = LINE('',#5649,#5650);
#5649 = CARTESIAN_POINT('',(6.15,-4.85,-3.5));
#5650 = VECTOR('',#5651,1.);
#5651 = DIRECTION('',(1.,0.,0.));
#5652 = ORIENTED_EDGE('',*,*,#5653,.F.);
#5653 = EDGE_CURVE('',#5654,#5646,#5656,.T.);
#5654 = VERTEX_POINT('',#5655);
#5655 = CARTESIAN_POINT('',(6.15,-4.85,-2.542562962528));
#5656 = LINE('',#5657,#5658);
#5657 = CARTESIAN_POINT('',(6.15,-4.85,-2.5));
#5658 = VECTOR('',#5659,1.);
#5659 = DIRECTION('',(0.,5.551115123126E-16,-1.));
#5660 = ORIENTED_EDGE('',*,*,#5661,.F.);
#5661 = EDGE_CURVE('',#5662,#5654,#5664,.T.);
#5662 = VERTEX_POINT('',#5663);
#5663 = CARTESIAN_POINT('',(6.162230377286,-4.85,-2.459232075714));
#5664 = CIRCLE('',#5665,0.29);
#5665 = AXIS2_PLACEMENT_3D('',#5666,#5667,#5668);
#5666 = CARTESIAN_POINT('',(6.44,-4.85,-2.542562962528));
#5667 = DIRECTION('',(0.,-1.,-3.330669073875E-16));
#5668 = DIRECTION('',(0.,-3.330669073875E-16,1.));
#5669 = ORIENTED_EDGE('',*,*,#5670,.T.);
#5670 = EDGE_CURVE('',#5662,#5671,#5673,.T.);
#5671 = VERTEX_POINT('',#5672);
#5672 = CARTESIAN_POINT('',(6.425000733956,-4.85,-1.583330886814));
#5673 = LINE('',#5674,#5675);
#5674 = CARTESIAN_POINT('',(6.15,-4.85,-2.5));
#5675 = VECTOR('',#5676,1.);
#5676 = DIRECTION('',(0.287347885566,-5.31700397722E-16,0.957826285221)
  );
#5677 = ORIENTED_EDGE('',*,*,#5678,.F.);
#5678 = EDGE_CURVE('',#5679,#5671,#5681,.T.);
#5679 = VERTEX_POINT('',#5680);
#5680 = CARTESIAN_POINT('',(6.425000733956,-4.85,-1.416669113186));
#5681 = CIRCLE('',#5682,0.29);
#5682 = AXIS2_PLACEMENT_3D('',#5683,#5684,#5685);
#5683 = CARTESIAN_POINT('',(6.147231111242,-4.85,-1.5));
#5684 = DIRECTION('',(-0.,1.,3.330669073875E-16));
#5685 = DIRECTION('',(0.,-3.330669073875E-16,1.));
#5686 = ORIENTED_EDGE('',*,*,#5687,.T.);
#5687 = EDGE_CURVE('',#5679,#5688,#5690,.T.);
#5688 = VERTEX_POINT('',#5689);
#5689 = CARTESIAN_POINT('',(6.162230377286,-4.85,-0.540767924286));
#5690 = LINE('',#5691,#5692);
#5691 = CARTESIAN_POINT('',(6.45,-4.85,-1.5));
#5692 = VECTOR('',#5693,1.);
#5693 = DIRECTION('',(-0.287347885566,-5.31700397722E-16,0.957826285221)
  );
#5694 = ORIENTED_EDGE('',*,*,#5695,.F.);
#5695 = EDGE_CURVE('',#5696,#5688,#5698,.T.);
#5696 = VERTEX_POINT('',#5697);
#5697 = CARTESIAN_POINT('',(6.15,-4.85,-0.457437037472));
#5698 = CIRCLE('',#5699,0.29);
#5699 = AXIS2_PLACEMENT_3D('',#5700,#5701,#5702);
#5700 = CARTESIAN_POINT('',(6.44,-4.85,-0.457437037472));
#5701 = DIRECTION('',(0.,-1.,-3.330669073875E-16));
#5702 = DIRECTION('',(0.,-3.330669073875E-16,1.));
#5703 = ORIENTED_EDGE('',*,*,#5704,.F.);
#5704 = EDGE_CURVE('',#4716,#5696,#5705,.T.);
#5705 = LINE('',#5706,#5707);
#5706 = CARTESIAN_POINT('',(6.15,-4.85,1.5));
#5707 = VECTOR('',#5708,1.);
#5708 = DIRECTION('',(0.,5.551115123126E-16,-1.));
#5709 = ORIENTED_EDGE('',*,*,#4789,.F.);
#5710 = ORIENTED_EDGE('',*,*,#5711,.F.);
#5711 = EDGE_CURVE('',#5712,#4782,#5714,.T.);
#5712 = VERTEX_POINT('',#5713);
#5713 = CARTESIAN_POINT('',(6.16,-4.85,1.5));
#5714 = LINE('',#5715,#5716);
#5715 = CARTESIAN_POINT('',(6.45,-4.85,1.5));
#5716 = VECTOR('',#5717,1.);
#5717 = DIRECTION('',(-1.,-0.,0.));
#5718 = ORIENTED_EDGE('',*,*,#5719,.F.);
#5719 = EDGE_CURVE('',#5720,#5712,#5722,.T.);
#5720 = VERTEX_POINT('',#5721);
#5721 = CARTESIAN_POINT('',(6.45,-4.85,1.21));
#5722 = CIRCLE('',#5723,0.29);
#5723 = AXIS2_PLACEMENT_3D('',#5724,#5725,#5726);
#5724 = CARTESIAN_POINT('',(6.16,-4.85,1.21));
#5725 = DIRECTION('',(0.,-1.,-3.330669073875E-16));
#5726 = DIRECTION('',(0.,-3.330669073875E-16,1.));
#5727 = ORIENTED_EDGE('',*,*,#5728,.F.);
#5728 = EDGE_CURVE('',#5729,#5720,#5731,.T.);
#5729 = VERTEX_POINT('',#5730);
#5730 = CARTESIAN_POINT('',(6.45,-4.85,-0.457437037472));
#5731 = LINE('',#5732,#5733);
#5732 = CARTESIAN_POINT('',(6.45,-4.85,-0.5));
#5733 = VECTOR('',#5734,1.);
#5734 = DIRECTION('',(0.,-5.551115123126E-16,1.));
#5735 = ORIENTED_EDGE('',*,*,#5736,.F.);
#5736 = EDGE_CURVE('',#5602,#5729,#5737,.T.);
#5737 = CIRCLE('',#5738,0.29);
#5738 = AXIS2_PLACEMENT_3D('',#5739,#5740,#5741);
#5739 = CARTESIAN_POINT('',(6.74,-4.85,-0.457437037472));
#5740 = DIRECTION('',(-0.,1.,3.330669073875E-16));
#5741 = DIRECTION('',(0.,-3.330669073875E-16,1.));
#5742 = PLANE('',#5743);
#5743 = AXIS2_PLACEMENT_3D('',#5744,#5745,#5746);
#5744 = CARTESIAN_POINT('',(6.45,-4.85,-0.5));
#5745 = DIRECTION('',(0.,1.,3.330669073875E-16));
#5746 = DIRECTION('',(0.,-3.330669073875E-16,1.));
#5747 = ADVANCED_FACE('',(#5748),#5766,.T.);
#5748 = FACE_BOUND('',#5749,.T.);
#5749 = EDGE_LOOP('',(#5750,#5751,#5759,#5765));
#5750 = ORIENTED_EDGE('',*,*,#5711,.F.);
#5751 = ORIENTED_EDGE('',*,*,#5752,.T.);
#5752 = EDGE_CURVE('',#5712,#5753,#5755,.T.);
#5753 = VERTEX_POINT('',#5754);
#5754 = CARTESIAN_POINT('',(6.16,-4.15,1.5));
#5755 = LINE('',#5756,#5757);
#5756 = CARTESIAN_POINT('',(6.16,-4.85,1.5));
#5757 = VECTOR('',#5758,1.);
#5758 = DIRECTION('',(0.,1.,3.330669073875E-16));
#5759 = ORIENTED_EDGE('',*,*,#5760,.T.);
#5760 = EDGE_CURVE('',#5753,#4774,#5761,.T.);
#5761 = LINE('',#5762,#5763);
#5762 = CARTESIAN_POINT('',(6.45,-4.15,1.5));
#5763 = VECTOR('',#5764,1.);
#5764 = DIRECTION('',(-1.,-0.,0.));
#5765 = ORIENTED_EDGE('',*,*,#4781,.F.);
#5766 = PLANE('',#5767);
#5767 = AXIS2_PLACEMENT_3D('',#5768,#5769,#5770);
#5768 = CARTESIAN_POINT('',(6.45,-4.85,1.5));
#5769 = DIRECTION('',(0.,-3.330669073875E-16,1.));
#5770 = DIRECTION('',(-1.,0.,0.));
#5771 = ADVANCED_FACE('',(#5772),#5909,.T.);
#5772 = FACE_BOUND('',#5773,.T.);
#5773 = EDGE_LOOP('',(#5774,#5784,#5793,#5801,#5810,#5818,#5826,#5834,
    #5843,#5851,#5860,#5868,#5877,#5883,#5884,#5885,#5894,#5902));
#5774 = ORIENTED_EDGE('',*,*,#5775,.T.);
#5775 = EDGE_CURVE('',#5776,#5778,#5780,.T.);
#5776 = VERTEX_POINT('',#5777);
#5777 = CARTESIAN_POINT('',(6.462230377286,-4.15,-0.540767924286));
#5778 = VERTEX_POINT('',#5779);
#5779 = CARTESIAN_POINT('',(6.725000733956,-4.15,-1.416669113186));
#5780 = LINE('',#5781,#5782);
#5781 = CARTESIAN_POINT('',(6.45,-4.15,-0.5));
#5782 = VECTOR('',#5783,1.);
#5783 = DIRECTION('',(0.287347885566,5.31700397722E-16,-0.957826285221)
  );
#5784 = ORIENTED_EDGE('',*,*,#5785,.T.);
#5785 = EDGE_CURVE('',#5778,#5786,#5788,.T.);
#5786 = VERTEX_POINT('',#5787);
#5787 = CARTESIAN_POINT('',(6.725000733956,-4.15,-1.583330886814));
#5788 = CIRCLE('',#5789,0.29);
#5789 = AXIS2_PLACEMENT_3D('',#5790,#5791,#5792);
#5790 = CARTESIAN_POINT('',(6.447231111242,-4.15,-1.5));
#5791 = DIRECTION('',(-0.,1.,3.330669073875E-16));
#5792 = DIRECTION('',(0.,-3.330669073875E-16,1.));
#5793 = ORIENTED_EDGE('',*,*,#5794,.T.);
#5794 = EDGE_CURVE('',#5786,#5795,#5797,.T.);
#5795 = VERTEX_POINT('',#5796);
#5796 = CARTESIAN_POINT('',(6.462230377286,-4.15,-2.459232075714));
#5797 = LINE('',#5798,#5799);
#5798 = CARTESIAN_POINT('',(6.75,-4.15,-1.5));
#5799 = VECTOR('',#5800,1.);
#5800 = DIRECTION('',(-0.287347885566,5.31700397722E-16,-0.957826285221)
  );
#5801 = ORIENTED_EDGE('',*,*,#5802,.F.);
#5802 = EDGE_CURVE('',#5803,#5795,#5805,.T.);
#5803 = VERTEX_POINT('',#5804);
#5804 = CARTESIAN_POINT('',(6.45,-4.15,-2.542562962528));
#5805 = CIRCLE('',#5806,0.29);
#5806 = AXIS2_PLACEMENT_3D('',#5807,#5808,#5809);
#5807 = CARTESIAN_POINT('',(6.74,-4.15,-2.542562962528));
#5808 = DIRECTION('',(-0.,1.,3.330669073875E-16));
#5809 = DIRECTION('',(0.,-3.330669073875E-16,1.));
#5810 = ORIENTED_EDGE('',*,*,#5811,.F.);
#5811 = EDGE_CURVE('',#5812,#5803,#5814,.T.);
#5812 = VERTEX_POINT('',#5813);
#5813 = CARTESIAN_POINT('',(6.45,-4.15,-3.5));
#5814 = LINE('',#5815,#5816);
#5815 = CARTESIAN_POINT('',(6.45,-4.15,-3.5));
#5816 = VECTOR('',#5817,1.);
#5817 = DIRECTION('',(0.,-5.551115123126E-16,1.));
#5818 = ORIENTED_EDGE('',*,*,#5819,.F.);
#5819 = EDGE_CURVE('',#5820,#5812,#5822,.T.);
#5820 = VERTEX_POINT('',#5821);
#5821 = CARTESIAN_POINT('',(6.15,-4.15,-3.5));
#5822 = LINE('',#5823,#5824);
#5823 = CARTESIAN_POINT('',(6.15,-4.15,-3.5));
#5824 = VECTOR('',#5825,1.);
#5825 = DIRECTION('',(1.,0.,0.));
#5826 = ORIENTED_EDGE('',*,*,#5827,.F.);
#5827 = EDGE_CURVE('',#5828,#5820,#5830,.T.);
#5828 = VERTEX_POINT('',#5829);
#5829 = CARTESIAN_POINT('',(6.15,-4.15,-2.542562962528));
#5830 = LINE('',#5831,#5832);
#5831 = CARTESIAN_POINT('',(6.15,-4.15,-2.5));
#5832 = VECTOR('',#5833,1.);
#5833 = DIRECTION('',(0.,5.551115123126E-16,-1.));
#5834 = ORIENTED_EDGE('',*,*,#5835,.F.);
#5835 = EDGE_CURVE('',#5836,#5828,#5838,.T.);
#5836 = VERTEX_POINT('',#5837);
#5837 = CARTESIAN_POINT('',(6.162230377286,-4.15,-2.459232075714));
#5838 = CIRCLE('',#5839,0.29);
#5839 = AXIS2_PLACEMENT_3D('',#5840,#5841,#5842);
#5840 = CARTESIAN_POINT('',(6.44,-4.15,-2.542562962528));
#5841 = DIRECTION('',(0.,-1.,-3.330669073875E-16));
#5842 = DIRECTION('',(0.,-3.330669073875E-16,1.));
#5843 = ORIENTED_EDGE('',*,*,#5844,.T.);
#5844 = EDGE_CURVE('',#5836,#5845,#5847,.T.);
#5845 = VERTEX_POINT('',#5846);
#5846 = CARTESIAN_POINT('',(6.425000733956,-4.15,-1.583330886814));
#5847 = LINE('',#5848,#5849);
#5848 = CARTESIAN_POINT('',(6.15,-4.15,-2.5));
#5849 = VECTOR('',#5850,1.);
#5850 = DIRECTION('',(0.287347885566,-5.31700397722E-16,0.957826285221)
  );
#5851 = ORIENTED_EDGE('',*,*,#5852,.F.);
#5852 = EDGE_CURVE('',#5853,#5845,#5855,.T.);
#5853 = VERTEX_POINT('',#5854);
#5854 = CARTESIAN_POINT('',(6.425000733956,-4.15,-1.416669113186));
#5855 = CIRCLE('',#5856,0.29);
#5856 = AXIS2_PLACEMENT_3D('',#5857,#5858,#5859);
#5857 = CARTESIAN_POINT('',(6.147231111242,-4.15,-1.5));
#5858 = DIRECTION('',(-0.,1.,3.330669073875E-16));
#5859 = DIRECTION('',(0.,-3.330669073875E-16,1.));
#5860 = ORIENTED_EDGE('',*,*,#5861,.T.);
#5861 = EDGE_CURVE('',#5853,#5862,#5864,.T.);
#5862 = VERTEX_POINT('',#5863);
#5863 = CARTESIAN_POINT('',(6.162230377286,-4.15,-0.540767924286));
#5864 = LINE('',#5865,#5866);
#5865 = CARTESIAN_POINT('',(6.45,-4.15,-1.5));
#5866 = VECTOR('',#5867,1.);
#5867 = DIRECTION('',(-0.287347885566,-5.31700397722E-16,0.957826285221)
  );
#5868 = ORIENTED_EDGE('',*,*,#5869,.F.);
#5869 = EDGE_CURVE('',#5870,#5862,#5872,.T.);
#5870 = VERTEX_POINT('',#5871);
#5871 = CARTESIAN_POINT('',(6.15,-4.15,-0.457437037472));
#5872 = CIRCLE('',#5873,0.29);
#5873 = AXIS2_PLACEMENT_3D('',#5874,#5875,#5876);
#5874 = CARTESIAN_POINT('',(6.44,-4.15,-0.457437037472));
#5875 = DIRECTION('',(0.,-1.,-3.330669073875E-16));
#5876 = DIRECTION('',(0.,-3.330669073875E-16,1.));
#5877 = ORIENTED_EDGE('',*,*,#5878,.F.);
#5878 = EDGE_CURVE('',#4766,#5870,#5879,.T.);
#5879 = LINE('',#5880,#5881);
#5880 = CARTESIAN_POINT('',(6.15,-4.15,1.5));
#5881 = VECTOR('',#5882,1.);
#5882 = DIRECTION('',(0.,5.551115123126E-16,-1.));
#5883 = ORIENTED_EDGE('',*,*,#4773,.F.);
#5884 = ORIENTED_EDGE('',*,*,#5760,.F.);
#5885 = ORIENTED_EDGE('',*,*,#5886,.F.);
#5886 = EDGE_CURVE('',#5887,#5753,#5889,.T.);
#5887 = VERTEX_POINT('',#5888);
#5888 = CARTESIAN_POINT('',(6.45,-4.15,1.21));
#5889 = CIRCLE('',#5890,0.29);
#5890 = AXIS2_PLACEMENT_3D('',#5891,#5892,#5893);
#5891 = CARTESIAN_POINT('',(6.16,-4.15,1.21));
#5892 = DIRECTION('',(0.,-1.,-3.330669073875E-16));
#5893 = DIRECTION('',(0.,-3.330669073875E-16,1.));
#5894 = ORIENTED_EDGE('',*,*,#5895,.F.);
#5895 = EDGE_CURVE('',#5896,#5887,#5898,.T.);
#5896 = VERTEX_POINT('',#5897);
#5897 = CARTESIAN_POINT('',(6.45,-4.15,-0.457437037472));
#5898 = LINE('',#5899,#5900);
#5899 = CARTESIAN_POINT('',(6.45,-4.15,-0.5));
#5900 = VECTOR('',#5901,1.);
#5901 = DIRECTION('',(0.,-5.551115123126E-16,1.));
#5902 = ORIENTED_EDGE('',*,*,#5903,.F.);
#5903 = EDGE_CURVE('',#5776,#5896,#5904,.T.);
#5904 = CIRCLE('',#5905,0.29);
#5905 = AXIS2_PLACEMENT_3D('',#5906,#5907,#5908);
#5906 = CARTESIAN_POINT('',(6.74,-4.15,-0.457437037472));
#5907 = DIRECTION('',(-0.,1.,3.330669073875E-16));
#5908 = DIRECTION('',(0.,-3.330669073875E-16,1.));
#5909 = PLANE('',#5910);
#5910 = AXIS2_PLACEMENT_3D('',#5911,#5912,#5913);
#5911 = CARTESIAN_POINT('',(6.45,-4.15,-0.5));
#5912 = DIRECTION('',(0.,1.,3.330669073875E-16));
#5913 = DIRECTION('',(0.,-3.330669073875E-16,1.));
#5914 = ADVANCED_FACE('',(#5915),#6059,.T.);
#5915 = FACE_BOUND('',#5916,.T.);
#5916 = EDGE_LOOP('',(#5917,#5927,#5936,#5944,#5953,#5961,#5969,#5977,
    #5986,#5994,#6003,#6011,#6020,#6026,#6027,#6035,#6044,#6052));
#5917 = ORIENTED_EDGE('',*,*,#5918,.T.);
#5918 = EDGE_CURVE('',#5919,#5921,#5923,.T.);
#5919 = VERTEX_POINT('',#5920);
#5920 = CARTESIAN_POINT('',(6.462230377286,0.35,-0.540767924286));
#5921 = VERTEX_POINT('',#5922);
#5922 = CARTESIAN_POINT('',(6.725000733956,0.35,-1.416669113186));
#5923 = LINE('',#5924,#5925);
#5924 = CARTESIAN_POINT('',(6.45,0.35,-0.5));
#5925 = VECTOR('',#5926,1.);
#5926 = DIRECTION('',(0.287347885566,5.31700397722E-16,-0.957826285221)
  );
#5927 = ORIENTED_EDGE('',*,*,#5928,.T.);
#5928 = EDGE_CURVE('',#5921,#5929,#5931,.T.);
#5929 = VERTEX_POINT('',#5930);
#5930 = CARTESIAN_POINT('',(6.725000733956,0.35,-1.583330886814));
#5931 = CIRCLE('',#5932,0.29);
#5932 = AXIS2_PLACEMENT_3D('',#5933,#5934,#5935);
#5933 = CARTESIAN_POINT('',(6.447231111242,0.35,-1.5));
#5934 = DIRECTION('',(-0.,1.,3.330669073875E-16));
#5935 = DIRECTION('',(0.,-3.330669073875E-16,1.));
#5936 = ORIENTED_EDGE('',*,*,#5937,.T.);
#5937 = EDGE_CURVE('',#5929,#5938,#5940,.T.);
#5938 = VERTEX_POINT('',#5939);
#5939 = CARTESIAN_POINT('',(6.462230377286,0.35,-2.459232075714));
#5940 = LINE('',#5941,#5942);
#5941 = CARTESIAN_POINT('',(6.75,0.35,-1.5));
#5942 = VECTOR('',#5943,1.);
#5943 = DIRECTION('',(-0.287347885566,5.31700397722E-16,-0.957826285221)
  );
#5944 = ORIENTED_EDGE('',*,*,#5945,.F.);
#5945 = EDGE_CURVE('',#5946,#5938,#5948,.T.);
#5946 = VERTEX_POINT('',#5947);
#5947 = CARTESIAN_POINT('',(6.45,0.35,-2.542562962528));
#5948 = CIRCLE('',#5949,0.29);
#5949 = AXIS2_PLACEMENT_3D('',#5950,#5951,#5952);
#5950 = CARTESIAN_POINT('',(6.74,0.35,-2.542562962528));
#5951 = DIRECTION('',(-0.,1.,3.330669073875E-16));
#5952 = DIRECTION('',(0.,-3.330669073875E-16,1.));
#5953 = ORIENTED_EDGE('',*,*,#5954,.F.);
#5954 = EDGE_CURVE('',#5955,#5946,#5957,.T.);
#5955 = VERTEX_POINT('',#5956);
#5956 = CARTESIAN_POINT('',(6.45,0.35,-3.5));
#5957 = LINE('',#5958,#5959);
#5958 = CARTESIAN_POINT('',(6.45,0.35,-3.5));
#5959 = VECTOR('',#5960,1.);
#5960 = DIRECTION('',(0.,-5.551115123126E-16,1.));
#5961 = ORIENTED_EDGE('',*,*,#5962,.F.);
#5962 = EDGE_CURVE('',#5963,#5955,#5965,.T.);
#5963 = VERTEX_POINT('',#5964);
#5964 = CARTESIAN_POINT('',(6.15,0.35,-3.5));
#5965 = LINE('',#5966,#5967);
#5966 = CARTESIAN_POINT('',(6.15,0.35,-3.5));
#5967 = VECTOR('',#5968,1.);
#5968 = DIRECTION('',(1.,0.,0.));
#5969 = ORIENTED_EDGE('',*,*,#5970,.F.);
#5970 = EDGE_CURVE('',#5971,#5963,#5973,.T.);
#5971 = VERTEX_POINT('',#5972);
#5972 = CARTESIAN_POINT('',(6.15,0.35,-2.542562962528));
#5973 = LINE('',#5974,#5975);
#5974 = CARTESIAN_POINT('',(6.15,0.35,-2.5));
#5975 = VECTOR('',#5976,1.);
#5976 = DIRECTION('',(0.,5.551115123126E-16,-1.));
#5977 = ORIENTED_EDGE('',*,*,#5978,.F.);
#5978 = EDGE_CURVE('',#5979,#5971,#5981,.T.);
#5979 = VERTEX_POINT('',#5980);
#5980 = CARTESIAN_POINT('',(6.162230377286,0.35,-2.459232075714));
#5981 = CIRCLE('',#5982,0.29);
#5982 = AXIS2_PLACEMENT_3D('',#5983,#5984,#5985);
#5983 = CARTESIAN_POINT('',(6.44,0.35,-2.542562962528));
#5984 = DIRECTION('',(0.,-1.,-3.330669073875E-16));
#5985 = DIRECTION('',(0.,-3.330669073875E-16,1.));
#5986 = ORIENTED_EDGE('',*,*,#5987,.T.);
#5987 = EDGE_CURVE('',#5979,#5988,#5990,.T.);
#5988 = VERTEX_POINT('',#5989);
#5989 = CARTESIAN_POINT('',(6.425000733956,0.35,-1.583330886814));
#5990 = LINE('',#5991,#5992);
#5991 = CARTESIAN_POINT('',(6.15,0.35,-2.5));
#5992 = VECTOR('',#5993,1.);
#5993 = DIRECTION('',(0.287347885566,-5.31700397722E-16,0.957826285221)
  );
#5994 = ORIENTED_EDGE('',*,*,#5995,.F.);
#5995 = EDGE_CURVE('',#5996,#5988,#5998,.T.);
#5996 = VERTEX_POINT('',#5997);
#5997 = CARTESIAN_POINT('',(6.425000733956,0.35,-1.416669113186));
#5998 = CIRCLE('',#5999,0.29);
#5999 = AXIS2_PLACEMENT_3D('',#6000,#6001,#6002);
#6000 = CARTESIAN_POINT('',(6.147231111242,0.35,-1.5));
#6001 = DIRECTION('',(-0.,1.,3.330669073875E-16));
#6002 = DIRECTION('',(0.,-3.330669073875E-16,1.));
#6003 = ORIENTED_EDGE('',*,*,#6004,.T.);
#6004 = EDGE_CURVE('',#5996,#6005,#6007,.T.);
#6005 = VERTEX_POINT('',#6006);
#6006 = CARTESIAN_POINT('',(6.162230377286,0.35,-0.540767924286));
#6007 = LINE('',#6008,#6009);
#6008 = CARTESIAN_POINT('',(6.45,0.35,-1.5));
#6009 = VECTOR('',#6010,1.);
#6010 = DIRECTION('',(-0.287347885566,-5.31700397722E-16,0.957826285221)
  );
#6011 = ORIENTED_EDGE('',*,*,#6012,.F.);
#6012 = EDGE_CURVE('',#6013,#6005,#6015,.T.);
#6013 = VERTEX_POINT('',#6014);
#6014 = CARTESIAN_POINT('',(6.15,0.35,-0.457437037472));
#6015 = CIRCLE('',#6016,0.29);
#6016 = AXIS2_PLACEMENT_3D('',#6017,#6018,#6019);
#6017 = CARTESIAN_POINT('',(6.44,0.35,-0.457437037472));
#6018 = DIRECTION('',(0.,-1.,-3.330669073875E-16));
#6019 = DIRECTION('',(0.,-3.330669073875E-16,1.));
#6020 = ORIENTED_EDGE('',*,*,#6021,.F.);
#6021 = EDGE_CURVE('',#4734,#6013,#6022,.T.);
#6022 = LINE('',#6023,#6024);
#6023 = CARTESIAN_POINT('',(6.15,0.35,1.5));
#6024 = VECTOR('',#6025,1.);
#6025 = DIRECTION('',(0.,5.551115123126E-16,-1.));
#6026 = ORIENTED_EDGE('',*,*,#4741,.F.);
#6027 = ORIENTED_EDGE('',*,*,#6028,.F.);
#6028 = EDGE_CURVE('',#6029,#4742,#6031,.T.);
#6029 = VERTEX_POINT('',#6030);
#6030 = CARTESIAN_POINT('',(6.16,0.35,1.5));
#6031 = LINE('',#6032,#6033);
#6032 = CARTESIAN_POINT('',(6.45,0.35,1.5));
#6033 = VECTOR('',#6034,1.);
#6034 = DIRECTION('',(-1.,-0.,0.));
#6035 = ORIENTED_EDGE('',*,*,#6036,.F.);
#6036 = EDGE_CURVE('',#6037,#6029,#6039,.T.);
#6037 = VERTEX_POINT('',#6038);
#6038 = CARTESIAN_POINT('',(6.45,0.35,1.21));
#6039 = CIRCLE('',#6040,0.29);
#6040 = AXIS2_PLACEMENT_3D('',#6041,#6042,#6043);
#6041 = CARTESIAN_POINT('',(6.16,0.35,1.21));
#6042 = DIRECTION('',(0.,-1.,-3.330669073875E-16));
#6043 = DIRECTION('',(0.,-3.330669073875E-16,1.));
#6044 = ORIENTED_EDGE('',*,*,#6045,.F.);
#6045 = EDGE_CURVE('',#6046,#6037,#6048,.T.);
#6046 = VERTEX_POINT('',#6047);
#6047 = CARTESIAN_POINT('',(6.45,0.35,-0.457437037472));
#6048 = LINE('',#6049,#6050);
#6049 = CARTESIAN_POINT('',(6.45,0.35,-0.5));
#6050 = VECTOR('',#6051,1.);
#6051 = DIRECTION('',(0.,-5.551115123126E-16,1.));
#6052 = ORIENTED_EDGE('',*,*,#6053,.F.);
#6053 = EDGE_CURVE('',#5919,#6046,#6054,.T.);
#6054 = CIRCLE('',#6055,0.29);
#6055 = AXIS2_PLACEMENT_3D('',#6056,#6057,#6058);
#6056 = CARTESIAN_POINT('',(6.74,0.35,-0.457437037472));
#6057 = DIRECTION('',(-0.,1.,3.330669073875E-16));
#6058 = DIRECTION('',(0.,-3.330669073875E-16,1.));
#6059 = PLANE('',#6060);
#6060 = AXIS2_PLACEMENT_3D('',#6061,#6062,#6063);
#6061 = CARTESIAN_POINT('',(6.45,0.35,-0.5));
#6062 = DIRECTION('',(1.64346021921E-31,1.,5.551115123126E-16));
#6063 = DIRECTION('',(0.,-5.551115123126E-16,1.));
#6064 = ADVANCED_FACE('',(#6065),#6209,.F.);
#6065 = FACE_BOUND('',#6066,.F.);
#6066 = EDGE_LOOP('',(#6067,#6077,#6086,#6094,#6103,#6111,#6119,#6127,
    #6136,#6144,#6153,#6161,#6170,#6176,#6177,#6185,#6194,#6202));
#6067 = ORIENTED_EDGE('',*,*,#6068,.T.);
#6068 = EDGE_CURVE('',#6069,#6071,#6073,.T.);
#6069 = VERTEX_POINT('',#6070);
#6070 = CARTESIAN_POINT('',(6.462230377286,-0.35,-0.540767924286));
#6071 = VERTEX_POINT('',#6072);
#6072 = CARTESIAN_POINT('',(6.725000733956,-0.35,-1.416669113186));
#6073 = LINE('',#6074,#6075);
#6074 = CARTESIAN_POINT('',(6.45,-0.35,-0.5));
#6075 = VECTOR('',#6076,1.);
#6076 = DIRECTION('',(0.287347885566,5.31700397722E-16,-0.957826285221)
  );
#6077 = ORIENTED_EDGE('',*,*,#6078,.T.);
#6078 = EDGE_CURVE('',#6071,#6079,#6081,.T.);
#6079 = VERTEX_POINT('',#6080);
#6080 = CARTESIAN_POINT('',(6.725000733956,-0.35,-1.583330886814));
#6081 = CIRCLE('',#6082,0.29);
#6082 = AXIS2_PLACEMENT_3D('',#6083,#6084,#6085);
#6083 = CARTESIAN_POINT('',(6.447231111242,-0.35,-1.5));
#6084 = DIRECTION('',(-0.,1.,3.330669073875E-16));
#6085 = DIRECTION('',(0.,-3.330669073875E-16,1.));
#6086 = ORIENTED_EDGE('',*,*,#6087,.T.);
#6087 = EDGE_CURVE('',#6079,#6088,#6090,.T.);
#6088 = VERTEX_POINT('',#6089);
#6089 = CARTESIAN_POINT('',(6.462230377286,-0.35,-2.459232075714));
#6090 = LINE('',#6091,#6092);
#6091 = CARTESIAN_POINT('',(6.75,-0.35,-1.5));
#6092 = VECTOR('',#6093,1.);
#6093 = DIRECTION('',(-0.287347885566,5.31700397722E-16,-0.957826285221)
  );
#6094 = ORIENTED_EDGE('',*,*,#6095,.F.);
#6095 = EDGE_CURVE('',#6096,#6088,#6098,.T.);
#6096 = VERTEX_POINT('',#6097);
#6097 = CARTESIAN_POINT('',(6.45,-0.35,-2.542562962528));
#6098 = CIRCLE('',#6099,0.29);
#6099 = AXIS2_PLACEMENT_3D('',#6100,#6101,#6102);
#6100 = CARTESIAN_POINT('',(6.74,-0.35,-2.542562962528));
#6101 = DIRECTION('',(-0.,1.,3.330669073875E-16));
#6102 = DIRECTION('',(0.,-3.330669073875E-16,1.));
#6103 = ORIENTED_EDGE('',*,*,#6104,.F.);
#6104 = EDGE_CURVE('',#6105,#6096,#6107,.T.);
#6105 = VERTEX_POINT('',#6106);
#6106 = CARTESIAN_POINT('',(6.45,-0.35,-3.5));
#6107 = LINE('',#6108,#6109);
#6108 = CARTESIAN_POINT('',(6.45,-0.35,-3.5));
#6109 = VECTOR('',#6110,1.);
#6110 = DIRECTION('',(0.,-5.551115123126E-16,1.));
#6111 = ORIENTED_EDGE('',*,*,#6112,.F.);
#6112 = EDGE_CURVE('',#6113,#6105,#6115,.T.);
#6113 = VERTEX_POINT('',#6114);
#6114 = CARTESIAN_POINT('',(6.15,-0.35,-3.5));
#6115 = LINE('',#6116,#6117);
#6116 = CARTESIAN_POINT('',(6.15,-0.35,-3.5));
#6117 = VECTOR('',#6118,1.);
#6118 = DIRECTION('',(1.,0.,0.));
#6119 = ORIENTED_EDGE('',*,*,#6120,.F.);
#6120 = EDGE_CURVE('',#6121,#6113,#6123,.T.);
#6121 = VERTEX_POINT('',#6122);
#6122 = CARTESIAN_POINT('',(6.15,-0.35,-2.542562962528));
#6123 = LINE('',#6124,#6125);
#6124 = CARTESIAN_POINT('',(6.15,-0.35,-2.5));
#6125 = VECTOR('',#6126,1.);
#6126 = DIRECTION('',(0.,5.551115123126E-16,-1.));
#6127 = ORIENTED_EDGE('',*,*,#6128,.F.);
#6128 = EDGE_CURVE('',#6129,#6121,#6131,.T.);
#6129 = VERTEX_POINT('',#6130);
#6130 = CARTESIAN_POINT('',(6.162230377286,-0.35,-2.459232075714));
#6131 = CIRCLE('',#6132,0.29);
#6132 = AXIS2_PLACEMENT_3D('',#6133,#6134,#6135);
#6133 = CARTESIAN_POINT('',(6.44,-0.35,-2.542562962528));
#6134 = DIRECTION('',(0.,-1.,-3.330669073875E-16));
#6135 = DIRECTION('',(0.,-3.330669073875E-16,1.));
#6136 = ORIENTED_EDGE('',*,*,#6137,.T.);
#6137 = EDGE_CURVE('',#6129,#6138,#6140,.T.);
#6138 = VERTEX_POINT('',#6139);
#6139 = CARTESIAN_POINT('',(6.425000733956,-0.35,-1.583330886814));
#6140 = LINE('',#6141,#6142);
#6141 = CARTESIAN_POINT('',(6.15,-0.35,-2.5));
#6142 = VECTOR('',#6143,1.);
#6143 = DIRECTION('',(0.287347885566,-5.31700397722E-16,0.957826285221)
  );
#6144 = ORIENTED_EDGE('',*,*,#6145,.F.);
#6145 = EDGE_CURVE('',#6146,#6138,#6148,.T.);
#6146 = VERTEX_POINT('',#6147);
#6147 = CARTESIAN_POINT('',(6.425000733956,-0.35,-1.416669113186));
#6148 = CIRCLE('',#6149,0.29);
#6149 = AXIS2_PLACEMENT_3D('',#6150,#6151,#6152);
#6150 = CARTESIAN_POINT('',(6.147231111242,-0.35,-1.5));
#6151 = DIRECTION('',(-0.,1.,3.330669073875E-16));
#6152 = DIRECTION('',(0.,-3.330669073875E-16,1.));
#6153 = ORIENTED_EDGE('',*,*,#6154,.T.);
#6154 = EDGE_CURVE('',#6146,#6155,#6157,.T.);
#6155 = VERTEX_POINT('',#6156);
#6156 = CARTESIAN_POINT('',(6.162230377286,-0.35,-0.540767924286));
#6157 = LINE('',#6158,#6159);
#6158 = CARTESIAN_POINT('',(6.45,-0.35,-1.5));
#6159 = VECTOR('',#6160,1.);
#6160 = DIRECTION('',(-0.287347885566,-5.31700397722E-16,0.957826285221)
  );
#6161 = ORIENTED_EDGE('',*,*,#6162,.F.);
#6162 = EDGE_CURVE('',#6163,#6155,#6165,.T.);
#6163 = VERTEX_POINT('',#6164);
#6164 = CARTESIAN_POINT('',(6.15,-0.35,-0.457437037472));
#6165 = CIRCLE('',#6166,0.29);
#6166 = AXIS2_PLACEMENT_3D('',#6167,#6168,#6169);
#6167 = CARTESIAN_POINT('',(6.44,-0.35,-0.457437037472));
#6168 = DIRECTION('',(0.,-1.,-3.330669073875E-16));
#6169 = DIRECTION('',(0.,-3.330669073875E-16,1.));
#6170 = ORIENTED_EDGE('',*,*,#6171,.F.);
#6171 = EDGE_CURVE('',#4758,#6163,#6172,.T.);
#6172 = LINE('',#6173,#6174);
#6173 = CARTESIAN_POINT('',(6.15,-0.35,1.5));
#6174 = VECTOR('',#6175,1.);
#6175 = DIRECTION('',(0.,5.551115123126E-16,-1.));
#6176 = ORIENTED_EDGE('',*,*,#4757,.F.);
#6177 = ORIENTED_EDGE('',*,*,#6178,.F.);
#6178 = EDGE_CURVE('',#6179,#4750,#6181,.T.);
#6179 = VERTEX_POINT('',#6180);
#6180 = CARTESIAN_POINT('',(6.16,-0.35,1.5));
#6181 = LINE('',#6182,#6183);
#6182 = CARTESIAN_POINT('',(6.45,-0.35,1.5));
#6183 = VECTOR('',#6184,1.);
#6184 = DIRECTION('',(-1.,-0.,0.));
#6185 = ORIENTED_EDGE('',*,*,#6186,.F.);
#6186 = EDGE_CURVE('',#6187,#6179,#6189,.T.);
#6187 = VERTEX_POINT('',#6188);
#6188 = CARTESIAN_POINT('',(6.45,-0.35,1.21));
#6189 = CIRCLE('',#6190,0.29);
#6190 = AXIS2_PLACEMENT_3D('',#6191,#6192,#6193);
#6191 = CARTESIAN_POINT('',(6.16,-0.35,1.21));
#6192 = DIRECTION('',(0.,-1.,-3.330669073875E-16));
#6193 = DIRECTION('',(0.,-3.330669073875E-16,1.));
#6194 = ORIENTED_EDGE('',*,*,#6195,.F.);
#6195 = EDGE_CURVE('',#6196,#6187,#6198,.T.);
#6196 = VERTEX_POINT('',#6197);
#6197 = CARTESIAN_POINT('',(6.45,-0.35,-0.457437037472));
#6198 = LINE('',#6199,#6200);
#6199 = CARTESIAN_POINT('',(6.45,-0.35,-0.5));
#6200 = VECTOR('',#6201,1.);
#6201 = DIRECTION('',(0.,-5.551115123126E-16,1.));
#6202 = ORIENTED_EDGE('',*,*,#6203,.F.);
#6203 = EDGE_CURVE('',#6069,#6196,#6204,.T.);
#6204 = CIRCLE('',#6205,0.29);
#6205 = AXIS2_PLACEMENT_3D('',#6206,#6207,#6208);
#6206 = CARTESIAN_POINT('',(6.74,-0.35,-0.457437037472));
#6207 = DIRECTION('',(-0.,1.,3.330669073875E-16));
#6208 = DIRECTION('',(0.,-3.330669073875E-16,1.));
#6209 = PLANE('',#6210);
#6210 = AXIS2_PLACEMENT_3D('',#6211,#6212,#6213);
#6211 = CARTESIAN_POINT('',(6.45,-0.35,-0.5));
#6212 = DIRECTION('',(1.64346021921E-31,1.,5.551115123126E-16));
#6213 = DIRECTION('',(0.,-5.551115123126E-16,1.));
#6214 = ADVANCED_FACE('',(#6215),#6226,.T.);
#6215 = FACE_BOUND('',#6216,.T.);
#6216 = EDGE_LOOP('',(#6217,#6218,#6224,#6225));
#6217 = ORIENTED_EDGE('',*,*,#6178,.F.);
#6218 = ORIENTED_EDGE('',*,*,#6219,.T.);
#6219 = EDGE_CURVE('',#6179,#6029,#6220,.T.);
#6220 = LINE('',#6221,#6222);
#6221 = CARTESIAN_POINT('',(6.16,-0.35,1.5));
#6222 = VECTOR('',#6223,1.);
#6223 = DIRECTION('',(0.,1.,3.330669073875E-16));
#6224 = ORIENTED_EDGE('',*,*,#6028,.T.);
#6225 = ORIENTED_EDGE('',*,*,#4749,.F.);
#6226 = PLANE('',#6227);
#6227 = AXIS2_PLACEMENT_3D('',#6228,#6229,#6230);
#6228 = CARTESIAN_POINT('',(6.45,-0.35,1.5));
#6229 = DIRECTION('',(0.,-3.330669073875E-16,1.));
#6230 = DIRECTION('',(-1.,0.,0.));
#6231 = ADVANCED_FACE('',(#6232),#6235,.F.);
#6232 = FACE_BOUND('',#6233,.F.);
#6233 = EDGE_LOOP('',(#6234));
#6234 = ORIENTED_EDGE('',*,*,#4889,.F.);
#6235 = PLANE('',#6236);
#6236 = AXIS2_PLACEMENT_3D('',#6237,#6238,#6239);
#6237 = CARTESIAN_POINT('',(4.9,-2.25,4.3));
#6238 = DIRECTION('',(0.,0.,-1.));
#6239 = DIRECTION('',(-1.,0.,0.));
#6240 = ADVANCED_FACE('',(#6241),#6252,.F.);
#6241 = FACE_BOUND('',#6242,.F.);
#6242 = EDGE_LOOP('',(#6243,#6244,#6245,#6246));
#6243 = ORIENTED_EDGE('',*,*,#5387,.F.);
#6244 = ORIENTED_EDGE('',*,*,#4926,.F.);
#6245 = ORIENTED_EDGE('',*,*,#5537,.T.);
#6246 = ORIENTED_EDGE('',*,*,#6247,.F.);
#6247 = EDGE_CURVE('',#5379,#5529,#6248,.T.);
#6248 = LINE('',#6249,#6250);
#6249 = CARTESIAN_POINT('',(0.15,-4.85,-0.457437037472));
#6250 = VECTOR('',#6251,1.);
#6251 = DIRECTION('',(0.,1.,3.330669073875E-16));
#6252 = PLANE('',#6253);
#6253 = AXIS2_PLACEMENT_3D('',#6254,#6255,#6256);
#6254 = CARTESIAN_POINT('',(0.15,-4.85,1.5));
#6255 = DIRECTION('',(-1.,0.,-0.));
#6256 = DIRECTION('',(0.,5.551115123126E-16,-1.));
#6257 = ADVANCED_FACE('',(#6258),#6269,.T.);
#6258 = FACE_BOUND('',#6259,.T.);
#6259 = EDGE_LOOP('',(#6260,#6261,#6262,#6263));
#6260 = ORIENTED_EDGE('',*,*,#5704,.F.);
#6261 = ORIENTED_EDGE('',*,*,#4951,.T.);
#6262 = ORIENTED_EDGE('',*,*,#5878,.T.);
#6263 = ORIENTED_EDGE('',*,*,#6264,.F.);
#6264 = EDGE_CURVE('',#5696,#5870,#6265,.T.);
#6265 = LINE('',#6266,#6267);
#6266 = CARTESIAN_POINT('',(6.15,-4.85,-0.457437037472));
#6267 = VECTOR('',#6268,1.);
#6268 = DIRECTION('',(0.,1.,3.330669073875E-16));
#6269 = PLANE('',#6270);
#6270 = AXIS2_PLACEMENT_3D('',#6271,#6272,#6273);
#6271 = CARTESIAN_POINT('',(6.15,-4.85,1.5));
#6272 = DIRECTION('',(-1.,0.,-0.));
#6273 = DIRECTION('',(0.,5.551115123126E-16,-1.));
#6274 = ADVANCED_FACE('',(#6275),#6286,.F.);
#6275 = FACE_BOUND('',#6276,.F.);
#6276 = EDGE_LOOP('',(#6277,#6278,#6279,#6280));
#6277 = ORIENTED_EDGE('',*,*,#5244,.F.);
#6278 = ORIENTED_EDGE('',*,*,#4933,.F.);
#6279 = ORIENTED_EDGE('',*,*,#5070,.T.);
#6280 = ORIENTED_EDGE('',*,*,#6281,.F.);
#6281 = EDGE_CURVE('',#5236,#5062,#6282,.T.);
#6282 = LINE('',#6283,#6284);
#6283 = CARTESIAN_POINT('',(0.15,-0.35,-0.457437037472));
#6284 = VECTOR('',#6285,1.);
#6285 = DIRECTION('',(0.,1.,3.330669073875E-16));
#6286 = PLANE('',#6287);
#6287 = AXIS2_PLACEMENT_3D('',#6288,#6289,#6290);
#6288 = CARTESIAN_POINT('',(0.15,-0.35,1.5));
#6289 = DIRECTION('',(-1.,0.,-0.));
#6290 = DIRECTION('',(0.,5.551115123126E-16,-1.));
#6291 = ADVANCED_FACE('',(#6292),#6303,.T.);
#6292 = FACE_BOUND('',#6293,.T.);
#6293 = EDGE_LOOP('',(#6294,#6295,#6296,#6297));
#6294 = ORIENTED_EDGE('',*,*,#6171,.F.);
#6295 = ORIENTED_EDGE('',*,*,#4944,.T.);
#6296 = ORIENTED_EDGE('',*,*,#6021,.T.);
#6297 = ORIENTED_EDGE('',*,*,#6298,.F.);
#6298 = EDGE_CURVE('',#6163,#6013,#6299,.T.);
#6299 = LINE('',#6300,#6301);
#6300 = CARTESIAN_POINT('',(6.15,-0.35,-0.457437037472));
#6301 = VECTOR('',#6302,1.);
#6302 = DIRECTION('',(0.,1.,3.330669073875E-16));
#6303 = PLANE('',#6304);
#6304 = AXIS2_PLACEMENT_3D('',#6305,#6306,#6307);
#6305 = CARTESIAN_POINT('',(6.15,-0.35,1.5));
#6306 = DIRECTION('',(-1.,0.,-0.));
#6307 = DIRECTION('',(0.,5.551115123126E-16,-1.));
#6308 = ADVANCED_FACE('',(#6309),#6325,.T.);
#6309 = FACE_BOUND('',#6310,.T.);
#6310 = EDGE_LOOP('',(#6311,#6312,#6318,#6319));
#6311 = ORIENTED_EDGE('',*,*,#5141,.F.);
#6312 = ORIENTED_EDGE('',*,*,#6313,.T.);
#6313 = EDGE_CURVE('',#5142,#4968,#6314,.T.);
#6314 = LINE('',#6315,#6316);
#6315 = CARTESIAN_POINT('',(-0.162230377286,-0.35,-0.540767924286));
#6316 = VECTOR('',#6317,1.);
#6317 = DIRECTION('',(0.,1.,3.330669073875E-16));
#6318 = ORIENTED_EDGE('',*,*,#4967,.T.);
#6319 = ORIENTED_EDGE('',*,*,#6320,.F.);
#6320 = EDGE_CURVE('',#5144,#4970,#6321,.T.);
#6321 = LINE('',#6322,#6323);
#6322 = CARTESIAN_POINT('',(-0.425000733956,-0.35,-1.416669113186));
#6323 = VECTOR('',#6324,1.);
#6324 = DIRECTION('',(0.,1.,3.330669073875E-16));
#6325 = PLANE('',#6326);
#6326 = AXIS2_PLACEMENT_3D('',#6327,#6328,#6329);
#6327 = CARTESIAN_POINT('',(-0.15,-0.35,-0.5));
#6328 = DIRECTION('',(-0.957826285221,-9.570607158995E-17,0.287347885566
    ));
#6329 = DIRECTION('',(-0.287347885566,5.31700397722E-16,-0.957826285221)
  );
#6330 = ADVANCED_FACE('',(#6331),#6342,.F.);
#6331 = FACE_BOUND('',#6332,.F.);
#6332 = EDGE_LOOP('',(#6333,#6334,#6335,#6341));
#6333 = ORIENTED_EDGE('',*,*,#6313,.T.);
#6334 = ORIENTED_EDGE('',*,*,#5102,.T.);
#6335 = ORIENTED_EDGE('',*,*,#6336,.F.);
#6336 = EDGE_CURVE('',#5262,#5095,#6337,.T.);
#6337 = LINE('',#6338,#6339);
#6338 = CARTESIAN_POINT('',(-0.15,-0.35,-0.457437037472));
#6339 = VECTOR('',#6340,1.);
#6340 = DIRECTION('',(0.,1.,3.330669073875E-16));
#6341 = ORIENTED_EDGE('',*,*,#5269,.F.);
#6342 = CYLINDRICAL_SURFACE('',#6343,0.29);
#6343 = AXIS2_PLACEMENT_3D('',#6344,#6345,#6346);
#6344 = CARTESIAN_POINT('',(-0.44,-0.35,-0.457437037472));
#6345 = DIRECTION('',(0.,1.,3.330669073875E-16));
#6346 = DIRECTION('',(0.957826285221,9.570607158983E-17,-0.287347885566)
  );
#6347 = ADVANCED_FACE('',(#6348),#6359,.T.);
#6348 = FACE_BOUND('',#6349,.T.);
#6349 = EDGE_LOOP('',(#6350,#6351,#6352,#6358));
#6350 = ORIENTED_EDGE('',*,*,#6320,.T.);
#6351 = ORIENTED_EDGE('',*,*,#4977,.T.);
#6352 = ORIENTED_EDGE('',*,*,#6353,.F.);
#6353 = EDGE_CURVE('',#5152,#4978,#6354,.T.);
#6354 = LINE('',#6355,#6356);
#6355 = CARTESIAN_POINT('',(-0.425000733956,-0.35,-1.583330886814));
#6356 = VECTOR('',#6357,1.);
#6357 = DIRECTION('',(0.,1.,3.330669073875E-16));
#6358 = ORIENTED_EDGE('',*,*,#5151,.F.);
#6359 = CYLINDRICAL_SURFACE('',#6360,0.29);
#6360 = AXIS2_PLACEMENT_3D('',#6361,#6362,#6363);
#6361 = CARTESIAN_POINT('',(-0.147231111242,-0.35,-1.5));
#6362 = DIRECTION('',(0.,1.,3.330669073875E-16));
#6363 = DIRECTION('',(-0.957826285221,-9.570607158983E-17,0.287347885566
    ));
#6364 = ADVANCED_FACE('',(#6365),#6376,.F.);
#6365 = FACE_BOUND('',#6366,.F.);
#6366 = EDGE_LOOP('',(#6367,#6368,#6369,#6370));
#6367 = ORIENTED_EDGE('',*,*,#5261,.F.);
#6368 = ORIENTED_EDGE('',*,*,#6336,.T.);
#6369 = ORIENTED_EDGE('',*,*,#5094,.T.);
#6370 = ORIENTED_EDGE('',*,*,#6371,.F.);
#6371 = EDGE_CURVE('',#5253,#5086,#6372,.T.);
#6372 = LINE('',#6373,#6374);
#6373 = CARTESIAN_POINT('',(-0.15,-0.35,1.21));
#6374 = VECTOR('',#6375,1.);
#6375 = DIRECTION('',(0.,1.,3.330669073875E-16));
#6376 = PLANE('',#6377);
#6377 = AXIS2_PLACEMENT_3D('',#6378,#6379,#6380);
#6378 = CARTESIAN_POINT('',(-0.15,-0.35,-0.5));
#6379 = DIRECTION('',(1.,0.,0.));
#6380 = DIRECTION('',(0.,-5.551115123126E-16,1.));
#6381 = ADVANCED_FACE('',(#6382),#6393,.T.);
#6382 = FACE_BOUND('',#6383,.T.);
#6383 = EDGE_LOOP('',(#6384,#6385,#6386,#6387));
#6384 = ORIENTED_EDGE('',*,*,#5160,.F.);
#6385 = ORIENTED_EDGE('',*,*,#6353,.T.);
#6386 = ORIENTED_EDGE('',*,*,#4986,.T.);
#6387 = ORIENTED_EDGE('',*,*,#6388,.F.);
#6388 = EDGE_CURVE('',#5161,#4987,#6389,.T.);
#6389 = LINE('',#6390,#6391);
#6390 = CARTESIAN_POINT('',(-0.162230377286,-0.35,-2.459232075714));
#6391 = VECTOR('',#6392,1.);
#6392 = DIRECTION('',(0.,1.,3.330669073875E-16));
#6393 = PLANE('',#6394);
#6394 = AXIS2_PLACEMENT_3D('',#6395,#6396,#6397);
#6395 = CARTESIAN_POINT('',(-0.45,-0.35,-1.5));
#6396 = DIRECTION('',(-0.957826285221,9.570607158995E-17,-0.287347885566
    ));
#6397 = DIRECTION('',(0.287347885566,5.31700397722E-16,-0.957826285221)
  );
#6398 = ADVANCED_FACE('',(#6399),#6405,.T.);
#6399 = FACE_BOUND('',#6400,.T.);
#6400 = EDGE_LOOP('',(#6401,#6402,#6403,#6404));
#6401 = ORIENTED_EDGE('',*,*,#5252,.T.);
#6402 = ORIENTED_EDGE('',*,*,#5125,.T.);
#6403 = ORIENTED_EDGE('',*,*,#5085,.F.);
#6404 = ORIENTED_EDGE('',*,*,#6371,.F.);
#6405 = CYLINDRICAL_SURFACE('',#6406,0.29);
#6406 = AXIS2_PLACEMENT_3D('',#6407,#6408,#6409);
#6407 = CARTESIAN_POINT('',(0.14,-0.35,1.21));
#6408 = DIRECTION('',(0.,1.,3.330669073875E-16));
#6409 = DIRECTION('',(-1.,0.,0.));
#6410 = ADVANCED_FACE('',(#6411),#6422,.F.);
#6411 = FACE_BOUND('',#6412,.F.);
#6412 = EDGE_LOOP('',(#6413,#6419,#6420,#6421));
#6413 = ORIENTED_EDGE('',*,*,#6414,.T.);
#6414 = EDGE_CURVE('',#5169,#4995,#6415,.T.);
#6415 = LINE('',#6416,#6417);
#6416 = CARTESIAN_POINT('',(-0.15,-0.35,-2.542562962528));
#6417 = VECTOR('',#6418,1.);
#6418 = DIRECTION('',(0.,1.,3.330669073875E-16));
#6419 = ORIENTED_EDGE('',*,*,#4994,.T.);
#6420 = ORIENTED_EDGE('',*,*,#6388,.F.);
#6421 = ORIENTED_EDGE('',*,*,#5168,.F.);
#6422 = CYLINDRICAL_SURFACE('',#6423,0.29);
#6423 = AXIS2_PLACEMENT_3D('',#6424,#6425,#6426);
#6424 = CARTESIAN_POINT('',(-0.44,-0.35,-2.542562962528));
#6425 = DIRECTION('',(0.,1.,3.330669073875E-16));
#6426 = DIRECTION('',(1.,0.,-0.));
#6427 = ADVANCED_FACE('',(#6428),#6439,.F.);
#6428 = FACE_BOUND('',#6429,.F.);
#6429 = EDGE_LOOP('',(#6430,#6431,#6437,#6438));
#6430 = ORIENTED_EDGE('',*,*,#5177,.F.);
#6431 = ORIENTED_EDGE('',*,*,#6432,.T.);
#6432 = EDGE_CURVE('',#5178,#5004,#6433,.T.);
#6433 = LINE('',#6434,#6435);
#6434 = CARTESIAN_POINT('',(-0.15,-0.35,-3.5));
#6435 = VECTOR('',#6436,1.);
#6436 = DIRECTION('',(0.,1.,3.330669073875E-16));
#6437 = ORIENTED_EDGE('',*,*,#5003,.T.);
#6438 = ORIENTED_EDGE('',*,*,#6414,.F.);
#6439 = PLANE('',#6440);
#6440 = AXIS2_PLACEMENT_3D('',#6441,#6442,#6443);
#6441 = CARTESIAN_POINT('',(-0.15,-0.35,-3.5));
#6442 = DIRECTION('',(1.,0.,0.));
#6443 = DIRECTION('',(0.,-5.551115123126E-16,1.));
#6444 = ADVANCED_FACE('',(#6445),#6456,.F.);
#6445 = FACE_BOUND('',#6446,.F.);
#6446 = EDGE_LOOP('',(#6447,#6453,#6454,#6455));
#6447 = ORIENTED_EDGE('',*,*,#6448,.T.);
#6448 = EDGE_CURVE('',#5186,#5012,#6449,.T.);
#6449 = LINE('',#6450,#6451);
#6450 = CARTESIAN_POINT('',(0.15,-0.35,-3.5));
#6451 = VECTOR('',#6452,1.);
#6452 = DIRECTION('',(0.,1.,3.330669073875E-16));
#6453 = ORIENTED_EDGE('',*,*,#5011,.T.);
#6454 = ORIENTED_EDGE('',*,*,#6432,.F.);
#6455 = ORIENTED_EDGE('',*,*,#5185,.F.);
#6456 = PLANE('',#6457);
#6457 = AXIS2_PLACEMENT_3D('',#6458,#6459,#6460);
#6458 = CARTESIAN_POINT('',(0.15,-0.35,-3.5));
#6459 = DIRECTION('',(0.,-3.330669073875E-16,1.));
#6460 = DIRECTION('',(-1.,0.,0.));
#6461 = ADVANCED_FACE('',(#6462),#6473,.F.);
#6462 = FACE_BOUND('',#6463,.F.);
#6463 = EDGE_LOOP('',(#6464,#6465,#6471,#6472));
#6464 = ORIENTED_EDGE('',*,*,#5193,.F.);
#6465 = ORIENTED_EDGE('',*,*,#6466,.T.);
#6466 = EDGE_CURVE('',#5194,#5020,#6467,.T.);
#6467 = LINE('',#6468,#6469);
#6468 = CARTESIAN_POINT('',(0.15,-0.35,-2.542562962528));
#6469 = VECTOR('',#6470,1.);
#6470 = DIRECTION('',(0.,1.,3.330669073875E-16));
#6471 = ORIENTED_EDGE('',*,*,#5019,.T.);
#6472 = ORIENTED_EDGE('',*,*,#6448,.F.);
#6473 = PLANE('',#6474);
#6474 = AXIS2_PLACEMENT_3D('',#6475,#6476,#6477);
#6475 = CARTESIAN_POINT('',(0.15,-0.35,-2.5));
#6476 = DIRECTION('',(-1.,0.,-0.));
#6477 = DIRECTION('',(0.,5.551115123126E-16,-1.));
#6478 = ADVANCED_FACE('',(#6479),#6490,.T.);
#6479 = FACE_BOUND('',#6480,.T.);
#6480 = EDGE_LOOP('',(#6481,#6482,#6488,#6489));
#6481 = ORIENTED_EDGE('',*,*,#5235,.T.);
#6482 = ORIENTED_EDGE('',*,*,#6483,.T.);
#6483 = EDGE_CURVE('',#5228,#5054,#6484,.T.);
#6484 = LINE('',#6485,#6486);
#6485 = CARTESIAN_POINT('',(0.137769622714,-0.35,-0.540767924286));
#6486 = VECTOR('',#6487,1.);
#6487 = DIRECTION('',(0.,1.,3.330669073875E-16));
#6488 = ORIENTED_EDGE('',*,*,#5061,.F.);
#6489 = ORIENTED_EDGE('',*,*,#6281,.F.);
#6490 = CYLINDRICAL_SURFACE('',#6491,0.29);
#6491 = AXIS2_PLACEMENT_3D('',#6492,#6493,#6494);
#6492 = CARTESIAN_POINT('',(-0.14,-0.35,-0.457437037472));
#6493 = DIRECTION('',(0.,1.,3.330669073875E-16));
#6494 = DIRECTION('',(1.,0.,-0.));
#6495 = ADVANCED_FACE('',(#6496),#6507,.T.);
#6496 = FACE_BOUND('',#6497,.T.);
#6497 = EDGE_LOOP('',(#6498,#6499,#6500,#6501));
#6498 = ORIENTED_EDGE('',*,*,#5201,.T.);
#6499 = ORIENTED_EDGE('',*,*,#6466,.T.);
#6500 = ORIENTED_EDGE('',*,*,#5027,.F.);
#6501 = ORIENTED_EDGE('',*,*,#6502,.F.);
#6502 = EDGE_CURVE('',#5202,#5028,#6503,.T.);
#6503 = LINE('',#6504,#6505);
#6504 = CARTESIAN_POINT('',(0.137769622714,-0.35,-2.459232075714));
#6505 = VECTOR('',#6506,1.);
#6506 = DIRECTION('',(0.,1.,3.330669073875E-16));
#6507 = CYLINDRICAL_SURFACE('',#6508,0.29);
#6508 = AXIS2_PLACEMENT_3D('',#6509,#6510,#6511);
#6509 = CARTESIAN_POINT('',(-0.14,-0.35,-2.542562962528));
#6510 = DIRECTION('',(0.,1.,3.330669073875E-16));
#6511 = DIRECTION('',(0.957826285221,-9.570607158983E-17,0.287347885566)
  );
#6512 = ADVANCED_FACE('',(#6513),#6524,.T.);
#6513 = FACE_BOUND('',#6514,.T.);
#6514 = EDGE_LOOP('',(#6515,#6516,#6522,#6523));
#6515 = ORIENTED_EDGE('',*,*,#5227,.F.);
#6516 = ORIENTED_EDGE('',*,*,#6517,.T.);
#6517 = EDGE_CURVE('',#5219,#5045,#6518,.T.);
#6518 = LINE('',#6519,#6520);
#6519 = CARTESIAN_POINT('',(-0.125000733956,-0.35,-1.416669113186));
#6520 = VECTOR('',#6521,1.);
#6521 = DIRECTION('',(0.,1.,3.330669073875E-16));
#6522 = ORIENTED_EDGE('',*,*,#5053,.T.);
#6523 = ORIENTED_EDGE('',*,*,#6483,.F.);
#6524 = PLANE('',#6525);
#6525 = AXIS2_PLACEMENT_3D('',#6526,#6527,#6528);
#6526 = CARTESIAN_POINT('',(-0.15,-0.35,-1.5));
#6527 = DIRECTION('',(0.957826285221,9.570607158995E-17,-0.287347885566)
  );
#6528 = DIRECTION('',(0.287347885566,-5.31700397722E-16,0.957826285221)
  );
#6529 = ADVANCED_FACE('',(#6530),#6541,.T.);
#6530 = FACE_BOUND('',#6531,.T.);
#6531 = EDGE_LOOP('',(#6532,#6533,#6534,#6535));
#6532 = ORIENTED_EDGE('',*,*,#5210,.F.);
#6533 = ORIENTED_EDGE('',*,*,#6502,.T.);
#6534 = ORIENTED_EDGE('',*,*,#5036,.T.);
#6535 = ORIENTED_EDGE('',*,*,#6536,.F.);
#6536 = EDGE_CURVE('',#5211,#5037,#6537,.T.);
#6537 = LINE('',#6538,#6539);
#6538 = CARTESIAN_POINT('',(-0.125000733956,-0.35,-1.583330886814));
#6539 = VECTOR('',#6540,1.);
#6540 = DIRECTION('',(0.,1.,3.330669073875E-16));
#6541 = PLANE('',#6542);
#6542 = AXIS2_PLACEMENT_3D('',#6543,#6544,#6545);
#6543 = CARTESIAN_POINT('',(0.15,-0.35,-2.5));
#6544 = DIRECTION('',(0.957826285221,-9.570607158995E-17,0.287347885566)
  );
#6545 = DIRECTION('',(-0.287347885566,-5.31700397722E-16,0.957826285221)
  );
#6546 = ADVANCED_FACE('',(#6547),#6553,.F.);
#6547 = FACE_BOUND('',#6548,.F.);
#6548 = EDGE_LOOP('',(#6549,#6550,#6551,#6552));
#6549 = ORIENTED_EDGE('',*,*,#6517,.T.);
#6550 = ORIENTED_EDGE('',*,*,#5044,.T.);
#6551 = ORIENTED_EDGE('',*,*,#6536,.F.);
#6552 = ORIENTED_EDGE('',*,*,#5218,.F.);
#6553 = CYLINDRICAL_SURFACE('',#6554,0.29);
#6554 = AXIS2_PLACEMENT_3D('',#6555,#6556,#6557);
#6555 = CARTESIAN_POINT('',(0.152768888758,-0.35,-1.5));
#6556 = DIRECTION('',(0.,1.,3.330669073875E-16));
#6557 = DIRECTION('',(-0.957826285221,-9.570607158983E-17,0.287347885566
    ));
#6558 = ADVANCED_FACE('',(#6559),#6575,.T.);
#6559 = FACE_BOUND('',#6560,.T.);
#6560 = EDGE_LOOP('',(#6561,#6562,#6568,#6569));
#6561 = ORIENTED_EDGE('',*,*,#5284,.F.);
#6562 = ORIENTED_EDGE('',*,*,#6563,.T.);
#6563 = EDGE_CURVE('',#5285,#5435,#6564,.T.);
#6564 = LINE('',#6565,#6566);
#6565 = CARTESIAN_POINT('',(-0.162230377286,-4.85,-0.540767924286));
#6566 = VECTOR('',#6567,1.);
#6567 = DIRECTION('',(0.,1.,3.330669073875E-16));
#6568 = ORIENTED_EDGE('',*,*,#5434,.T.);
#6569 = ORIENTED_EDGE('',*,*,#6570,.F.);
#6570 = EDGE_CURVE('',#5287,#5437,#6571,.T.);
#6571 = LINE('',#6572,#6573);
#6572 = CARTESIAN_POINT('',(-0.425000733956,-4.85,-1.416669113186));
#6573 = VECTOR('',#6574,1.);
#6574 = DIRECTION('',(0.,1.,3.330669073875E-16));
#6575 = PLANE('',#6576);
#6576 = AXIS2_PLACEMENT_3D('',#6577,#6578,#6579);
#6577 = CARTESIAN_POINT('',(-0.15,-4.85,-0.5));
#6578 = DIRECTION('',(-0.957826285221,-9.570607158995E-17,0.287347885566
    ));
#6579 = DIRECTION('',(-0.287347885566,5.31700397722E-16,-0.957826285221)
  );
#6580 = ADVANCED_FACE('',(#6581),#6592,.F.);
#6581 = FACE_BOUND('',#6582,.F.);
#6582 = EDGE_LOOP('',(#6583,#6584,#6585,#6591));
#6583 = ORIENTED_EDGE('',*,*,#6563,.T.);
#6584 = ORIENTED_EDGE('',*,*,#5569,.T.);
#6585 = ORIENTED_EDGE('',*,*,#6586,.F.);
#6586 = EDGE_CURVE('',#5412,#5562,#6587,.T.);
#6587 = LINE('',#6588,#6589);
#6588 = CARTESIAN_POINT('',(-0.15,-4.85,-0.457437037472));
#6589 = VECTOR('',#6590,1.);
#6590 = DIRECTION('',(0.,1.,3.330669073875E-16));
#6591 = ORIENTED_EDGE('',*,*,#5419,.F.);
#6592 = CYLINDRICAL_SURFACE('',#6593,0.29);
#6593 = AXIS2_PLACEMENT_3D('',#6594,#6595,#6596);
#6594 = CARTESIAN_POINT('',(-0.44,-4.85,-0.457437037472));
#6595 = DIRECTION('',(0.,1.,3.330669073875E-16));
#6596 = DIRECTION('',(0.957826285221,9.570607158983E-17,-0.287347885566)
  );
#6597 = ADVANCED_FACE('',(#6598),#6609,.T.);
#6598 = FACE_BOUND('',#6599,.T.);
#6599 = EDGE_LOOP('',(#6600,#6601,#6602,#6608));
#6600 = ORIENTED_EDGE('',*,*,#6570,.T.);
#6601 = ORIENTED_EDGE('',*,*,#5444,.T.);
#6602 = ORIENTED_EDGE('',*,*,#6603,.F.);
#6603 = EDGE_CURVE('',#5295,#5445,#6604,.T.);
#6604 = LINE('',#6605,#6606);
#6605 = CARTESIAN_POINT('',(-0.425000733956,-4.85,-1.583330886814));
#6606 = VECTOR('',#6607,1.);
#6607 = DIRECTION('',(0.,1.,3.330669073875E-16));
#6608 = ORIENTED_EDGE('',*,*,#5294,.F.);
#6609 = CYLINDRICAL_SURFACE('',#6610,0.29);
#6610 = AXIS2_PLACEMENT_3D('',#6611,#6612,#6613);
#6611 = CARTESIAN_POINT('',(-0.147231111242,-4.85,-1.5));
#6612 = DIRECTION('',(0.,1.,3.330669073875E-16));
#6613 = DIRECTION('',(-0.957826285221,-9.570607158983E-17,0.287347885566
    ));
#6614 = ADVANCED_FACE('',(#6615),#6626,.F.);
#6615 = FACE_BOUND('',#6616,.F.);
#6616 = EDGE_LOOP('',(#6617,#6618,#6619,#6620));
#6617 = ORIENTED_EDGE('',*,*,#5411,.F.);
#6618 = ORIENTED_EDGE('',*,*,#6586,.T.);
#6619 = ORIENTED_EDGE('',*,*,#5561,.T.);
#6620 = ORIENTED_EDGE('',*,*,#6621,.F.);
#6621 = EDGE_CURVE('',#5403,#5553,#6622,.T.);
#6622 = LINE('',#6623,#6624);
#6623 = CARTESIAN_POINT('',(-0.15,-4.85,1.21));
#6624 = VECTOR('',#6625,1.);
#6625 = DIRECTION('',(0.,1.,3.330669073875E-16));
#6626 = PLANE('',#6627);
#6627 = AXIS2_PLACEMENT_3D('',#6628,#6629,#6630);
#6628 = CARTESIAN_POINT('',(-0.15,-4.85,-0.5));
#6629 = DIRECTION('',(1.,0.,0.));
#6630 = DIRECTION('',(0.,-5.551115123126E-16,1.));
#6631 = ADVANCED_FACE('',(#6632),#6643,.T.);
#6632 = FACE_BOUND('',#6633,.T.);
#6633 = EDGE_LOOP('',(#6634,#6635,#6636,#6637));
#6634 = ORIENTED_EDGE('',*,*,#5303,.F.);
#6635 = ORIENTED_EDGE('',*,*,#6603,.T.);
#6636 = ORIENTED_EDGE('',*,*,#5453,.T.);
#6637 = ORIENTED_EDGE('',*,*,#6638,.F.);
#6638 = EDGE_CURVE('',#5304,#5454,#6639,.T.);
#6639 = LINE('',#6640,#6641);
#6640 = CARTESIAN_POINT('',(-0.162230377286,-4.85,-2.459232075714));
#6641 = VECTOR('',#6642,1.);
#6642 = DIRECTION('',(0.,1.,3.330669073875E-16));
#6643 = PLANE('',#6644);
#6644 = AXIS2_PLACEMENT_3D('',#6645,#6646,#6647);
#6645 = CARTESIAN_POINT('',(-0.45,-4.85,-1.5));
#6646 = DIRECTION('',(-0.957826285221,9.570607158995E-17,-0.287347885566
    ));
#6647 = DIRECTION('',(0.287347885566,5.31700397722E-16,-0.957826285221)
  );
#6648 = ADVANCED_FACE('',(#6649),#6655,.T.);
#6649 = FACE_BOUND('',#6650,.T.);
#6650 = EDGE_LOOP('',(#6651,#6652,#6653,#6654));
#6651 = ORIENTED_EDGE('',*,*,#5402,.T.);
#6652 = ORIENTED_EDGE('',*,*,#5585,.T.);
#6653 = ORIENTED_EDGE('',*,*,#5552,.F.);
#6654 = ORIENTED_EDGE('',*,*,#6621,.F.);
#6655 = CYLINDRICAL_SURFACE('',#6656,0.29);
#6656 = AXIS2_PLACEMENT_3D('',#6657,#6658,#6659);
#6657 = CARTESIAN_POINT('',(0.14,-4.85,1.21));
#6658 = DIRECTION('',(0.,1.,3.330669073875E-16));
#6659 = DIRECTION('',(-1.,0.,0.));
#6660 = ADVANCED_FACE('',(#6661),#6672,.F.);
#6661 = FACE_BOUND('',#6662,.F.);
#6662 = EDGE_LOOP('',(#6663,#6669,#6670,#6671));
#6663 = ORIENTED_EDGE('',*,*,#6664,.T.);
#6664 = EDGE_CURVE('',#5312,#5462,#6665,.T.);
#6665 = LINE('',#6666,#6667);
#6666 = CARTESIAN_POINT('',(-0.15,-4.85,-2.542562962528));
#6667 = VECTOR('',#6668,1.);
#6668 = DIRECTION('',(0.,1.,3.330669073875E-16));
#6669 = ORIENTED_EDGE('',*,*,#5461,.T.);
#6670 = ORIENTED_EDGE('',*,*,#6638,.F.);
#6671 = ORIENTED_EDGE('',*,*,#5311,.F.);
#6672 = CYLINDRICAL_SURFACE('',#6673,0.29);
#6673 = AXIS2_PLACEMENT_3D('',#6674,#6675,#6676);
#6674 = CARTESIAN_POINT('',(-0.44,-4.85,-2.542562962528));
#6675 = DIRECTION('',(0.,1.,3.330669073875E-16));
#6676 = DIRECTION('',(1.,0.,-0.));
#6677 = ADVANCED_FACE('',(#6678),#6689,.F.);
#6678 = FACE_BOUND('',#6679,.F.);
#6679 = EDGE_LOOP('',(#6680,#6681,#6687,#6688));
#6680 = ORIENTED_EDGE('',*,*,#5320,.F.);
#6681 = ORIENTED_EDGE('',*,*,#6682,.T.);
#6682 = EDGE_CURVE('',#5321,#5471,#6683,.T.);
#6683 = LINE('',#6684,#6685);
#6684 = CARTESIAN_POINT('',(-0.15,-4.85,-3.5));
#6685 = VECTOR('',#6686,1.);
#6686 = DIRECTION('',(0.,1.,3.330669073875E-16));
#6687 = ORIENTED_EDGE('',*,*,#5470,.T.);
#6688 = ORIENTED_EDGE('',*,*,#6664,.F.);
#6689 = PLANE('',#6690);
#6690 = AXIS2_PLACEMENT_3D('',#6691,#6692,#6693);
#6691 = CARTESIAN_POINT('',(-0.15,-4.85,-3.5));
#6692 = DIRECTION('',(1.,0.,0.));
#6693 = DIRECTION('',(0.,-5.551115123126E-16,1.));
#6694 = ADVANCED_FACE('',(#6695),#6706,.F.);
#6695 = FACE_BOUND('',#6696,.F.);
#6696 = EDGE_LOOP('',(#6697,#6703,#6704,#6705));
#6697 = ORIENTED_EDGE('',*,*,#6698,.T.);
#6698 = EDGE_CURVE('',#5329,#5479,#6699,.T.);
#6699 = LINE('',#6700,#6701);
#6700 = CARTESIAN_POINT('',(0.15,-4.85,-3.5));
#6701 = VECTOR('',#6702,1.);
#6702 = DIRECTION('',(0.,1.,3.330669073875E-16));
#6703 = ORIENTED_EDGE('',*,*,#5478,.T.);
#6704 = ORIENTED_EDGE('',*,*,#6682,.F.);
#6705 = ORIENTED_EDGE('',*,*,#5328,.F.);
#6706 = PLANE('',#6707);
#6707 = AXIS2_PLACEMENT_3D('',#6708,#6709,#6710);
#6708 = CARTESIAN_POINT('',(0.15,-4.85,-3.5));
#6709 = DIRECTION('',(0.,-3.330669073875E-16,1.));
#6710 = DIRECTION('',(-1.,0.,0.));
#6711 = ADVANCED_FACE('',(#6712),#6723,.F.);
#6712 = FACE_BOUND('',#6713,.F.);
#6713 = EDGE_LOOP('',(#6714,#6715,#6721,#6722));
#6714 = ORIENTED_EDGE('',*,*,#5336,.F.);
#6715 = ORIENTED_EDGE('',*,*,#6716,.T.);
#6716 = EDGE_CURVE('',#5337,#5487,#6717,.T.);
#6717 = LINE('',#6718,#6719);
#6718 = CARTESIAN_POINT('',(0.15,-4.85,-2.542562962528));
#6719 = VECTOR('',#6720,1.);
#6720 = DIRECTION('',(0.,1.,3.330669073875E-16));
#6721 = ORIENTED_EDGE('',*,*,#5486,.T.);
#6722 = ORIENTED_EDGE('',*,*,#6698,.F.);
#6723 = PLANE('',#6724);
#6724 = AXIS2_PLACEMENT_3D('',#6725,#6726,#6727);
#6725 = CARTESIAN_POINT('',(0.15,-4.85,-2.5));
#6726 = DIRECTION('',(-1.,0.,-0.));
#6727 = DIRECTION('',(0.,5.551115123126E-16,-1.));
#6728 = ADVANCED_FACE('',(#6729),#6740,.T.);
#6729 = FACE_BOUND('',#6730,.T.);
#6730 = EDGE_LOOP('',(#6731,#6732,#6738,#6739));
#6731 = ORIENTED_EDGE('',*,*,#5378,.T.);
#6732 = ORIENTED_EDGE('',*,*,#6733,.T.);
#6733 = EDGE_CURVE('',#5371,#5521,#6734,.T.);
#6734 = LINE('',#6735,#6736);
#6735 = CARTESIAN_POINT('',(0.137769622714,-4.85,-0.540767924286));
#6736 = VECTOR('',#6737,1.);
#6737 = DIRECTION('',(0.,1.,3.330669073875E-16));
#6738 = ORIENTED_EDGE('',*,*,#5528,.F.);
#6739 = ORIENTED_EDGE('',*,*,#6247,.F.);
#6740 = CYLINDRICAL_SURFACE('',#6741,0.29);
#6741 = AXIS2_PLACEMENT_3D('',#6742,#6743,#6744);
#6742 = CARTESIAN_POINT('',(-0.14,-4.85,-0.457437037472));
#6743 = DIRECTION('',(0.,1.,3.330669073875E-16));
#6744 = DIRECTION('',(1.,0.,-0.));
#6745 = ADVANCED_FACE('',(#6746),#6757,.T.);
#6746 = FACE_BOUND('',#6747,.T.);
#6747 = EDGE_LOOP('',(#6748,#6749,#6750,#6751));
#6748 = ORIENTED_EDGE('',*,*,#5344,.T.);
#6749 = ORIENTED_EDGE('',*,*,#6716,.T.);
#6750 = ORIENTED_EDGE('',*,*,#5494,.F.);
#6751 = ORIENTED_EDGE('',*,*,#6752,.F.);
#6752 = EDGE_CURVE('',#5345,#5495,#6753,.T.);
#6753 = LINE('',#6754,#6755);
#6754 = CARTESIAN_POINT('',(0.137769622714,-4.85,-2.459232075714));
#6755 = VECTOR('',#6756,1.);
#6756 = DIRECTION('',(0.,1.,3.330669073875E-16));
#6757 = CYLINDRICAL_SURFACE('',#6758,0.29);
#6758 = AXIS2_PLACEMENT_3D('',#6759,#6760,#6761);
#6759 = CARTESIAN_POINT('',(-0.14,-4.85,-2.542562962528));
#6760 = DIRECTION('',(0.,1.,3.330669073875E-16));
#6761 = DIRECTION('',(0.957826285221,-9.570607158983E-17,0.287347885566)
  );
#6762 = ADVANCED_FACE('',(#6763),#6774,.T.);
#6763 = FACE_BOUND('',#6764,.T.);
#6764 = EDGE_LOOP('',(#6765,#6766,#6772,#6773));
#6765 = ORIENTED_EDGE('',*,*,#5370,.F.);
#6766 = ORIENTED_EDGE('',*,*,#6767,.T.);
#6767 = EDGE_CURVE('',#5362,#5512,#6768,.T.);
#6768 = LINE('',#6769,#6770);
#6769 = CARTESIAN_POINT('',(-0.125000733956,-4.85,-1.416669113186));
#6770 = VECTOR('',#6771,1.);
#6771 = DIRECTION('',(0.,1.,3.330669073875E-16));
#6772 = ORIENTED_EDGE('',*,*,#5520,.T.);
#6773 = ORIENTED_EDGE('',*,*,#6733,.F.);
#6774 = PLANE('',#6775);
#6775 = AXIS2_PLACEMENT_3D('',#6776,#6777,#6778);
#6776 = CARTESIAN_POINT('',(-0.15,-4.85,-1.5));
#6777 = DIRECTION('',(0.957826285221,9.570607158995E-17,-0.287347885566)
  );
#6778 = DIRECTION('',(0.287347885566,-5.31700397722E-16,0.957826285221)
  );
#6779 = ADVANCED_FACE('',(#6780),#6791,.T.);
#6780 = FACE_BOUND('',#6781,.T.);
#6781 = EDGE_LOOP('',(#6782,#6783,#6784,#6785));
#6782 = ORIENTED_EDGE('',*,*,#5353,.F.);
#6783 = ORIENTED_EDGE('',*,*,#6752,.T.);
#6784 = ORIENTED_EDGE('',*,*,#5503,.T.);
#6785 = ORIENTED_EDGE('',*,*,#6786,.F.);
#6786 = EDGE_CURVE('',#5354,#5504,#6787,.T.);
#6787 = LINE('',#6788,#6789);
#6788 = CARTESIAN_POINT('',(-0.125000733956,-4.85,-1.583330886814));
#6789 = VECTOR('',#6790,1.);
#6790 = DIRECTION('',(0.,1.,3.330669073875E-16));
#6791 = PLANE('',#6792);
#6792 = AXIS2_PLACEMENT_3D('',#6793,#6794,#6795);
#6793 = CARTESIAN_POINT('',(0.15,-4.85,-2.5));
#6794 = DIRECTION('',(0.957826285221,-9.570607158995E-17,0.287347885566)
  );
#6795 = DIRECTION('',(-0.287347885566,-5.31700397722E-16,0.957826285221)
  );
#6796 = ADVANCED_FACE('',(#6797),#6803,.F.);
#6797 = FACE_BOUND('',#6798,.F.);
#6798 = EDGE_LOOP('',(#6799,#6800,#6801,#6802));
#6799 = ORIENTED_EDGE('',*,*,#6767,.T.);
#6800 = ORIENTED_EDGE('',*,*,#5511,.T.);
#6801 = ORIENTED_EDGE('',*,*,#6786,.F.);
#6802 = ORIENTED_EDGE('',*,*,#5361,.F.);
#6803 = CYLINDRICAL_SURFACE('',#6804,0.29);
#6804 = AXIS2_PLACEMENT_3D('',#6805,#6806,#6807);
#6805 = CARTESIAN_POINT('',(0.152768888758,-4.85,-1.5));
#6806 = DIRECTION('',(0.,1.,3.330669073875E-16));
#6807 = DIRECTION('',(-0.957826285221,-9.570607158983E-17,0.287347885566
    ));
#6808 = ADVANCED_FACE('',(#6809),#6825,.F.);
#6809 = FACE_BOUND('',#6810,.F.);
#6810 = EDGE_LOOP('',(#6811,#6812,#6818,#6819));
#6811 = ORIENTED_EDGE('',*,*,#5601,.F.);
#6812 = ORIENTED_EDGE('',*,*,#6813,.T.);
#6813 = EDGE_CURVE('',#5602,#5776,#6814,.T.);
#6814 = LINE('',#6815,#6816);
#6815 = CARTESIAN_POINT('',(6.462230377286,-4.85,-0.540767924286));
#6816 = VECTOR('',#6817,1.);
#6817 = DIRECTION('',(0.,1.,3.330669073875E-16));
#6818 = ORIENTED_EDGE('',*,*,#5775,.T.);
#6819 = ORIENTED_EDGE('',*,*,#6820,.F.);
#6820 = EDGE_CURVE('',#5604,#5778,#6821,.T.);
#6821 = LINE('',#6822,#6823);
#6822 = CARTESIAN_POINT('',(6.725000733956,-4.85,-1.416669113186));
#6823 = VECTOR('',#6824,1.);
#6824 = DIRECTION('',(0.,1.,3.330669073875E-16));
#6825 = PLANE('',#6826);
#6826 = AXIS2_PLACEMENT_3D('',#6827,#6828,#6829);
#6827 = CARTESIAN_POINT('',(6.45,-4.85,-0.5));
#6828 = DIRECTION('',(-0.957826285221,9.570607158995E-17,-0.287347885566
    ));
#6829 = DIRECTION('',(0.287347885566,5.31700397722E-16,-0.957826285221)
  );
#6830 = ADVANCED_FACE('',(#6831),#6842,.F.);
#6831 = FACE_BOUND('',#6832,.F.);
#6832 = EDGE_LOOP('',(#6833,#6834,#6840,#6841));
#6833 = ORIENTED_EDGE('',*,*,#5736,.T.);
#6834 = ORIENTED_EDGE('',*,*,#6835,.T.);
#6835 = EDGE_CURVE('',#5729,#5896,#6836,.T.);
#6836 = LINE('',#6837,#6838);
#6837 = CARTESIAN_POINT('',(6.45,-4.85,-0.457437037472));
#6838 = VECTOR('',#6839,1.);
#6839 = DIRECTION('',(0.,1.,3.330669073875E-16));
#6840 = ORIENTED_EDGE('',*,*,#5903,.F.);
#6841 = ORIENTED_EDGE('',*,*,#6813,.F.);
#6842 = CYLINDRICAL_SURFACE('',#6843,0.29);
#6843 = AXIS2_PLACEMENT_3D('',#6844,#6845,#6846);
#6844 = CARTESIAN_POINT('',(6.74,-4.85,-0.457437037472));
#6845 = DIRECTION('',(0.,1.,3.330669073875E-16));
#6846 = DIRECTION('',(-0.957826285221,9.570607158983E-17,-0.287347885566
    ));
#6847 = ADVANCED_FACE('',(#6848),#6859,.T.);
#6848 = FACE_BOUND('',#6849,.T.);
#6849 = EDGE_LOOP('',(#6850,#6851,#6857,#6858));
#6850 = ORIENTED_EDGE('',*,*,#5611,.T.);
#6851 = ORIENTED_EDGE('',*,*,#6852,.T.);
#6852 = EDGE_CURVE('',#5612,#5786,#6853,.T.);
#6853 = LINE('',#6854,#6855);
#6854 = CARTESIAN_POINT('',(6.725000733956,-4.85,-1.583330886814));
#6855 = VECTOR('',#6856,1.);
#6856 = DIRECTION('',(0.,1.,3.330669073875E-16));
#6857 = ORIENTED_EDGE('',*,*,#5785,.F.);
#6858 = ORIENTED_EDGE('',*,*,#6820,.F.);
#6859 = CYLINDRICAL_SURFACE('',#6860,0.29);
#6860 = AXIS2_PLACEMENT_3D('',#6861,#6862,#6863);
#6861 = CARTESIAN_POINT('',(6.447231111242,-4.85,-1.5));
#6862 = DIRECTION('',(0.,1.,3.330669073875E-16));
#6863 = DIRECTION('',(0.957826285221,-9.570607158983E-17,0.287347885566)
  );
#6864 = ADVANCED_FACE('',(#6865),#6876,.T.);
#6865 = FACE_BOUND('',#6866,.T.);
#6866 = EDGE_LOOP('',(#6867,#6868,#6869,#6870));
#6867 = ORIENTED_EDGE('',*,*,#5728,.F.);
#6868 = ORIENTED_EDGE('',*,*,#6835,.T.);
#6869 = ORIENTED_EDGE('',*,*,#5895,.T.);
#6870 = ORIENTED_EDGE('',*,*,#6871,.F.);
#6871 = EDGE_CURVE('',#5720,#5887,#6872,.T.);
#6872 = LINE('',#6873,#6874);
#6873 = CARTESIAN_POINT('',(6.45,-4.85,1.21));
#6874 = VECTOR('',#6875,1.);
#6875 = DIRECTION('',(0.,1.,3.330669073875E-16));
#6876 = PLANE('',#6877);
#6877 = AXIS2_PLACEMENT_3D('',#6878,#6879,#6880);
#6878 = CARTESIAN_POINT('',(6.45,-4.85,-0.5));
#6879 = DIRECTION('',(1.,0.,0.));
#6880 = DIRECTION('',(0.,-5.551115123126E-16,1.));
#6881 = ADVANCED_FACE('',(#6882),#6893,.F.);
#6882 = FACE_BOUND('',#6883,.F.);
#6883 = EDGE_LOOP('',(#6884,#6885,#6886,#6887));
#6884 = ORIENTED_EDGE('',*,*,#5620,.F.);
#6885 = ORIENTED_EDGE('',*,*,#6852,.T.);
#6886 = ORIENTED_EDGE('',*,*,#5794,.T.);
#6887 = ORIENTED_EDGE('',*,*,#6888,.F.);
#6888 = EDGE_CURVE('',#5621,#5795,#6889,.T.);
#6889 = LINE('',#6890,#6891);
#6890 = CARTESIAN_POINT('',(6.462230377286,-4.85,-2.459232075714));
#6891 = VECTOR('',#6892,1.);
#6892 = DIRECTION('',(0.,1.,3.330669073875E-16));
#6893 = PLANE('',#6894);
#6894 = AXIS2_PLACEMENT_3D('',#6895,#6896,#6897);
#6895 = CARTESIAN_POINT('',(6.75,-4.85,-1.5));
#6896 = DIRECTION('',(-0.957826285221,-9.570607158995E-17,0.287347885566
    ));
#6897 = DIRECTION('',(-0.287347885566,5.31700397722E-16,-0.957826285221)
  );
#6898 = ADVANCED_FACE('',(#6899),#6905,.T.);
#6899 = FACE_BOUND('',#6900,.T.);
#6900 = EDGE_LOOP('',(#6901,#6902,#6903,#6904));
#6901 = ORIENTED_EDGE('',*,*,#6871,.T.);
#6902 = ORIENTED_EDGE('',*,*,#5886,.T.);
#6903 = ORIENTED_EDGE('',*,*,#5752,.F.);
#6904 = ORIENTED_EDGE('',*,*,#5719,.F.);
#6905 = CYLINDRICAL_SURFACE('',#6906,0.29);
#6906 = AXIS2_PLACEMENT_3D('',#6907,#6908,#6909);
#6907 = CARTESIAN_POINT('',(6.16,-4.85,1.21));
#6908 = DIRECTION('',(0.,1.,3.330669073875E-16));
#6909 = DIRECTION('',(1.,0.,-0.));
#6910 = ADVANCED_FACE('',(#6911),#6922,.F.);
#6911 = FACE_BOUND('',#6912,.F.);
#6912 = EDGE_LOOP('',(#6913,#6914,#6915,#6916));
#6913 = ORIENTED_EDGE('',*,*,#5628,.T.);
#6914 = ORIENTED_EDGE('',*,*,#6888,.T.);
#6915 = ORIENTED_EDGE('',*,*,#5802,.F.);
#6916 = ORIENTED_EDGE('',*,*,#6917,.F.);
#6917 = EDGE_CURVE('',#5629,#5803,#6918,.T.);
#6918 = LINE('',#6919,#6920);
#6919 = CARTESIAN_POINT('',(6.45,-4.85,-2.542562962528));
#6920 = VECTOR('',#6921,1.);
#6921 = DIRECTION('',(0.,1.,3.330669073875E-16));
#6922 = CYLINDRICAL_SURFACE('',#6923,0.29);
#6923 = AXIS2_PLACEMENT_3D('',#6924,#6925,#6926);
#6924 = CARTESIAN_POINT('',(6.74,-4.85,-2.542562962528));
#6925 = DIRECTION('',(0.,1.,3.330669073875E-16));
#6926 = DIRECTION('',(-1.,0.,0.));
#6927 = ADVANCED_FACE('',(#6928),#6939,.T.);
#6928 = FACE_BOUND('',#6929,.T.);
#6929 = EDGE_LOOP('',(#6930,#6931,#6937,#6938));
#6930 = ORIENTED_EDGE('',*,*,#5637,.F.);
#6931 = ORIENTED_EDGE('',*,*,#6932,.T.);
#6932 = EDGE_CURVE('',#5638,#5812,#6933,.T.);
#6933 = LINE('',#6934,#6935);
#6934 = CARTESIAN_POINT('',(6.45,-4.85,-3.5));
#6935 = VECTOR('',#6936,1.);
#6936 = DIRECTION('',(0.,1.,3.330669073875E-16));
#6937 = ORIENTED_EDGE('',*,*,#5811,.T.);
#6938 = ORIENTED_EDGE('',*,*,#6917,.F.);
#6939 = PLANE('',#6940);
#6940 = AXIS2_PLACEMENT_3D('',#6941,#6942,#6943);
#6941 = CARTESIAN_POINT('',(6.45,-4.85,-3.5));
#6942 = DIRECTION('',(1.,0.,0.));
#6943 = DIRECTION('',(0.,-5.551115123126E-16,1.));
#6944 = ADVANCED_FACE('',(#6945),#6956,.T.);
#6945 = FACE_BOUND('',#6946,.T.);
#6946 = EDGE_LOOP('',(#6947,#6953,#6954,#6955));
#6947 = ORIENTED_EDGE('',*,*,#6948,.T.);
#6948 = EDGE_CURVE('',#5646,#5820,#6949,.T.);
#6949 = LINE('',#6950,#6951);
#6950 = CARTESIAN_POINT('',(6.15,-4.85,-3.5));
#6951 = VECTOR('',#6952,1.);
#6952 = DIRECTION('',(0.,1.,3.330669073875E-16));
#6953 = ORIENTED_EDGE('',*,*,#5819,.T.);
#6954 = ORIENTED_EDGE('',*,*,#6932,.F.);
#6955 = ORIENTED_EDGE('',*,*,#5645,.F.);
#6956 = PLANE('',#6957);
#6957 = AXIS2_PLACEMENT_3D('',#6958,#6959,#6960);
#6958 = CARTESIAN_POINT('',(6.15,-4.85,-3.5));
#6959 = DIRECTION('',(0.,3.330669073875E-16,-1.));
#6960 = DIRECTION('',(1.,0.,0.));
#6961 = ADVANCED_FACE('',(#6962),#6973,.T.);
#6962 = FACE_BOUND('',#6963,.T.);
#6963 = EDGE_LOOP('',(#6964,#6965,#6971,#6972));
#6964 = ORIENTED_EDGE('',*,*,#5653,.F.);
#6965 = ORIENTED_EDGE('',*,*,#6966,.T.);
#6966 = EDGE_CURVE('',#5654,#5828,#6967,.T.);
#6967 = LINE('',#6968,#6969);
#6968 = CARTESIAN_POINT('',(6.15,-4.85,-2.542562962528));
#6969 = VECTOR('',#6970,1.);
#6970 = DIRECTION('',(0.,1.,3.330669073875E-16));
#6971 = ORIENTED_EDGE('',*,*,#5827,.T.);
#6972 = ORIENTED_EDGE('',*,*,#6948,.F.);
#6973 = PLANE('',#6974);
#6974 = AXIS2_PLACEMENT_3D('',#6975,#6976,#6977);
#6975 = CARTESIAN_POINT('',(6.15,-4.85,-2.5));
#6976 = DIRECTION('',(-1.,0.,-0.));
#6977 = DIRECTION('',(0.,5.551115123126E-16,-1.));
#6978 = ADVANCED_FACE('',(#6979),#6990,.T.);
#6979 = FACE_BOUND('',#6980,.T.);
#6980 = EDGE_LOOP('',(#6981,#6982,#6983,#6989));
#6981 = ORIENTED_EDGE('',*,*,#6264,.T.);
#6982 = ORIENTED_EDGE('',*,*,#5869,.T.);
#6983 = ORIENTED_EDGE('',*,*,#6984,.F.);
#6984 = EDGE_CURVE('',#5688,#5862,#6985,.T.);
#6985 = LINE('',#6986,#6987);
#6986 = CARTESIAN_POINT('',(6.162230377286,-4.85,-0.540767924286));
#6987 = VECTOR('',#6988,1.);
#6988 = DIRECTION('',(0.,1.,3.330669073875E-16));
#6989 = ORIENTED_EDGE('',*,*,#5695,.F.);
#6990 = CYLINDRICAL_SURFACE('',#6991,0.29);
#6991 = AXIS2_PLACEMENT_3D('',#6992,#6993,#6994);
#6992 = CARTESIAN_POINT('',(6.44,-4.85,-0.457437037472));
#6993 = DIRECTION('',(0.,1.,3.330669073875E-16));
#6994 = DIRECTION('',(-1.,0.,0.));
#6995 = ADVANCED_FACE('',(#6996),#7007,.T.);
#6996 = FACE_BOUND('',#6997,.T.);
#6997 = EDGE_LOOP('',(#6998,#7004,#7005,#7006));
#6998 = ORIENTED_EDGE('',*,*,#6999,.T.);
#6999 = EDGE_CURVE('',#5662,#5836,#7000,.T.);
#7000 = LINE('',#7001,#7002);
#7001 = CARTESIAN_POINT('',(6.162230377286,-4.85,-2.459232075714));
#7002 = VECTOR('',#7003,1.);
#7003 = DIRECTION('',(0.,1.,3.330669073875E-16));
#7004 = ORIENTED_EDGE('',*,*,#5835,.T.);
#7005 = ORIENTED_EDGE('',*,*,#6966,.F.);
#7006 = ORIENTED_EDGE('',*,*,#5661,.F.);
#7007 = CYLINDRICAL_SURFACE('',#7008,0.29);
#7008 = AXIS2_PLACEMENT_3D('',#7009,#7010,#7011);
#7009 = CARTESIAN_POINT('',(6.44,-4.85,-2.542562962528));
#7010 = DIRECTION('',(0.,1.,3.330669073875E-16));
#7011 = DIRECTION('',(-0.957826285221,-9.570607158983E-17,0.287347885566
    ));
#7012 = ADVANCED_FACE('',(#7013),#7024,.F.);
#7013 = FACE_BOUND('',#7014,.F.);
#7014 = EDGE_LOOP('',(#7015,#7016,#7022,#7023));
#7015 = ORIENTED_EDGE('',*,*,#5687,.F.);
#7016 = ORIENTED_EDGE('',*,*,#7017,.T.);
#7017 = EDGE_CURVE('',#5679,#5853,#7018,.T.);
#7018 = LINE('',#7019,#7020);
#7019 = CARTESIAN_POINT('',(6.425000733956,-4.85,-1.416669113186));
#7020 = VECTOR('',#7021,1.);
#7021 = DIRECTION('',(0.,1.,3.330669073875E-16));
#7022 = ORIENTED_EDGE('',*,*,#5861,.T.);
#7023 = ORIENTED_EDGE('',*,*,#6984,.F.);
#7024 = PLANE('',#7025);
#7025 = AXIS2_PLACEMENT_3D('',#7026,#7027,#7028);
#7026 = CARTESIAN_POINT('',(6.45,-4.85,-1.5));
#7027 = DIRECTION('',(0.957826285221,-9.570607158995E-17,0.287347885566)
  );
#7028 = DIRECTION('',(-0.287347885566,-5.31700397722E-16,0.957826285221)
  );
#7029 = ADVANCED_FACE('',(#7030),#7041,.F.);
#7030 = FACE_BOUND('',#7031,.F.);
#7031 = EDGE_LOOP('',(#7032,#7033,#7034,#7035));
#7032 = ORIENTED_EDGE('',*,*,#5670,.F.);
#7033 = ORIENTED_EDGE('',*,*,#6999,.T.);
#7034 = ORIENTED_EDGE('',*,*,#5844,.T.);
#7035 = ORIENTED_EDGE('',*,*,#7036,.F.);
#7036 = EDGE_CURVE('',#5671,#5845,#7037,.T.);
#7037 = LINE('',#7038,#7039);
#7038 = CARTESIAN_POINT('',(6.425000733956,-4.85,-1.583330886814));
#7039 = VECTOR('',#7040,1.);
#7040 = DIRECTION('',(0.,1.,3.330669073875E-16));
#7041 = PLANE('',#7042);
#7042 = AXIS2_PLACEMENT_3D('',#7043,#7044,#7045);
#7043 = CARTESIAN_POINT('',(6.15,-4.85,-2.5));
#7044 = DIRECTION('',(0.957826285221,9.570607158995E-17,-0.287347885566)
  );
#7045 = DIRECTION('',(0.287347885566,-5.31700397722E-16,0.957826285221)
  );
#7046 = ADVANCED_FACE('',(#7047),#7053,.F.);
#7047 = FACE_BOUND('',#7048,.F.);
#7048 = EDGE_LOOP('',(#7049,#7050,#7051,#7052));
#7049 = ORIENTED_EDGE('',*,*,#5678,.T.);
#7050 = ORIENTED_EDGE('',*,*,#7036,.T.);
#7051 = ORIENTED_EDGE('',*,*,#5852,.F.);
#7052 = ORIENTED_EDGE('',*,*,#7017,.F.);
#7053 = CYLINDRICAL_SURFACE('',#7054,0.29);
#7054 = AXIS2_PLACEMENT_3D('',#7055,#7056,#7057);
#7055 = CARTESIAN_POINT('',(6.147231111242,-4.85,-1.5));
#7056 = DIRECTION('',(0.,1.,3.330669073875E-16));
#7057 = DIRECTION('',(0.957826285221,-9.570607158983E-17,0.287347885566)
  );
#7058 = ADVANCED_FACE('',(#7059),#7075,.F.);
#7059 = FACE_BOUND('',#7060,.F.);
#7060 = EDGE_LOOP('',(#7061,#7062,#7068,#7069));
#7061 = ORIENTED_EDGE('',*,*,#6068,.F.);
#7062 = ORIENTED_EDGE('',*,*,#7063,.T.);
#7063 = EDGE_CURVE('',#6069,#5919,#7064,.T.);
#7064 = LINE('',#7065,#7066);
#7065 = CARTESIAN_POINT('',(6.462230377286,-0.35,-0.540767924286));
#7066 = VECTOR('',#7067,1.);
#7067 = DIRECTION('',(0.,1.,3.330669073875E-16));
#7068 = ORIENTED_EDGE('',*,*,#5918,.T.);
#7069 = ORIENTED_EDGE('',*,*,#7070,.F.);
#7070 = EDGE_CURVE('',#6071,#5921,#7071,.T.);
#7071 = LINE('',#7072,#7073);
#7072 = CARTESIAN_POINT('',(6.725000733956,-0.35,-1.416669113186));
#7073 = VECTOR('',#7074,1.);
#7074 = DIRECTION('',(0.,1.,3.330669073875E-16));
#7075 = PLANE('',#7076);
#7076 = AXIS2_PLACEMENT_3D('',#7077,#7078,#7079);
#7077 = CARTESIAN_POINT('',(6.45,-0.35,-0.5));
#7078 = DIRECTION('',(-0.957826285221,9.570607158995E-17,-0.287347885566
    ));
#7079 = DIRECTION('',(0.287347885566,5.31700397722E-16,-0.957826285221)
  );
#7080 = ADVANCED_FACE('',(#7081),#7092,.F.);
#7081 = FACE_BOUND('',#7082,.F.);
#7082 = EDGE_LOOP('',(#7083,#7084,#7090,#7091));
#7083 = ORIENTED_EDGE('',*,*,#6203,.T.);
#7084 = ORIENTED_EDGE('',*,*,#7085,.T.);
#7085 = EDGE_CURVE('',#6196,#6046,#7086,.T.);
#7086 = LINE('',#7087,#7088);
#7087 = CARTESIAN_POINT('',(6.45,-0.35,-0.457437037472));
#7088 = VECTOR('',#7089,1.);
#7089 = DIRECTION('',(0.,1.,3.330669073875E-16));
#7090 = ORIENTED_EDGE('',*,*,#6053,.F.);
#7091 = ORIENTED_EDGE('',*,*,#7063,.F.);
#7092 = CYLINDRICAL_SURFACE('',#7093,0.29);
#7093 = AXIS2_PLACEMENT_3D('',#7094,#7095,#7096);
#7094 = CARTESIAN_POINT('',(6.74,-0.35,-0.457437037472));
#7095 = DIRECTION('',(0.,1.,3.330669073875E-16));
#7096 = DIRECTION('',(-0.957826285221,9.570607158983E-17,-0.287347885566
    ));
#7097 = ADVANCED_FACE('',(#7098),#7109,.T.);
#7098 = FACE_BOUND('',#7099,.T.);
#7099 = EDGE_LOOP('',(#7100,#7101,#7107,#7108));
#7100 = ORIENTED_EDGE('',*,*,#6078,.T.);
#7101 = ORIENTED_EDGE('',*,*,#7102,.T.);
#7102 = EDGE_CURVE('',#6079,#5929,#7103,.T.);
#7103 = LINE('',#7104,#7105);
#7104 = CARTESIAN_POINT('',(6.725000733956,-0.35,-1.583330886814));
#7105 = VECTOR('',#7106,1.);
#7106 = DIRECTION('',(0.,1.,3.330669073875E-16));
#7107 = ORIENTED_EDGE('',*,*,#5928,.F.);
#7108 = ORIENTED_EDGE('',*,*,#7070,.F.);
#7109 = CYLINDRICAL_SURFACE('',#7110,0.29);
#7110 = AXIS2_PLACEMENT_3D('',#7111,#7112,#7113);
#7111 = CARTESIAN_POINT('',(6.447231111242,-0.35,-1.5));
#7112 = DIRECTION('',(0.,1.,3.330669073875E-16));
#7113 = DIRECTION('',(0.957826285221,-9.570607158983E-17,0.287347885566)
  );
#7114 = ADVANCED_FACE('',(#7115),#7126,.T.);
#7115 = FACE_BOUND('',#7116,.T.);
#7116 = EDGE_LOOP('',(#7117,#7118,#7119,#7120));
#7117 = ORIENTED_EDGE('',*,*,#6195,.F.);
#7118 = ORIENTED_EDGE('',*,*,#7085,.T.);
#7119 = ORIENTED_EDGE('',*,*,#6045,.T.);
#7120 = ORIENTED_EDGE('',*,*,#7121,.F.);
#7121 = EDGE_CURVE('',#6187,#6037,#7122,.T.);
#7122 = LINE('',#7123,#7124);
#7123 = CARTESIAN_POINT('',(6.45,-0.35,1.21));
#7124 = VECTOR('',#7125,1.);
#7125 = DIRECTION('',(0.,1.,3.330669073875E-16));
#7126 = PLANE('',#7127);
#7127 = AXIS2_PLACEMENT_3D('',#7128,#7129,#7130);
#7128 = CARTESIAN_POINT('',(6.45,-0.35,-0.5));
#7129 = DIRECTION('',(1.,0.,0.));
#7130 = DIRECTION('',(0.,-5.551115123126E-16,1.));
#7131 = ADVANCED_FACE('',(#7132),#7143,.F.);
#7132 = FACE_BOUND('',#7133,.F.);
#7133 = EDGE_LOOP('',(#7134,#7135,#7136,#7137));
#7134 = ORIENTED_EDGE('',*,*,#6087,.F.);
#7135 = ORIENTED_EDGE('',*,*,#7102,.T.);
#7136 = ORIENTED_EDGE('',*,*,#5937,.T.);
#7137 = ORIENTED_EDGE('',*,*,#7138,.F.);
#7138 = EDGE_CURVE('',#6088,#5938,#7139,.T.);
#7139 = LINE('',#7140,#7141);
#7140 = CARTESIAN_POINT('',(6.462230377286,-0.35,-2.459232075714));
#7141 = VECTOR('',#7142,1.);
#7142 = DIRECTION('',(0.,1.,3.330669073875E-16));
#7143 = PLANE('',#7144);
#7144 = AXIS2_PLACEMENT_3D('',#7145,#7146,#7147);
#7145 = CARTESIAN_POINT('',(6.75,-0.35,-1.5));
#7146 = DIRECTION('',(-0.957826285221,-9.570607158995E-17,0.287347885566
    ));
#7147 = DIRECTION('',(-0.287347885566,5.31700397722E-16,-0.957826285221)
  );
#7148 = ADVANCED_FACE('',(#7149),#7155,.T.);
#7149 = FACE_BOUND('',#7150,.T.);
#7150 = EDGE_LOOP('',(#7151,#7152,#7153,#7154));
#7151 = ORIENTED_EDGE('',*,*,#7121,.T.);
#7152 = ORIENTED_EDGE('',*,*,#6036,.T.);
#7153 = ORIENTED_EDGE('',*,*,#6219,.F.);
#7154 = ORIENTED_EDGE('',*,*,#6186,.F.);
#7155 = CYLINDRICAL_SURFACE('',#7156,0.29);
#7156 = AXIS2_PLACEMENT_3D('',#7157,#7158,#7159);
#7157 = CARTESIAN_POINT('',(6.16,-0.35,1.21));
#7158 = DIRECTION('',(0.,1.,3.330669073875E-16));
#7159 = DIRECTION('',(1.,0.,-0.));
#7160 = ADVANCED_FACE('',(#7161),#7172,.F.);
#7161 = FACE_BOUND('',#7162,.F.);
#7162 = EDGE_LOOP('',(#7163,#7164,#7165,#7166));
#7163 = ORIENTED_EDGE('',*,*,#6095,.T.);
#7164 = ORIENTED_EDGE('',*,*,#7138,.T.);
#7165 = ORIENTED_EDGE('',*,*,#5945,.F.);
#7166 = ORIENTED_EDGE('',*,*,#7167,.F.);
#7167 = EDGE_CURVE('',#6096,#5946,#7168,.T.);
#7168 = LINE('',#7169,#7170);
#7169 = CARTESIAN_POINT('',(6.45,-0.35,-2.542562962528));
#7170 = VECTOR('',#7171,1.);
#7171 = DIRECTION('',(0.,1.,3.330669073875E-16));
#7172 = CYLINDRICAL_SURFACE('',#7173,0.29);
#7173 = AXIS2_PLACEMENT_3D('',#7174,#7175,#7176);
#7174 = CARTESIAN_POINT('',(6.74,-0.35,-2.542562962528));
#7175 = DIRECTION('',(0.,1.,3.330669073875E-16));
#7176 = DIRECTION('',(-1.,0.,0.));
#7177 = ADVANCED_FACE('',(#7178),#7189,.T.);
#7178 = FACE_BOUND('',#7179,.T.);
#7179 = EDGE_LOOP('',(#7180,#7181,#7187,#7188));
#7180 = ORIENTED_EDGE('',*,*,#6104,.F.);
#7181 = ORIENTED_EDGE('',*,*,#7182,.T.);
#7182 = EDGE_CURVE('',#6105,#5955,#7183,.T.);
#7183 = LINE('',#7184,#7185);
#7184 = CARTESIAN_POINT('',(6.45,-0.35,-3.5));
#7185 = VECTOR('',#7186,1.);
#7186 = DIRECTION('',(0.,1.,3.330669073875E-16));
#7187 = ORIENTED_EDGE('',*,*,#5954,.T.);
#7188 = ORIENTED_EDGE('',*,*,#7167,.F.);
#7189 = PLANE('',#7190);
#7190 = AXIS2_PLACEMENT_3D('',#7191,#7192,#7193);
#7191 = CARTESIAN_POINT('',(6.45,-0.35,-3.5));
#7192 = DIRECTION('',(1.,0.,0.));
#7193 = DIRECTION('',(0.,-5.551115123126E-16,1.));
#7194 = ADVANCED_FACE('',(#7195),#7206,.T.);
#7195 = FACE_BOUND('',#7196,.T.);
#7196 = EDGE_LOOP('',(#7197,#7203,#7204,#7205));
#7197 = ORIENTED_EDGE('',*,*,#7198,.T.);
#7198 = EDGE_CURVE('',#6113,#5963,#7199,.T.);
#7199 = LINE('',#7200,#7201);
#7200 = CARTESIAN_POINT('',(6.15,-0.35,-3.5));
#7201 = VECTOR('',#7202,1.);
#7202 = DIRECTION('',(0.,1.,3.330669073875E-16));
#7203 = ORIENTED_EDGE('',*,*,#5962,.T.);
#7204 = ORIENTED_EDGE('',*,*,#7182,.F.);
#7205 = ORIENTED_EDGE('',*,*,#6112,.F.);
#7206 = PLANE('',#7207);
#7207 = AXIS2_PLACEMENT_3D('',#7208,#7209,#7210);
#7208 = CARTESIAN_POINT('',(6.15,-0.35,-3.5));
#7209 = DIRECTION('',(0.,3.330669073875E-16,-1.));
#7210 = DIRECTION('',(1.,0.,0.));
#7211 = ADVANCED_FACE('',(#7212),#7223,.T.);
#7212 = FACE_BOUND('',#7213,.T.);
#7213 = EDGE_LOOP('',(#7214,#7215,#7221,#7222));
#7214 = ORIENTED_EDGE('',*,*,#6120,.F.);
#7215 = ORIENTED_EDGE('',*,*,#7216,.T.);
#7216 = EDGE_CURVE('',#6121,#5971,#7217,.T.);
#7217 = LINE('',#7218,#7219);
#7218 = CARTESIAN_POINT('',(6.15,-0.35,-2.542562962528));
#7219 = VECTOR('',#7220,1.);
#7220 = DIRECTION('',(0.,1.,3.330669073875E-16));
#7221 = ORIENTED_EDGE('',*,*,#5970,.T.);
#7222 = ORIENTED_EDGE('',*,*,#7198,.F.);
#7223 = PLANE('',#7224);
#7224 = AXIS2_PLACEMENT_3D('',#7225,#7226,#7227);
#7225 = CARTESIAN_POINT('',(6.15,-0.35,-2.5));
#7226 = DIRECTION('',(-1.,0.,-0.));
#7227 = DIRECTION('',(0.,5.551115123126E-16,-1.));
#7228 = ADVANCED_FACE('',(#7229),#7240,.T.);
#7229 = FACE_BOUND('',#7230,.T.);
#7230 = EDGE_LOOP('',(#7231,#7232,#7233,#7239));
#7231 = ORIENTED_EDGE('',*,*,#6298,.T.);
#7232 = ORIENTED_EDGE('',*,*,#6012,.T.);
#7233 = ORIENTED_EDGE('',*,*,#7234,.F.);
#7234 = EDGE_CURVE('',#6155,#6005,#7235,.T.);
#7235 = LINE('',#7236,#7237);
#7236 = CARTESIAN_POINT('',(6.162230377286,-0.35,-0.540767924286));
#7237 = VECTOR('',#7238,1.);
#7238 = DIRECTION('',(0.,1.,3.330669073875E-16));
#7239 = ORIENTED_EDGE('',*,*,#6162,.F.);
#7240 = CYLINDRICAL_SURFACE('',#7241,0.29);
#7241 = AXIS2_PLACEMENT_3D('',#7242,#7243,#7244);
#7242 = CARTESIAN_POINT('',(6.44,-0.35,-0.457437037472));
#7243 = DIRECTION('',(0.,1.,3.330669073875E-16));
#7244 = DIRECTION('',(-1.,0.,0.));
#7245 = ADVANCED_FACE('',(#7246),#7257,.T.);
#7246 = FACE_BOUND('',#7247,.T.);
#7247 = EDGE_LOOP('',(#7248,#7254,#7255,#7256));
#7248 = ORIENTED_EDGE('',*,*,#7249,.T.);
#7249 = EDGE_CURVE('',#6129,#5979,#7250,.T.);
#7250 = LINE('',#7251,#7252);
#7251 = CARTESIAN_POINT('',(6.162230377286,-0.35,-2.459232075714));
#7252 = VECTOR('',#7253,1.);
#7253 = DIRECTION('',(0.,1.,3.330669073875E-16));
#7254 = ORIENTED_EDGE('',*,*,#5978,.T.);
#7255 = ORIENTED_EDGE('',*,*,#7216,.F.);
#7256 = ORIENTED_EDGE('',*,*,#6128,.F.);
#7257 = CYLINDRICAL_SURFACE('',#7258,0.29);
#7258 = AXIS2_PLACEMENT_3D('',#7259,#7260,#7261);
#7259 = CARTESIAN_POINT('',(6.44,-0.35,-2.542562962528));
#7260 = DIRECTION('',(0.,1.,3.330669073875E-16));
#7261 = DIRECTION('',(-0.957826285221,-9.570607158983E-17,0.287347885566
    ));
#7262 = ADVANCED_FACE('',(#7263),#7274,.F.);
#7263 = FACE_BOUND('',#7264,.F.);
#7264 = EDGE_LOOP('',(#7265,#7266,#7272,#7273));
#7265 = ORIENTED_EDGE('',*,*,#6154,.F.);
#7266 = ORIENTED_EDGE('',*,*,#7267,.T.);
#7267 = EDGE_CURVE('',#6146,#5996,#7268,.T.);
#7268 = LINE('',#7269,#7270);
#7269 = CARTESIAN_POINT('',(6.425000733956,-0.35,-1.416669113186));
#7270 = VECTOR('',#7271,1.);
#7271 = DIRECTION('',(0.,1.,3.330669073875E-16));
#7272 = ORIENTED_EDGE('',*,*,#6004,.T.);
#7273 = ORIENTED_EDGE('',*,*,#7234,.F.);
#7274 = PLANE('',#7275);
#7275 = AXIS2_PLACEMENT_3D('',#7276,#7277,#7278);
#7276 = CARTESIAN_POINT('',(6.45,-0.35,-1.5));
#7277 = DIRECTION('',(0.957826285221,-9.570607158995E-17,0.287347885566)
  );
#7278 = DIRECTION('',(-0.287347885566,-5.31700397722E-16,0.957826285221)
  );
#7279 = ADVANCED_FACE('',(#7280),#7291,.F.);
#7280 = FACE_BOUND('',#7281,.F.);
#7281 = EDGE_LOOP('',(#7282,#7283,#7284,#7285));
#7282 = ORIENTED_EDGE('',*,*,#6137,.F.);
#7283 = ORIENTED_EDGE('',*,*,#7249,.T.);
#7284 = ORIENTED_EDGE('',*,*,#5987,.T.);
#7285 = ORIENTED_EDGE('',*,*,#7286,.F.);
#7286 = EDGE_CURVE('',#6138,#5988,#7287,.T.);
#7287 = LINE('',#7288,#7289);
#7288 = CARTESIAN_POINT('',(6.425000733956,-0.35,-1.583330886814));
#7289 = VECTOR('',#7290,1.);
#7290 = DIRECTION('',(0.,1.,3.330669073875E-16));
#7291 = PLANE('',#7292);
#7292 = AXIS2_PLACEMENT_3D('',#7293,#7294,#7295);
#7293 = CARTESIAN_POINT('',(6.15,-0.35,-2.5));
#7294 = DIRECTION('',(0.957826285221,9.570607158995E-17,-0.287347885566)
  );
#7295 = DIRECTION('',(0.287347885566,-5.31700397722E-16,0.957826285221)
  );
#7296 = ADVANCED_FACE('',(#7297),#7303,.F.);
#7297 = FACE_BOUND('',#7298,.F.);
#7298 = EDGE_LOOP('',(#7299,#7300,#7301,#7302));
#7299 = ORIENTED_EDGE('',*,*,#6145,.T.);
#7300 = ORIENTED_EDGE('',*,*,#7286,.T.);
#7301 = ORIENTED_EDGE('',*,*,#5995,.F.);
#7302 = ORIENTED_EDGE('',*,*,#7267,.F.);
#7303 = CYLINDRICAL_SURFACE('',#7304,0.29);
#7304 = AXIS2_PLACEMENT_3D('',#7305,#7306,#7307);
#7305 = CARTESIAN_POINT('',(6.147231111242,-0.35,-1.5));
#7306 = DIRECTION('',(0.,1.,3.330669073875E-16));
#7307 = DIRECTION('',(0.957826285221,-9.570607158983E-17,0.287347885566)
  );
#7308 = ( GEOMETRIC_REPRESENTATION_CONTEXT(3) 
GLOBAL_UNCERTAINTY_ASSIGNED_CONTEXT((#7312)) 
GLOBAL_UNIT_ASSIGNED_CONTEXT((#7309,#7310,#7311)) REPRESENTATION_CONTEXT
('Context #1','3D Context with UNIT and UNCERTAINTY') );
#7309 = ( LENGTH_UNIT() NAMED_UNIT(*) SI_UNIT(.MILLI.,.METRE.) );
#7310 = ( NAMED_UNIT(*) PLANE_ANGLE_UNIT() SI_UNIT($,.RADIAN.) );
#7311 = ( NAMED_UNIT(*) SI_UNIT($,.STERADIAN.) SOLID_ANGLE_UNIT() );
#7312 = UNCERTAINTY_MEASURE_WITH_UNIT(LENGTH_MEASURE(1.E-07),#7309,
  'distance_accuracy_value','confusion accuracy');
#7313 = CONTEXT_DEPENDENT_SHAPE_REPRESENTATION(#7314,#7316);
#7314 = ( REPRESENTATION_RELATIONSHIP('','',#4078,#4055) 
REPRESENTATION_RELATIONSHIP_WITH_TRANSFORMATION(#7315) 
SHAPE_REPRESENTATION_RELATIONSHIP() );
#7315 = ITEM_DEFINED_TRANSFORMATION('','',#11,#4056);
#7316 = PRODUCT_DEFINITION_SHAPE('Placement','Placement of an item',
  #7317);
#7317 = NEXT_ASSEMBLY_USAGE_OCCURRENCE('12','=>[0:1:1:11]','',#4050,
  #4073,$);
#7318 = PRODUCT_RELATED_PRODUCT_CATEGORY('part',$,(#4075));
#7319 = CONTEXT_DEPENDENT_SHAPE_REPRESENTATION(#7320,#7322);
#7320 = ( REPRESENTATION_RELATIONSHIP('','',#76,#10) 
REPRESENTATION_RELATIONSHIP_WITH_TRANSFORMATION(#7321) 
SHAPE_REPRESENTATION_RELATIONSHIP() );
#7321 = ITEM_DEFINED_TRANSFORMATION('','',#11,#47);
#7322 = PRODUCT_DEFINITION_SHAPE('Placement','Placement of an item',
  #7323);
#7323 = NEXT_ASSEMBLY_USAGE_OCCURRENCE('14','J2','',#5,#71,$);
#7324 = CONTEXT_DEPENDENT_SHAPE_REPRESENTATION(#7325,#7327);
#7325 = ( REPRESENTATION_RELATIONSHIP('','',#76,#10) 
REPRESENTATION_RELATIONSHIP_WITH_TRANSFORMATION(#7326) 
SHAPE_REPRESENTATION_RELATIONSHIP() );
#7326 = ITEM_DEFINED_TRANSFORMATION('','',#11,#51);
#7327 = PRODUCT_DEFINITION_SHAPE('Placement','Placement of an item',
  #7328);
#7328 = NEXT_ASSEMBLY_USAGE_OCCURRENCE('15','J5','',#5,#71,$);
#7329 = CONTEXT_DEPENDENT_SHAPE_REPRESENTATION(#7330,#7332);
#7330 = ( REPRESENTATION_RELATIONSHIP('','',#76,#10) 
REPRESENTATION_RELATIONSHIP_WITH_TRANSFORMATION(#7331) 
SHAPE_REPRESENTATION_RELATIONSHIP() );
#7331 = ITEM_DEFINED_TRANSFORMATION('','',#11,#55);
#7332 = PRODUCT_DEFINITION_SHAPE('Placement','Placement of an item',
  #7333);
#7333 = NEXT_ASSEMBLY_USAGE_OCCURRENCE('16','J4','',#5,#71,$);
#7334 = SHAPE_DEFINITION_REPRESENTATION(#7335,#7341);
#7335 = PRODUCT_DEFINITION_SHAPE('','',#7336);
#7336 = PRODUCT_DEFINITION('design','',#7337,#7340);
#7337 = PRODUCT_DEFINITION_FORMATION('','',#7338);
#7338 = PRODUCT('imd_latch_F24_PCB','imd_latch_F24_PCB','',(#7339));
#7339 = PRODUCT_CONTEXT('',#2,'mechanical');
#7340 = PRODUCT_DEFINITION_CONTEXT('part definition',#2,'design');
#7341 = ADVANCED_BREP_SHAPE_REPRESENTATION('',(#11,#7342),#9208);
#7342 = MANIFOLD_SOLID_BREP('',#7343);
#7343 = CLOSED_SHELL('',(#7344,#7384,#7415,#7446,#7947,#8448,#8460,#8477
    ,#8494,#8511,#8528,#8545,#8562,#8579,#8596,#8613,#8630,#8647,#8664,
    #8681,#8698,#8715,#8732,#8749,#8766,#8783,#8800,#8817,#8834,#8851,
    #8868,#8885,#8902,#8919,#8936,#8953,#8970,#8987,#9004,#9021,#9038,
    #9055,#9072,#9089,#9106,#9123,#9140,#9157,#9174,#9191));
#7344 = ADVANCED_FACE('',(#7345),#7379,.T.);
#7345 = FACE_BOUND('',#7346,.T.);
#7346 = EDGE_LOOP('',(#7347,#7357,#7365,#7373));
#7347 = ORIENTED_EDGE('',*,*,#7348,.T.);
#7348 = EDGE_CURVE('',#7349,#7351,#7353,.T.);
#7349 = VERTEX_POINT('',#7350);
#7350 = CARTESIAN_POINT('',(167.894,-127.512,0.));
#7351 = VERTEX_POINT('',#7352);
#7352 = CARTESIAN_POINT('',(167.894,-127.512,1.6));
#7353 = LINE('',#7354,#7355);
#7354 = CARTESIAN_POINT('',(167.894,-127.512,0.));
#7355 = VECTOR('',#7356,1.);
#7356 = DIRECTION('',(0.,0.,1.));
#7357 = ORIENTED_EDGE('',*,*,#7358,.T.);
#7358 = EDGE_CURVE('',#7351,#7359,#7361,.T.);
#7359 = VERTEX_POINT('',#7360);
#7360 = CARTESIAN_POINT('',(91.574,-127.512,1.6));
#7361 = LINE('',#7362,#7363);
#7362 = CARTESIAN_POINT('',(167.894,-127.512,1.6));
#7363 = VECTOR('',#7364,1.);
#7364 = DIRECTION('',(-1.,0.,0.));
#7365 = ORIENTED_EDGE('',*,*,#7366,.F.);
#7366 = EDGE_CURVE('',#7367,#7359,#7369,.T.);
#7367 = VERTEX_POINT('',#7368);
#7368 = CARTESIAN_POINT('',(91.574,-127.512,0.));
#7369 = LINE('',#7370,#7371);
#7370 = CARTESIAN_POINT('',(91.574,-127.512,0.));
#7371 = VECTOR('',#7372,1.);
#7372 = DIRECTION('',(0.,0.,1.));
#7373 = ORIENTED_EDGE('',*,*,#7374,.F.);
#7374 = EDGE_CURVE('',#7349,#7367,#7375,.T.);
#7375 = LINE('',#7376,#7377);
#7376 = CARTESIAN_POINT('',(167.894,-127.512,0.));
#7377 = VECTOR('',#7378,1.);
#7378 = DIRECTION('',(-1.,0.,0.));
#7379 = PLANE('',#7380);
#7380 = AXIS2_PLACEMENT_3D('',#7381,#7382,#7383);
#7381 = CARTESIAN_POINT('',(167.894,-127.512,0.));
#7382 = DIRECTION('',(0.,-1.,0.));
#7383 = DIRECTION('',(-1.,0.,0.));
#7384 = ADVANCED_FACE('',(#7385),#7410,.T.);
#7385 = FACE_BOUND('',#7386,.T.);
#7386 = EDGE_LOOP('',(#7387,#7397,#7403,#7404));
#7387 = ORIENTED_EDGE('',*,*,#7388,.T.);
#7388 = EDGE_CURVE('',#7389,#7391,#7393,.T.);
#7389 = VERTEX_POINT('',#7390);
#7390 = CARTESIAN_POINT('',(167.894,-78.232,0.));
#7391 = VERTEX_POINT('',#7392);
#7392 = CARTESIAN_POINT('',(167.894,-78.232,1.6));
#7393 = LINE('',#7394,#7395);
#7394 = CARTESIAN_POINT('',(167.894,-78.232,0.));
#7395 = VECTOR('',#7396,1.);
#7396 = DIRECTION('',(0.,0.,1.));
#7397 = ORIENTED_EDGE('',*,*,#7398,.T.);
#7398 = EDGE_CURVE('',#7391,#7351,#7399,.T.);
#7399 = LINE('',#7400,#7401);
#7400 = CARTESIAN_POINT('',(167.894,-78.232,1.6));
#7401 = VECTOR('',#7402,1.);
#7402 = DIRECTION('',(0.,-1.,0.));
#7403 = ORIENTED_EDGE('',*,*,#7348,.F.);
#7404 = ORIENTED_EDGE('',*,*,#7405,.F.);
#7405 = EDGE_CURVE('',#7389,#7349,#7406,.T.);
#7406 = LINE('',#7407,#7408);
#7407 = CARTESIAN_POINT('',(167.894,-78.232,0.));
#7408 = VECTOR('',#7409,1.);
#7409 = DIRECTION('',(0.,-1.,0.));
#7410 = PLANE('',#7411);
#7411 = AXIS2_PLACEMENT_3D('',#7412,#7413,#7414);
#7412 = CARTESIAN_POINT('',(167.894,-78.232,0.));
#7413 = DIRECTION('',(1.,0.,-0.));
#7414 = DIRECTION('',(0.,-1.,0.));
#7415 = ADVANCED_FACE('',(#7416),#7441,.T.);
#7416 = FACE_BOUND('',#7417,.T.);
#7417 = EDGE_LOOP('',(#7418,#7419,#7427,#7435));
#7418 = ORIENTED_EDGE('',*,*,#7366,.T.);
#7419 = ORIENTED_EDGE('',*,*,#7420,.T.);
#7420 = EDGE_CURVE('',#7359,#7421,#7423,.T.);
#7421 = VERTEX_POINT('',#7422);
#7422 = CARTESIAN_POINT('',(91.574,-78.232,1.6));
#7423 = LINE('',#7424,#7425);
#7424 = CARTESIAN_POINT('',(91.574,-127.512,1.6));
#7425 = VECTOR('',#7426,1.);
#7426 = DIRECTION('',(0.,1.,0.));
#7427 = ORIENTED_EDGE('',*,*,#7428,.F.);
#7428 = EDGE_CURVE('',#7429,#7421,#7431,.T.);
#7429 = VERTEX_POINT('',#7430);
#7430 = CARTESIAN_POINT('',(91.574,-78.232,0.));
#7431 = LINE('',#7432,#7433);
#7432 = CARTESIAN_POINT('',(91.574,-78.232,0.));
#7433 = VECTOR('',#7434,1.);
#7434 = DIRECTION('',(0.,0.,1.));
#7435 = ORIENTED_EDGE('',*,*,#7436,.F.);
#7436 = EDGE_CURVE('',#7367,#7429,#7437,.T.);
#7437 = LINE('',#7438,#7439);
#7438 = CARTESIAN_POINT('',(91.574,-127.512,0.));
#7439 = VECTOR('',#7440,1.);
#7440 = DIRECTION('',(0.,1.,0.));
#7441 = PLANE('',#7442);
#7442 = AXIS2_PLACEMENT_3D('',#7443,#7444,#7445);
#7443 = CARTESIAN_POINT('',(91.574,-127.512,0.));
#7444 = DIRECTION('',(-1.,0.,0.));
#7445 = DIRECTION('',(0.,1.,0.));
#7446 = ADVANCED_FACE('',(#7447,#7458,#7469,#7480,#7491,#7502,#7513,
    #7524,#7535,#7546,#7557,#7568,#7579,#7590,#7601,#7612,#7623,#7634,
    #7645,#7656,#7667,#7678,#7689,#7700,#7711,#7722,#7733,#7744,#7755,
    #7766,#7777,#7788,#7799,#7810,#7821,#7832,#7843,#7854,#7865,#7876,
    #7887,#7898,#7909,#7920,#7931),#7942,.F.);
#7447 = FACE_BOUND('',#7448,.F.);
#7448 = EDGE_LOOP('',(#7449,#7450,#7451,#7457));
#7449 = ORIENTED_EDGE('',*,*,#7374,.F.);
#7450 = ORIENTED_EDGE('',*,*,#7405,.F.);
#7451 = ORIENTED_EDGE('',*,*,#7452,.F.);
#7452 = EDGE_CURVE('',#7429,#7389,#7453,.T.);
#7453 = LINE('',#7454,#7455);
#7454 = CARTESIAN_POINT('',(91.574,-78.232,0.));
#7455 = VECTOR('',#7456,1.);
#7456 = DIRECTION('',(1.,0.,0.));
#7457 = ORIENTED_EDGE('',*,*,#7436,.F.);
#7458 = FACE_BOUND('',#7459,.F.);
#7459 = EDGE_LOOP('',(#7460));
#7460 = ORIENTED_EDGE('',*,*,#7461,.T.);
#7461 = EDGE_CURVE('',#7462,#7462,#7464,.T.);
#7462 = VERTEX_POINT('',#7463);
#7463 = CARTESIAN_POINT('',(98.552,-122.038,0.));
#7464 = CIRCLE('',#7465,2.15);
#7465 = AXIS2_PLACEMENT_3D('',#7466,#7467,#7468);
#7466 = CARTESIAN_POINT('',(98.552,-119.888,0.));
#7467 = DIRECTION('',(-0.,0.,-1.));
#7468 = DIRECTION('',(6.609699867536E-15,-1.,-0.));
#7469 = FACE_BOUND('',#7470,.F.);
#7470 = EDGE_LOOP('',(#7471));
#7471 = ORIENTED_EDGE('',*,*,#7472,.T.);
#7472 = EDGE_CURVE('',#7473,#7473,#7475,.T.);
#7473 = VERTEX_POINT('',#7474);
#7474 = CARTESIAN_POINT('',(109.05025,-119.982,0.));
#7475 = CIRCLE('',#7476,0.7);
#7476 = AXIS2_PLACEMENT_3D('',#7477,#7478,#7479);
#7477 = CARTESIAN_POINT('',(109.05025,-119.282,0.));
#7478 = DIRECTION('',(-0.,0.,-1.));
#7479 = DIRECTION('',(-0.,-1.,0.));
#7480 = FACE_BOUND('',#7481,.F.);
#7481 = EDGE_LOOP('',(#7482));
#7482 = ORIENTED_EDGE('',*,*,#7483,.T.);
#7483 = EDGE_CURVE('',#7484,#7484,#7486,.T.);
#7484 = VERTEX_POINT('',#7485);
#7485 = CARTESIAN_POINT('',(109.05025,-114.482,0.));
#7486 = CIRCLE('',#7487,0.7);
#7487 = AXIS2_PLACEMENT_3D('',#7488,#7489,#7490);
#7488 = CARTESIAN_POINT('',(109.05025,-113.782,0.));
#7489 = DIRECTION('',(-0.,0.,-1.));
#7490 = DIRECTION('',(-0.,-1.,0.));
#7491 = FACE_BOUND('',#7492,.F.);
#7492 = EDGE_LOOP('',(#7493));
#7493 = ORIENTED_EDGE('',*,*,#7494,.T.);
#7494 = EDGE_CURVE('',#7495,#7495,#7497,.T.);
#7495 = VERTEX_POINT('',#7496);
#7496 = CARTESIAN_POINT('',(117.96,-118.1525,0.));
#7497 = CIRCLE('',#7498,0.55);
#7498 = AXIS2_PLACEMENT_3D('',#7499,#7500,#7501);
#7499 = CARTESIAN_POINT('',(117.96,-117.6025,0.));
#7500 = DIRECTION('',(-0.,0.,-1.));
#7501 = DIRECTION('',(-2.5837917664E-14,-1.,0.));
#7502 = FACE_BOUND('',#7503,.F.);
#7503 = EDGE_LOOP('',(#7504));
#7504 = ORIENTED_EDGE('',*,*,#7505,.T.);
#7505 = EDGE_CURVE('',#7506,#7506,#7508,.T.);
#7506 = VERTEX_POINT('',#7507);
#7507 = CARTESIAN_POINT('',(117.96,-113.6525,0.));
#7508 = CIRCLE('',#7509,0.55);
#7509 = AXIS2_PLACEMENT_3D('',#7510,#7511,#7512);
#7510 = CARTESIAN_POINT('',(117.96,-113.1025,0.));
#7511 = DIRECTION('',(-0.,0.,-1.));
#7512 = DIRECTION('',(-2.5837917664E-14,-1.,0.));
#7513 = FACE_BOUND('',#7514,.F.);
#7514 = EDGE_LOOP('',(#7515));
#7515 = ORIENTED_EDGE('',*,*,#7516,.T.);
#7516 = EDGE_CURVE('',#7517,#7517,#7519,.T.);
#7517 = VERTEX_POINT('',#7518);
#7518 = CARTESIAN_POINT('',(124.46,-118.1525,0.));
#7519 = CIRCLE('',#7520,0.55);
#7520 = AXIS2_PLACEMENT_3D('',#7521,#7522,#7523);
#7521 = CARTESIAN_POINT('',(124.46,-117.6025,0.));
#7522 = DIRECTION('',(-0.,0.,-1.));
#7523 = DIRECTION('',(-2.5837917664E-14,-1.,0.));
#7524 = FACE_BOUND('',#7525,.F.);
#7525 = EDGE_LOOP('',(#7526));
#7526 = ORIENTED_EDGE('',*,*,#7527,.T.);
#7527 = EDGE_CURVE('',#7528,#7528,#7530,.T.);
#7528 = VERTEX_POINT('',#7529);
#7529 = CARTESIAN_POINT('',(124.46,-113.6525,0.));
#7530 = CIRCLE('',#7531,0.55);
#7531 = AXIS2_PLACEMENT_3D('',#7532,#7533,#7534);
#7532 = CARTESIAN_POINT('',(124.46,-113.1025,0.));
#7533 = DIRECTION('',(-0.,0.,-1.));
#7534 = DIRECTION('',(-2.5837917664E-14,-1.,0.));
#7535 = FACE_BOUND('',#7536,.F.);
#7536 = EDGE_LOOP('',(#7537));
#7537 = ORIENTED_EDGE('',*,*,#7538,.T.);
#7538 = EDGE_CURVE('',#7539,#7539,#7541,.T.);
#7539 = VERTEX_POINT('',#7540);
#7540 = CARTESIAN_POINT('',(109.22,-105.26,0.));
#7541 = CIRCLE('',#7542,0.7);
#7542 = AXIS2_PLACEMENT_3D('',#7543,#7544,#7545);
#7543 = CARTESIAN_POINT('',(109.22,-104.56,0.));
#7544 = DIRECTION('',(-0.,0.,-1.));
#7545 = DIRECTION('',(-0.,-1.,0.));
#7546 = FACE_BOUND('',#7547,.F.);
#7547 = EDGE_LOOP('',(#7548));
#7548 = ORIENTED_EDGE('',*,*,#7549,.T.);
#7549 = EDGE_CURVE('',#7550,#7550,#7552,.T.);
#7550 = VERTEX_POINT('',#7551);
#7551 = CARTESIAN_POINT('',(119.7229,-105.9905,0.));
#7552 = CIRCLE('',#7553,0.508);
#7553 = AXIS2_PLACEMENT_3D('',#7554,#7555,#7556);
#7554 = CARTESIAN_POINT('',(119.7229,-105.4825,0.));
#7555 = DIRECTION('',(-0.,0.,-1.));
#7556 = DIRECTION('',(-2.797412345512E-14,-1.,0.));
#7557 = FACE_BOUND('',#7558,.F.);
#7558 = EDGE_LOOP('',(#7559));
#7559 = ORIENTED_EDGE('',*,*,#7560,.T.);
#7560 = EDGE_CURVE('',#7561,#7561,#7563,.T.);
#7561 = VERTEX_POINT('',#7562);
#7562 = CARTESIAN_POINT('',(119.7229,-103.4505,0.));
#7563 = CIRCLE('',#7564,0.508);
#7564 = AXIS2_PLACEMENT_3D('',#7565,#7566,#7567);
#7565 = CARTESIAN_POINT('',(119.7229,-102.9425,0.));
#7566 = DIRECTION('',(-0.,0.,-1.));
#7567 = DIRECTION('',(-2.797412345512E-14,-1.,0.));
#7568 = FACE_BOUND('',#7569,.F.);
#7569 = EDGE_LOOP('',(#7570));
#7570 = ORIENTED_EDGE('',*,*,#7571,.T.);
#7571 = EDGE_CURVE('',#7572,#7572,#7574,.T.);
#7572 = VERTEX_POINT('',#7573);
#7573 = CARTESIAN_POINT('',(124.8029,-105.9905,0.));
#7574 = CIRCLE('',#7575,0.508);
#7575 = AXIS2_PLACEMENT_3D('',#7576,#7577,#7578);
#7576 = CARTESIAN_POINT('',(124.8029,-105.4825,0.));
#7577 = DIRECTION('',(-0.,0.,-1.));
#7578 = DIRECTION('',(-0.,-1.,0.));
#7579 = FACE_BOUND('',#7580,.F.);
#7580 = EDGE_LOOP('',(#7581));
#7581 = ORIENTED_EDGE('',*,*,#7582,.T.);
#7582 = EDGE_CURVE('',#7583,#7583,#7585,.T.);
#7583 = VERTEX_POINT('',#7584);
#7584 = CARTESIAN_POINT('',(124.8029,-103.4505,0.));
#7585 = CIRCLE('',#7586,0.508);
#7586 = AXIS2_PLACEMENT_3D('',#7587,#7588,#7589);
#7587 = CARTESIAN_POINT('',(124.8029,-102.9425,0.));
#7588 = DIRECTION('',(-0.,0.,-1.));
#7589 = DIRECTION('',(-0.,-1.,0.));
#7590 = FACE_BOUND('',#7591,.F.);
#7591 = EDGE_LOOP('',(#7592));
#7592 = ORIENTED_EDGE('',*,*,#7593,.T.);
#7593 = EDGE_CURVE('',#7594,#7594,#7596,.T.);
#7594 = VERTEX_POINT('',#7595);
#7595 = CARTESIAN_POINT('',(145.874114,-123.187868,0.));
#7596 = CIRCLE('',#7597,0.4);
#7597 = AXIS2_PLACEMENT_3D('',#7598,#7599,#7600);
#7598 = CARTESIAN_POINT('',(145.874114,-122.787868,0.));
#7599 = DIRECTION('',(-0.,0.,-1.));
#7600 = DIRECTION('',(-0.,-1.,0.));
#7601 = FACE_BOUND('',#7602,.F.);
#7602 = EDGE_LOOP('',(#7603));
#7603 = ORIENTED_EDGE('',*,*,#7604,.T.);
#7604 = EDGE_CURVE('',#7605,#7605,#7607,.T.);
#7605 = VERTEX_POINT('',#7606);
#7606 = CARTESIAN_POINT('',(132.08,-113.6525,0.));
#7607 = CIRCLE('',#7608,0.55);
#7608 = AXIS2_PLACEMENT_3D('',#7609,#7610,#7611);
#7609 = CARTESIAN_POINT('',(132.08,-113.1025,0.));
#7610 = DIRECTION('',(-0.,0.,-1.));
#7611 = DIRECTION('',(5.1675835328E-14,-1.,-0.));
#7612 = FACE_BOUND('',#7613,.F.);
#7613 = EDGE_LOOP('',(#7614));
#7614 = ORIENTED_EDGE('',*,*,#7615,.T.);
#7615 = EDGE_CURVE('',#7616,#7616,#7618,.T.);
#7616 = VERTEX_POINT('',#7617);
#7617 = CARTESIAN_POINT('',(142.24,-113.6525,0.));
#7618 = CIRCLE('',#7619,0.55);
#7619 = AXIS2_PLACEMENT_3D('',#7620,#7621,#7622);
#7620 = CARTESIAN_POINT('',(142.24,-113.1025,0.));
#7621 = DIRECTION('',(-0.,0.,-1.));
#7622 = DIRECTION('',(-0.,-1.,0.));
#7623 = FACE_BOUND('',#7624,.F.);
#7624 = EDGE_LOOP('',(#7625));
#7625 = ORIENTED_EDGE('',*,*,#7626,.T.);
#7626 = EDGE_CURVE('',#7627,#7627,#7629,.T.);
#7627 = VERTEX_POINT('',#7628);
#7628 = CARTESIAN_POINT('',(153.494114,-123.187868,0.));
#7629 = CIRCLE('',#7630,0.4);
#7630 = AXIS2_PLACEMENT_3D('',#7631,#7632,#7633);
#7631 = CARTESIAN_POINT('',(153.494114,-122.787868,0.));
#7632 = DIRECTION('',(-0.,0.,-1.));
#7633 = DIRECTION('',(-0.,-1.,0.));
#7634 = FACE_BOUND('',#7635,.F.);
#7635 = EDGE_LOOP('',(#7636));
#7636 = ORIENTED_EDGE('',*,*,#7637,.T.);
#7637 = EDGE_CURVE('',#7638,#7638,#7640,.T.);
#7638 = VERTEX_POINT('',#7639);
#7639 = CARTESIAN_POINT('',(160.782,-122.038,0.));
#7640 = CIRCLE('',#7641,2.15);
#7641 = AXIS2_PLACEMENT_3D('',#7642,#7643,#7644);
#7642 = CARTESIAN_POINT('',(160.782,-119.888,0.));
#7643 = DIRECTION('',(-0.,0.,-1.));
#7644 = DIRECTION('',(1.321939973507E-14,-1.,-0.));
#7645 = FACE_BOUND('',#7646,.F.);
#7646 = EDGE_LOOP('',(#7647));
#7647 = ORIENTED_EDGE('',*,*,#7648,.T.);
#7648 = EDGE_CURVE('',#7649,#7649,#7651,.T.);
#7649 = VERTEX_POINT('',#7650);
#7650 = CARTESIAN_POINT('',(149.103,-115.004,0.));
#7651 = CIRCLE('',#7652,0.45);
#7652 = AXIS2_PLACEMENT_3D('',#7653,#7654,#7655);
#7653 = CARTESIAN_POINT('',(149.103,-114.554,0.));
#7654 = DIRECTION('',(-0.,0.,-1.));
#7655 = DIRECTION('',(-0.,-1.,0.));
#7656 = FACE_BOUND('',#7657,.F.);
#7657 = EDGE_LOOP('',(#7658));
#7658 = ORIENTED_EDGE('',*,*,#7659,.T.);
#7659 = EDGE_CURVE('',#7660,#7660,#7662,.T.);
#7660 = VERTEX_POINT('',#7661);
#7661 = CARTESIAN_POINT('',(151.643,-115.004,0.));
#7662 = CIRCLE('',#7663,0.45);
#7663 = AXIS2_PLACEMENT_3D('',#7664,#7665,#7666);
#7664 = CARTESIAN_POINT('',(151.643,-114.554,0.));
#7665 = DIRECTION('',(-0.,0.,-1.));
#7666 = DIRECTION('',(-0.,-1.,0.));
#7667 = FACE_BOUND('',#7668,.F.);
#7668 = EDGE_LOOP('',(#7669));
#7669 = ORIENTED_EDGE('',*,*,#7670,.T.);
#7670 = EDGE_CURVE('',#7671,#7671,#7673,.T.);
#7671 = VERTEX_POINT('',#7672);
#7672 = CARTESIAN_POINT('',(134.62,-108.4225,0.));
#7673 = CIRCLE('',#7674,0.4);
#7674 = AXIS2_PLACEMENT_3D('',#7675,#7676,#7677);
#7675 = CARTESIAN_POINT('',(134.62,-108.0225,0.));
#7676 = DIRECTION('',(-0.,0.,-1.));
#7677 = DIRECTION('',(-0.,-1.,0.));
#7678 = FACE_BOUND('',#7679,.F.);
#7679 = EDGE_LOOP('',(#7680));
#7680 = ORIENTED_EDGE('',*,*,#7681,.T.);
#7681 = EDGE_CURVE('',#7682,#7682,#7684,.T.);
#7682 = VERTEX_POINT('',#7683);
#7683 = CARTESIAN_POINT('',(139.7,-108.4225,0.));
#7684 = CIRCLE('',#7685,0.4);
#7685 = AXIS2_PLACEMENT_3D('',#7686,#7687,#7688);
#7686 = CARTESIAN_POINT('',(139.7,-108.0225,0.));
#7687 = DIRECTION('',(-0.,0.,-1.));
#7688 = DIRECTION('',(-0.,-1.,0.));
#7689 = FACE_BOUND('',#7690,.F.);
#7690 = EDGE_LOOP('',(#7691));
#7691 = ORIENTED_EDGE('',*,*,#7692,.T.);
#7692 = EDGE_CURVE('',#7693,#7693,#7695,.T.);
#7693 = VERTEX_POINT('',#7694);
#7694 = CARTESIAN_POINT('',(134.62,-105.8825,0.));
#7695 = CIRCLE('',#7696,0.4);
#7696 = AXIS2_PLACEMENT_3D('',#7697,#7698,#7699);
#7697 = CARTESIAN_POINT('',(134.62,-105.4825,0.));
#7698 = DIRECTION('',(-0.,0.,-1.));
#7699 = DIRECTION('',(-0.,-1.,0.));
#7700 = FACE_BOUND('',#7701,.F.);
#7701 = EDGE_LOOP('',(#7702));
#7702 = ORIENTED_EDGE('',*,*,#7703,.T.);
#7703 = EDGE_CURVE('',#7704,#7704,#7706,.T.);
#7704 = VERTEX_POINT('',#7705);
#7705 = CARTESIAN_POINT('',(134.62,-103.3425,0.));
#7706 = CIRCLE('',#7707,0.4);
#7707 = AXIS2_PLACEMENT_3D('',#7708,#7709,#7710);
#7708 = CARTESIAN_POINT('',(134.62,-102.9425,0.));
#7709 = DIRECTION('',(-0.,0.,-1.));
#7710 = DIRECTION('',(-0.,-1.,0.));
#7711 = FACE_BOUND('',#7712,.F.);
#7712 = EDGE_LOOP('',(#7713));
#7713 = ORIENTED_EDGE('',*,*,#7714,.T.);
#7714 = EDGE_CURVE('',#7715,#7715,#7717,.T.);
#7715 = VERTEX_POINT('',#7716);
#7716 = CARTESIAN_POINT('',(139.7,-105.8825,0.));
#7717 = CIRCLE('',#7718,0.4);
#7718 = AXIS2_PLACEMENT_3D('',#7719,#7720,#7721);
#7719 = CARTESIAN_POINT('',(139.7,-105.4825,0.));
#7720 = DIRECTION('',(-0.,0.,-1.));
#7721 = DIRECTION('',(-0.,-1.,0.));
#7722 = FACE_BOUND('',#7723,.F.);
#7723 = EDGE_LOOP('',(#7724));
#7724 = ORIENTED_EDGE('',*,*,#7725,.T.);
#7725 = EDGE_CURVE('',#7726,#7726,#7728,.T.);
#7726 = VERTEX_POINT('',#7727);
#7727 = CARTESIAN_POINT('',(139.7,-103.3425,0.));
#7728 = CIRCLE('',#7729,0.4);
#7729 = AXIS2_PLACEMENT_3D('',#7730,#7731,#7732);
#7730 = CARTESIAN_POINT('',(139.7,-102.9425,0.));
#7731 = DIRECTION('',(-0.,0.,-1.));
#7732 = DIRECTION('',(-0.,-1.,0.));
#7733 = FACE_BOUND('',#7734,.F.);
#7734 = EDGE_LOOP('',(#7735));
#7735 = ORIENTED_EDGE('',*,*,#7736,.T.);
#7736 = EDGE_CURVE('',#7737,#7737,#7739,.T.);
#7737 = VERTEX_POINT('',#7738);
#7738 = CARTESIAN_POINT('',(149.879431,-105.18046,0.));
#7739 = CIRCLE('',#7740,0.7);
#7740 = AXIS2_PLACEMENT_3D('',#7741,#7742,#7743);
#7741 = CARTESIAN_POINT('',(149.879431,-104.48046,0.));
#7742 = DIRECTION('',(-0.,0.,-1.));
#7743 = DIRECTION('',(-0.,-1.,0.));
#7744 = FACE_BOUND('',#7745,.F.);
#7745 = EDGE_LOOP('',(#7746));
#7746 = ORIENTED_EDGE('',*,*,#7747,.T.);
#7747 = EDGE_CURVE('',#7748,#7748,#7750,.T.);
#7748 = VERTEX_POINT('',#7749);
#7749 = CARTESIAN_POINT('',(109.22,-99.76,0.));
#7750 = CIRCLE('',#7751,0.7);
#7751 = AXIS2_PLACEMENT_3D('',#7752,#7753,#7754);
#7752 = CARTESIAN_POINT('',(109.22,-99.06,0.));
#7753 = DIRECTION('',(-0.,0.,-1.));
#7754 = DIRECTION('',(-0.,-1.,0.));
#7755 = FACE_BOUND('',#7756,.F.);
#7756 = EDGE_LOOP('',(#7757));
#7757 = ORIENTED_EDGE('',*,*,#7758,.T.);
#7758 = EDGE_CURVE('',#7759,#7759,#7761,.T.);
#7759 = VERTEX_POINT('',#7760);
#7760 = CARTESIAN_POINT('',(119.7229,-95.8305,0.));
#7761 = CIRCLE('',#7762,0.508);
#7762 = AXIS2_PLACEMENT_3D('',#7763,#7764,#7765);
#7763 = CARTESIAN_POINT('',(119.7229,-95.3225,0.));
#7764 = DIRECTION('',(-0.,0.,-1.));
#7765 = DIRECTION('',(-2.797412345512E-14,-1.,0.));
#7766 = FACE_BOUND('',#7767,.F.);
#7767 = EDGE_LOOP('',(#7768));
#7768 = ORIENTED_EDGE('',*,*,#7769,.T.);
#7769 = EDGE_CURVE('',#7770,#7770,#7772,.T.);
#7770 = VERTEX_POINT('',#7771);
#7771 = CARTESIAN_POINT('',(124.8029,-95.8305,0.));
#7772 = CIRCLE('',#7773,0.508);
#7773 = AXIS2_PLACEMENT_3D('',#7774,#7775,#7776);
#7774 = CARTESIAN_POINT('',(124.8029,-95.3225,0.));
#7775 = DIRECTION('',(-0.,0.,-1.));
#7776 = DIRECTION('',(-0.,-1.,0.));
#7777 = FACE_BOUND('',#7778,.F.);
#7778 = EDGE_LOOP('',(#7779));
#7779 = ORIENTED_EDGE('',*,*,#7780,.T.);
#7780 = EDGE_CURVE('',#7781,#7781,#7783,.T.);
#7781 = VERTEX_POINT('',#7782);
#7782 = CARTESIAN_POINT('',(109.22,-90.02,0.));
#7783 = CIRCLE('',#7784,0.7);
#7784 = AXIS2_PLACEMENT_3D('',#7785,#7786,#7787);
#7785 = CARTESIAN_POINT('',(109.22,-89.32,0.));
#7786 = DIRECTION('',(-0.,0.,-1.));
#7787 = DIRECTION('',(-0.,-1.,0.));
#7788 = FACE_BOUND('',#7789,.F.);
#7789 = EDGE_LOOP('',(#7790));
#7790 = ORIENTED_EDGE('',*,*,#7791,.T.);
#7791 = EDGE_CURVE('',#7792,#7792,#7794,.T.);
#7792 = VERTEX_POINT('',#7793);
#7793 = CARTESIAN_POINT('',(98.552,-86.986,0.));
#7794 = CIRCLE('',#7795,2.15);
#7795 = AXIS2_PLACEMENT_3D('',#7796,#7797,#7798);
#7796 = CARTESIAN_POINT('',(98.552,-84.836,0.));
#7797 = DIRECTION('',(-0.,0.,-1.));
#7798 = DIRECTION('',(6.609699867536E-15,-1.,-0.));
#7799 = FACE_BOUND('',#7800,.F.);
#7800 = EDGE_LOOP('',(#7801));
#7801 = ORIENTED_EDGE('',*,*,#7802,.T.);
#7802 = EDGE_CURVE('',#7803,#7803,#7805,.T.);
#7803 = VERTEX_POINT('',#7804);
#7804 = CARTESIAN_POINT('',(109.22,-84.52,0.));
#7805 = CIRCLE('',#7806,0.7);
#7806 = AXIS2_PLACEMENT_3D('',#7807,#7808,#7809);
#7807 = CARTESIAN_POINT('',(109.22,-83.82,0.));
#7808 = DIRECTION('',(-0.,0.,-1.));
#7809 = DIRECTION('',(-0.,-1.,0.));
#7810 = FACE_BOUND('',#7811,.F.);
#7811 = EDGE_LOOP('',(#7812));
#7812 = ORIENTED_EDGE('',*,*,#7813,.T.);
#7813 = EDGE_CURVE('',#7814,#7814,#7816,.T.);
#7814 = VERTEX_POINT('',#7815);
#7815 = CARTESIAN_POINT('',(116.84,-88.2525,0.));
#7816 = CIRCLE('',#7817,0.55);
#7817 = AXIS2_PLACEMENT_3D('',#7818,#7819,#7820);
#7818 = CARTESIAN_POINT('',(116.84,-87.7025,0.));
#7819 = DIRECTION('',(-0.,0.,-1.));
#7820 = DIRECTION('',(-0.,-1.,0.));
#7821 = FACE_BOUND('',#7822,.F.);
#7822 = EDGE_LOOP('',(#7823));
#7823 = ORIENTED_EDGE('',*,*,#7824,.T.);
#7824 = EDGE_CURVE('',#7825,#7825,#7827,.T.);
#7825 = VERTEX_POINT('',#7826);
#7826 = CARTESIAN_POINT('',(127.,-88.2525,0.));
#7827 = CIRCLE('',#7828,0.55);
#7828 = AXIS2_PLACEMENT_3D('',#7829,#7830,#7831);
#7829 = CARTESIAN_POINT('',(127.,-87.7025,0.));
#7830 = DIRECTION('',(-0.,0.,-1.));
#7831 = DIRECTION('',(-0.,-1.,0.));
#7832 = FACE_BOUND('',#7833,.F.);
#7833 = EDGE_LOOP('',(#7834));
#7834 = ORIENTED_EDGE('',*,*,#7835,.T.);
#7835 = EDGE_CURVE('',#7836,#7836,#7838,.T.);
#7836 = VERTEX_POINT('',#7837);
#7837 = CARTESIAN_POINT('',(134.62,-100.8025,0.));
#7838 = CIRCLE('',#7839,0.4);
#7839 = AXIS2_PLACEMENT_3D('',#7840,#7841,#7842);
#7840 = CARTESIAN_POINT('',(134.62,-100.4025,0.));
#7841 = DIRECTION('',(-0.,0.,-1.));
#7842 = DIRECTION('',(-0.,-1.,0.));
#7843 = FACE_BOUND('',#7844,.F.);
#7844 = EDGE_LOOP('',(#7845));
#7845 = ORIENTED_EDGE('',*,*,#7846,.T.);
#7846 = EDGE_CURVE('',#7847,#7847,#7849,.T.);
#7847 = VERTEX_POINT('',#7848);
#7848 = CARTESIAN_POINT('',(139.7,-100.8025,0.));
#7849 = CIRCLE('',#7850,0.4);
#7850 = AXIS2_PLACEMENT_3D('',#7851,#7852,#7853);
#7851 = CARTESIAN_POINT('',(139.7,-100.4025,0.));
#7852 = DIRECTION('',(-0.,0.,-1.));
#7853 = DIRECTION('',(-0.,-1.,0.));
#7854 = FACE_BOUND('',#7855,.F.);
#7855 = EDGE_LOOP('',(#7856));
#7856 = ORIENTED_EDGE('',*,*,#7857,.T.);
#7857 = EDGE_CURVE('',#7858,#7858,#7860,.T.);
#7858 = VERTEX_POINT('',#7859);
#7859 = CARTESIAN_POINT('',(134.62,-95.7225,0.));
#7860 = CIRCLE('',#7861,0.4);
#7861 = AXIS2_PLACEMENT_3D('',#7862,#7863,#7864);
#7862 = CARTESIAN_POINT('',(134.62,-95.3225,0.));
#7863 = DIRECTION('',(-0.,0.,-1.));
#7864 = DIRECTION('',(-0.,-1.,0.));
#7865 = FACE_BOUND('',#7866,.F.);
#7866 = EDGE_LOOP('',(#7867));
#7867 = ORIENTED_EDGE('',*,*,#7868,.T.);
#7868 = EDGE_CURVE('',#7869,#7869,#7871,.T.);
#7869 = VERTEX_POINT('',#7870);
#7870 = CARTESIAN_POINT('',(139.7,-95.7225,0.));
#7871 = CIRCLE('',#7872,0.4);
#7872 = AXIS2_PLACEMENT_3D('',#7873,#7874,#7875);
#7873 = CARTESIAN_POINT('',(139.7,-95.3225,0.));
#7874 = DIRECTION('',(-0.,0.,-1.));
#7875 = DIRECTION('',(-0.,-1.,0.));
#7876 = FACE_BOUND('',#7877,.F.);
#7877 = EDGE_LOOP('',(#7878));
#7878 = ORIENTED_EDGE('',*,*,#7879,.T.);
#7879 = EDGE_CURVE('',#7880,#7880,#7882,.T.);
#7880 = VERTEX_POINT('',#7881);
#7881 = CARTESIAN_POINT('',(149.879431,-99.68046,0.));
#7882 = CIRCLE('',#7883,0.7);
#7883 = AXIS2_PLACEMENT_3D('',#7884,#7885,#7886);
#7884 = CARTESIAN_POINT('',(149.879431,-98.98046,0.));
#7885 = DIRECTION('',(-0.,0.,-1.));
#7886 = DIRECTION('',(-0.,-1.,0.));
#7887 = FACE_BOUND('',#7888,.F.);
#7888 = EDGE_LOOP('',(#7889));
#7889 = ORIENTED_EDGE('',*,*,#7890,.T.);
#7890 = EDGE_CURVE('',#7891,#7891,#7893,.T.);
#7891 = VERTEX_POINT('',#7892);
#7892 = CARTESIAN_POINT('',(132.08,-88.2525,0.));
#7893 = CIRCLE('',#7894,0.55);
#7894 = AXIS2_PLACEMENT_3D('',#7895,#7896,#7897);
#7895 = CARTESIAN_POINT('',(132.08,-87.7025,0.));
#7896 = DIRECTION('',(-0.,0.,-1.));
#7897 = DIRECTION('',(5.1675835328E-14,-1.,-0.));
#7898 = FACE_BOUND('',#7899,.F.);
#7899 = EDGE_LOOP('',(#7900));
#7900 = ORIENTED_EDGE('',*,*,#7901,.T.);
#7901 = EDGE_CURVE('',#7902,#7902,#7904,.T.);
#7902 = VERTEX_POINT('',#7903);
#7903 = CARTESIAN_POINT('',(142.24,-88.2525,0.));
#7904 = CIRCLE('',#7905,0.55);
#7905 = AXIS2_PLACEMENT_3D('',#7906,#7907,#7908);
#7906 = CARTESIAN_POINT('',(142.24,-87.7025,0.));
#7907 = DIRECTION('',(-0.,0.,-1.));
#7908 = DIRECTION('',(-0.,-1.,0.));
#7909 = FACE_BOUND('',#7910,.F.);
#7910 = EDGE_LOOP('',(#7911));
#7911 = ORIENTED_EDGE('',*,*,#7912,.T.);
#7912 = EDGE_CURVE('',#7913,#7913,#7915,.T.);
#7913 = VERTEX_POINT('',#7914);
#7914 = CARTESIAN_POINT('',(149.86,-90.362,0.));
#7915 = CIRCLE('',#7916,0.7);
#7916 = AXIS2_PLACEMENT_3D('',#7917,#7918,#7919);
#7917 = CARTESIAN_POINT('',(149.86,-89.662,0.));
#7918 = DIRECTION('',(-0.,0.,-1.));
#7919 = DIRECTION('',(-0.,-1.,0.));
#7920 = FACE_BOUND('',#7921,.F.);
#7921 = EDGE_LOOP('',(#7922));
#7922 = ORIENTED_EDGE('',*,*,#7923,.T.);
#7923 = EDGE_CURVE('',#7924,#7924,#7926,.T.);
#7924 = VERTEX_POINT('',#7925);
#7925 = CARTESIAN_POINT('',(149.86,-84.862,0.));
#7926 = CIRCLE('',#7927,0.7);
#7927 = AXIS2_PLACEMENT_3D('',#7928,#7929,#7930);
#7928 = CARTESIAN_POINT('',(149.86,-84.162,0.));
#7929 = DIRECTION('',(-0.,0.,-1.));
#7930 = DIRECTION('',(-0.,-1.,0.));
#7931 = FACE_BOUND('',#7932,.F.);
#7932 = EDGE_LOOP('',(#7933));
#7933 = ORIENTED_EDGE('',*,*,#7934,.T.);
#7934 = EDGE_CURVE('',#7935,#7935,#7937,.T.);
#7935 = VERTEX_POINT('',#7936);
#7936 = CARTESIAN_POINT('',(160.782,-86.986,0.));
#7937 = CIRCLE('',#7938,2.15);
#7938 = AXIS2_PLACEMENT_3D('',#7939,#7940,#7941);
#7939 = CARTESIAN_POINT('',(160.782,-84.836,0.));
#7940 = DIRECTION('',(-0.,0.,-1.));
#7941 = DIRECTION('',(1.321939973507E-14,-1.,-0.));
#7942 = PLANE('',#7943);
#7943 = AXIS2_PLACEMENT_3D('',#7944,#7945,#7946);
#7944 = CARTESIAN_POINT('',(0.,0.,0.));
#7945 = DIRECTION('',(0.,0.,1.));
#7946 = DIRECTION('',(1.,0.,-0.));
#7947 = ADVANCED_FACE('',(#7948,#7959,#7970,#7981,#7992,#8003,#8014,
    #8025,#8036,#8047,#8058,#8069,#8080,#8091,#8102,#8113,#8124,#8135,
    #8146,#8157,#8168,#8179,#8190,#8201,#8212,#8223,#8234,#8245,#8256,
    #8267,#8278,#8289,#8300,#8311,#8322,#8333,#8344,#8355,#8366,#8377,
    #8388,#8399,#8410,#8421,#8432),#8443,.T.);
#7948 = FACE_BOUND('',#7949,.T.);
#7949 = EDGE_LOOP('',(#7950,#7951,#7952,#7958));
#7950 = ORIENTED_EDGE('',*,*,#7358,.F.);
#7951 = ORIENTED_EDGE('',*,*,#7398,.F.);
#7952 = ORIENTED_EDGE('',*,*,#7953,.F.);
#7953 = EDGE_CURVE('',#7421,#7391,#7954,.T.);
#7954 = LINE('',#7955,#7956);
#7955 = CARTESIAN_POINT('',(91.574,-78.232,1.6));
#7956 = VECTOR('',#7957,1.);
#7957 = DIRECTION('',(1.,0.,0.));
#7958 = ORIENTED_EDGE('',*,*,#7420,.F.);
#7959 = FACE_BOUND('',#7960,.T.);
#7960 = EDGE_LOOP('',(#7961));
#7961 = ORIENTED_EDGE('',*,*,#7962,.T.);
#7962 = EDGE_CURVE('',#7963,#7963,#7965,.T.);
#7963 = VERTEX_POINT('',#7964);
#7964 = CARTESIAN_POINT('',(98.552,-122.038,1.6));
#7965 = CIRCLE('',#7966,2.15);
#7966 = AXIS2_PLACEMENT_3D('',#7967,#7968,#7969);
#7967 = CARTESIAN_POINT('',(98.552,-119.888,1.6));
#7968 = DIRECTION('',(-0.,0.,-1.));
#7969 = DIRECTION('',(6.609699867536E-15,-1.,-0.));
#7970 = FACE_BOUND('',#7971,.T.);
#7971 = EDGE_LOOP('',(#7972));
#7972 = ORIENTED_EDGE('',*,*,#7973,.T.);
#7973 = EDGE_CURVE('',#7974,#7974,#7976,.T.);
#7974 = VERTEX_POINT('',#7975);
#7975 = CARTESIAN_POINT('',(109.05025,-119.982,1.6));
#7976 = CIRCLE('',#7977,0.7);
#7977 = AXIS2_PLACEMENT_3D('',#7978,#7979,#7980);
#7978 = CARTESIAN_POINT('',(109.05025,-119.282,1.6));
#7979 = DIRECTION('',(-0.,0.,-1.));
#7980 = DIRECTION('',(-0.,-1.,0.));
#7981 = FACE_BOUND('',#7982,.T.);
#7982 = EDGE_LOOP('',(#7983));
#7983 = ORIENTED_EDGE('',*,*,#7984,.T.);
#7984 = EDGE_CURVE('',#7985,#7985,#7987,.T.);
#7985 = VERTEX_POINT('',#7986);
#7986 = CARTESIAN_POINT('',(109.05025,-114.482,1.6));
#7987 = CIRCLE('',#7988,0.7);
#7988 = AXIS2_PLACEMENT_3D('',#7989,#7990,#7991);
#7989 = CARTESIAN_POINT('',(109.05025,-113.782,1.6));
#7990 = DIRECTION('',(-0.,0.,-1.));
#7991 = DIRECTION('',(-0.,-1.,0.));
#7992 = FACE_BOUND('',#7993,.T.);
#7993 = EDGE_LOOP('',(#7994));
#7994 = ORIENTED_EDGE('',*,*,#7995,.T.);
#7995 = EDGE_CURVE('',#7996,#7996,#7998,.T.);
#7996 = VERTEX_POINT('',#7997);
#7997 = CARTESIAN_POINT('',(117.96,-118.1525,1.6));
#7998 = CIRCLE('',#7999,0.55);
#7999 = AXIS2_PLACEMENT_3D('',#8000,#8001,#8002);
#8000 = CARTESIAN_POINT('',(117.96,-117.6025,1.6));
#8001 = DIRECTION('',(-0.,0.,-1.));
#8002 = DIRECTION('',(-2.5837917664E-14,-1.,0.));
#8003 = FACE_BOUND('',#8004,.T.);
#8004 = EDGE_LOOP('',(#8005));
#8005 = ORIENTED_EDGE('',*,*,#8006,.T.);
#8006 = EDGE_CURVE('',#8007,#8007,#8009,.T.);
#8007 = VERTEX_POINT('',#8008);
#8008 = CARTESIAN_POINT('',(117.96,-113.6525,1.6));
#8009 = CIRCLE('',#8010,0.55);
#8010 = AXIS2_PLACEMENT_3D('',#8011,#8012,#8013);
#8011 = CARTESIAN_POINT('',(117.96,-113.1025,1.6));
#8012 = DIRECTION('',(-0.,0.,-1.));
#8013 = DIRECTION('',(-2.5837917664E-14,-1.,0.));
#8014 = FACE_BOUND('',#8015,.T.);
#8015 = EDGE_LOOP('',(#8016));
#8016 = ORIENTED_EDGE('',*,*,#8017,.T.);
#8017 = EDGE_CURVE('',#8018,#8018,#8020,.T.);
#8018 = VERTEX_POINT('',#8019);
#8019 = CARTESIAN_POINT('',(124.46,-118.1525,1.6));
#8020 = CIRCLE('',#8021,0.55);
#8021 = AXIS2_PLACEMENT_3D('',#8022,#8023,#8024);
#8022 = CARTESIAN_POINT('',(124.46,-117.6025,1.6));
#8023 = DIRECTION('',(-0.,0.,-1.));
#8024 = DIRECTION('',(-2.5837917664E-14,-1.,0.));
#8025 = FACE_BOUND('',#8026,.T.);
#8026 = EDGE_LOOP('',(#8027));
#8027 = ORIENTED_EDGE('',*,*,#8028,.T.);
#8028 = EDGE_CURVE('',#8029,#8029,#8031,.T.);
#8029 = VERTEX_POINT('',#8030);
#8030 = CARTESIAN_POINT('',(124.46,-113.6525,1.6));
#8031 = CIRCLE('',#8032,0.55);
#8032 = AXIS2_PLACEMENT_3D('',#8033,#8034,#8035);
#8033 = CARTESIAN_POINT('',(124.46,-113.1025,1.6));
#8034 = DIRECTION('',(-0.,0.,-1.));
#8035 = DIRECTION('',(-2.5837917664E-14,-1.,0.));
#8036 = FACE_BOUND('',#8037,.T.);
#8037 = EDGE_LOOP('',(#8038));
#8038 = ORIENTED_EDGE('',*,*,#8039,.T.);
#8039 = EDGE_CURVE('',#8040,#8040,#8042,.T.);
#8040 = VERTEX_POINT('',#8041);
#8041 = CARTESIAN_POINT('',(109.22,-105.26,1.6));
#8042 = CIRCLE('',#8043,0.7);
#8043 = AXIS2_PLACEMENT_3D('',#8044,#8045,#8046);
#8044 = CARTESIAN_POINT('',(109.22,-104.56,1.6));
#8045 = DIRECTION('',(-0.,0.,-1.));
#8046 = DIRECTION('',(-0.,-1.,0.));
#8047 = FACE_BOUND('',#8048,.T.);
#8048 = EDGE_LOOP('',(#8049));
#8049 = ORIENTED_EDGE('',*,*,#8050,.T.);
#8050 = EDGE_CURVE('',#8051,#8051,#8053,.T.);
#8051 = VERTEX_POINT('',#8052);
#8052 = CARTESIAN_POINT('',(119.7229,-105.9905,1.6));
#8053 = CIRCLE('',#8054,0.508);
#8054 = AXIS2_PLACEMENT_3D('',#8055,#8056,#8057);
#8055 = CARTESIAN_POINT('',(119.7229,-105.4825,1.6));
#8056 = DIRECTION('',(-0.,0.,-1.));
#8057 = DIRECTION('',(-2.797412345512E-14,-1.,0.));
#8058 = FACE_BOUND('',#8059,.T.);
#8059 = EDGE_LOOP('',(#8060));
#8060 = ORIENTED_EDGE('',*,*,#8061,.T.);
#8061 = EDGE_CURVE('',#8062,#8062,#8064,.T.);
#8062 = VERTEX_POINT('',#8063);
#8063 = CARTESIAN_POINT('',(119.7229,-103.4505,1.6));
#8064 = CIRCLE('',#8065,0.508);
#8065 = AXIS2_PLACEMENT_3D('',#8066,#8067,#8068);
#8066 = CARTESIAN_POINT('',(119.7229,-102.9425,1.6));
#8067 = DIRECTION('',(-0.,0.,-1.));
#8068 = DIRECTION('',(-2.797412345512E-14,-1.,0.));
#8069 = FACE_BOUND('',#8070,.T.);
#8070 = EDGE_LOOP('',(#8071));
#8071 = ORIENTED_EDGE('',*,*,#8072,.T.);
#8072 = EDGE_CURVE('',#8073,#8073,#8075,.T.);
#8073 = VERTEX_POINT('',#8074);
#8074 = CARTESIAN_POINT('',(124.8029,-105.9905,1.6));
#8075 = CIRCLE('',#8076,0.508);
#8076 = AXIS2_PLACEMENT_3D('',#8077,#8078,#8079);
#8077 = CARTESIAN_POINT('',(124.8029,-105.4825,1.6));
#8078 = DIRECTION('',(-0.,0.,-1.));
#8079 = DIRECTION('',(-0.,-1.,0.));
#8080 = FACE_BOUND('',#8081,.T.);
#8081 = EDGE_LOOP('',(#8082));
#8082 = ORIENTED_EDGE('',*,*,#8083,.T.);
#8083 = EDGE_CURVE('',#8084,#8084,#8086,.T.);
#8084 = VERTEX_POINT('',#8085);
#8085 = CARTESIAN_POINT('',(124.8029,-103.4505,1.6));
#8086 = CIRCLE('',#8087,0.508);
#8087 = AXIS2_PLACEMENT_3D('',#8088,#8089,#8090);
#8088 = CARTESIAN_POINT('',(124.8029,-102.9425,1.6));
#8089 = DIRECTION('',(-0.,0.,-1.));
#8090 = DIRECTION('',(-0.,-1.,0.));
#8091 = FACE_BOUND('',#8092,.T.);
#8092 = EDGE_LOOP('',(#8093));
#8093 = ORIENTED_EDGE('',*,*,#8094,.T.);
#8094 = EDGE_CURVE('',#8095,#8095,#8097,.T.);
#8095 = VERTEX_POINT('',#8096);
#8096 = CARTESIAN_POINT('',(145.874114,-123.187868,1.6));
#8097 = CIRCLE('',#8098,0.4);
#8098 = AXIS2_PLACEMENT_3D('',#8099,#8100,#8101);
#8099 = CARTESIAN_POINT('',(145.874114,-122.787868,1.6));
#8100 = DIRECTION('',(-0.,0.,-1.));
#8101 = DIRECTION('',(-0.,-1.,0.));
#8102 = FACE_BOUND('',#8103,.T.);
#8103 = EDGE_LOOP('',(#8104));
#8104 = ORIENTED_EDGE('',*,*,#8105,.T.);
#8105 = EDGE_CURVE('',#8106,#8106,#8108,.T.);
#8106 = VERTEX_POINT('',#8107);
#8107 = CARTESIAN_POINT('',(132.08,-113.6525,1.6));
#8108 = CIRCLE('',#8109,0.55);
#8109 = AXIS2_PLACEMENT_3D('',#8110,#8111,#8112);
#8110 = CARTESIAN_POINT('',(132.08,-113.1025,1.6));
#8111 = DIRECTION('',(-0.,0.,-1.));
#8112 = DIRECTION('',(5.1675835328E-14,-1.,-0.));
#8113 = FACE_BOUND('',#8114,.T.);
#8114 = EDGE_LOOP('',(#8115));
#8115 = ORIENTED_EDGE('',*,*,#8116,.T.);
#8116 = EDGE_CURVE('',#8117,#8117,#8119,.T.);
#8117 = VERTEX_POINT('',#8118);
#8118 = CARTESIAN_POINT('',(142.24,-113.6525,1.6));
#8119 = CIRCLE('',#8120,0.55);
#8120 = AXIS2_PLACEMENT_3D('',#8121,#8122,#8123);
#8121 = CARTESIAN_POINT('',(142.24,-113.1025,1.6));
#8122 = DIRECTION('',(-0.,0.,-1.));
#8123 = DIRECTION('',(-0.,-1.,0.));
#8124 = FACE_BOUND('',#8125,.T.);
#8125 = EDGE_LOOP('',(#8126));
#8126 = ORIENTED_EDGE('',*,*,#8127,.T.);
#8127 = EDGE_CURVE('',#8128,#8128,#8130,.T.);
#8128 = VERTEX_POINT('',#8129);
#8129 = CARTESIAN_POINT('',(153.494114,-123.187868,1.6));
#8130 = CIRCLE('',#8131,0.4);
#8131 = AXIS2_PLACEMENT_3D('',#8132,#8133,#8134);
#8132 = CARTESIAN_POINT('',(153.494114,-122.787868,1.6));
#8133 = DIRECTION('',(-0.,0.,-1.));
#8134 = DIRECTION('',(-0.,-1.,0.));
#8135 = FACE_BOUND('',#8136,.T.);
#8136 = EDGE_LOOP('',(#8137));
#8137 = ORIENTED_EDGE('',*,*,#8138,.T.);
#8138 = EDGE_CURVE('',#8139,#8139,#8141,.T.);
#8139 = VERTEX_POINT('',#8140);
#8140 = CARTESIAN_POINT('',(160.782,-122.038,1.6));
#8141 = CIRCLE('',#8142,2.15);
#8142 = AXIS2_PLACEMENT_3D('',#8143,#8144,#8145);
#8143 = CARTESIAN_POINT('',(160.782,-119.888,1.6));
#8144 = DIRECTION('',(-0.,0.,-1.));
#8145 = DIRECTION('',(1.321939973507E-14,-1.,-0.));
#8146 = FACE_BOUND('',#8147,.T.);
#8147 = EDGE_LOOP('',(#8148));
#8148 = ORIENTED_EDGE('',*,*,#8149,.T.);
#8149 = EDGE_CURVE('',#8150,#8150,#8152,.T.);
#8150 = VERTEX_POINT('',#8151);
#8151 = CARTESIAN_POINT('',(149.103,-115.004,1.6));
#8152 = CIRCLE('',#8153,0.45);
#8153 = AXIS2_PLACEMENT_3D('',#8154,#8155,#8156);
#8154 = CARTESIAN_POINT('',(149.103,-114.554,1.6));
#8155 = DIRECTION('',(-0.,0.,-1.));
#8156 = DIRECTION('',(-0.,-1.,0.));
#8157 = FACE_BOUND('',#8158,.T.);
#8158 = EDGE_LOOP('',(#8159));
#8159 = ORIENTED_EDGE('',*,*,#8160,.T.);
#8160 = EDGE_CURVE('',#8161,#8161,#8163,.T.);
#8161 = VERTEX_POINT('',#8162);
#8162 = CARTESIAN_POINT('',(151.643,-115.004,1.6));
#8163 = CIRCLE('',#8164,0.45);
#8164 = AXIS2_PLACEMENT_3D('',#8165,#8166,#8167);
#8165 = CARTESIAN_POINT('',(151.643,-114.554,1.6));
#8166 = DIRECTION('',(-0.,0.,-1.));
#8167 = DIRECTION('',(-0.,-1.,0.));
#8168 = FACE_BOUND('',#8169,.T.);
#8169 = EDGE_LOOP('',(#8170));
#8170 = ORIENTED_EDGE('',*,*,#8171,.T.);
#8171 = EDGE_CURVE('',#8172,#8172,#8174,.T.);
#8172 = VERTEX_POINT('',#8173);
#8173 = CARTESIAN_POINT('',(134.62,-108.4225,1.6));
#8174 = CIRCLE('',#8175,0.4);
#8175 = AXIS2_PLACEMENT_3D('',#8176,#8177,#8178);
#8176 = CARTESIAN_POINT('',(134.62,-108.0225,1.6));
#8177 = DIRECTION('',(-0.,0.,-1.));
#8178 = DIRECTION('',(-0.,-1.,0.));
#8179 = FACE_BOUND('',#8180,.T.);
#8180 = EDGE_LOOP('',(#8181));
#8181 = ORIENTED_EDGE('',*,*,#8182,.T.);
#8182 = EDGE_CURVE('',#8183,#8183,#8185,.T.);
#8183 = VERTEX_POINT('',#8184);
#8184 = CARTESIAN_POINT('',(139.7,-108.4225,1.6));
#8185 = CIRCLE('',#8186,0.4);
#8186 = AXIS2_PLACEMENT_3D('',#8187,#8188,#8189);
#8187 = CARTESIAN_POINT('',(139.7,-108.0225,1.6));
#8188 = DIRECTION('',(-0.,0.,-1.));
#8189 = DIRECTION('',(-0.,-1.,0.));
#8190 = FACE_BOUND('',#8191,.T.);
#8191 = EDGE_LOOP('',(#8192));
#8192 = ORIENTED_EDGE('',*,*,#8193,.T.);
#8193 = EDGE_CURVE('',#8194,#8194,#8196,.T.);
#8194 = VERTEX_POINT('',#8195);
#8195 = CARTESIAN_POINT('',(134.62,-105.8825,1.6));
#8196 = CIRCLE('',#8197,0.4);
#8197 = AXIS2_PLACEMENT_3D('',#8198,#8199,#8200);
#8198 = CARTESIAN_POINT('',(134.62,-105.4825,1.6));
#8199 = DIRECTION('',(-0.,0.,-1.));
#8200 = DIRECTION('',(-0.,-1.,0.));
#8201 = FACE_BOUND('',#8202,.T.);
#8202 = EDGE_LOOP('',(#8203));
#8203 = ORIENTED_EDGE('',*,*,#8204,.T.);
#8204 = EDGE_CURVE('',#8205,#8205,#8207,.T.);
#8205 = VERTEX_POINT('',#8206);
#8206 = CARTESIAN_POINT('',(134.62,-103.3425,1.6));
#8207 = CIRCLE('',#8208,0.4);
#8208 = AXIS2_PLACEMENT_3D('',#8209,#8210,#8211);
#8209 = CARTESIAN_POINT('',(134.62,-102.9425,1.6));
#8210 = DIRECTION('',(-0.,0.,-1.));
#8211 = DIRECTION('',(-0.,-1.,0.));
#8212 = FACE_BOUND('',#8213,.T.);
#8213 = EDGE_LOOP('',(#8214));
#8214 = ORIENTED_EDGE('',*,*,#8215,.T.);
#8215 = EDGE_CURVE('',#8216,#8216,#8218,.T.);
#8216 = VERTEX_POINT('',#8217);
#8217 = CARTESIAN_POINT('',(139.7,-105.8825,1.6));
#8218 = CIRCLE('',#8219,0.4);
#8219 = AXIS2_PLACEMENT_3D('',#8220,#8221,#8222);
#8220 = CARTESIAN_POINT('',(139.7,-105.4825,1.6));
#8221 = DIRECTION('',(-0.,0.,-1.));
#8222 = DIRECTION('',(-0.,-1.,0.));
#8223 = FACE_BOUND('',#8224,.T.);
#8224 = EDGE_LOOP('',(#8225));
#8225 = ORIENTED_EDGE('',*,*,#8226,.T.);
#8226 = EDGE_CURVE('',#8227,#8227,#8229,.T.);
#8227 = VERTEX_POINT('',#8228);
#8228 = CARTESIAN_POINT('',(139.7,-103.3425,1.6));
#8229 = CIRCLE('',#8230,0.4);
#8230 = AXIS2_PLACEMENT_3D('',#8231,#8232,#8233);
#8231 = CARTESIAN_POINT('',(139.7,-102.9425,1.6));
#8232 = DIRECTION('',(-0.,0.,-1.));
#8233 = DIRECTION('',(-0.,-1.,0.));
#8234 = FACE_BOUND('',#8235,.T.);
#8235 = EDGE_LOOP('',(#8236));
#8236 = ORIENTED_EDGE('',*,*,#8237,.T.);
#8237 = EDGE_CURVE('',#8238,#8238,#8240,.T.);
#8238 = VERTEX_POINT('',#8239);
#8239 = CARTESIAN_POINT('',(149.879431,-105.18046,1.6));
#8240 = CIRCLE('',#8241,0.7);
#8241 = AXIS2_PLACEMENT_3D('',#8242,#8243,#8244);
#8242 = CARTESIAN_POINT('',(149.879431,-104.48046,1.6));
#8243 = DIRECTION('',(-0.,0.,-1.));
#8244 = DIRECTION('',(-0.,-1.,0.));
#8245 = FACE_BOUND('',#8246,.T.);
#8246 = EDGE_LOOP('',(#8247));
#8247 = ORIENTED_EDGE('',*,*,#8248,.T.);
#8248 = EDGE_CURVE('',#8249,#8249,#8251,.T.);
#8249 = VERTEX_POINT('',#8250);
#8250 = CARTESIAN_POINT('',(109.22,-99.76,1.6));
#8251 = CIRCLE('',#8252,0.7);
#8252 = AXIS2_PLACEMENT_3D('',#8253,#8254,#8255);
#8253 = CARTESIAN_POINT('',(109.22,-99.06,1.6));
#8254 = DIRECTION('',(-0.,0.,-1.));
#8255 = DIRECTION('',(-0.,-1.,0.));
#8256 = FACE_BOUND('',#8257,.T.);
#8257 = EDGE_LOOP('',(#8258));
#8258 = ORIENTED_EDGE('',*,*,#8259,.T.);
#8259 = EDGE_CURVE('',#8260,#8260,#8262,.T.);
#8260 = VERTEX_POINT('',#8261);
#8261 = CARTESIAN_POINT('',(119.7229,-95.8305,1.6));
#8262 = CIRCLE('',#8263,0.508);
#8263 = AXIS2_PLACEMENT_3D('',#8264,#8265,#8266);
#8264 = CARTESIAN_POINT('',(119.7229,-95.3225,1.6));
#8265 = DIRECTION('',(-0.,0.,-1.));
#8266 = DIRECTION('',(-2.797412345512E-14,-1.,0.));
#8267 = FACE_BOUND('',#8268,.T.);
#8268 = EDGE_LOOP('',(#8269));
#8269 = ORIENTED_EDGE('',*,*,#8270,.T.);
#8270 = EDGE_CURVE('',#8271,#8271,#8273,.T.);
#8271 = VERTEX_POINT('',#8272);
#8272 = CARTESIAN_POINT('',(124.8029,-95.8305,1.6));
#8273 = CIRCLE('',#8274,0.508);
#8274 = AXIS2_PLACEMENT_3D('',#8275,#8276,#8277);
#8275 = CARTESIAN_POINT('',(124.8029,-95.3225,1.6));
#8276 = DIRECTION('',(-0.,0.,-1.));
#8277 = DIRECTION('',(-0.,-1.,0.));
#8278 = FACE_BOUND('',#8279,.T.);
#8279 = EDGE_LOOP('',(#8280));
#8280 = ORIENTED_EDGE('',*,*,#8281,.T.);
#8281 = EDGE_CURVE('',#8282,#8282,#8284,.T.);
#8282 = VERTEX_POINT('',#8283);
#8283 = CARTESIAN_POINT('',(109.22,-90.02,1.6));
#8284 = CIRCLE('',#8285,0.7);
#8285 = AXIS2_PLACEMENT_3D('',#8286,#8287,#8288);
#8286 = CARTESIAN_POINT('',(109.22,-89.32,1.6));
#8287 = DIRECTION('',(-0.,0.,-1.));
#8288 = DIRECTION('',(-0.,-1.,0.));
#8289 = FACE_BOUND('',#8290,.T.);
#8290 = EDGE_LOOP('',(#8291));
#8291 = ORIENTED_EDGE('',*,*,#8292,.T.);
#8292 = EDGE_CURVE('',#8293,#8293,#8295,.T.);
#8293 = VERTEX_POINT('',#8294);
#8294 = CARTESIAN_POINT('',(98.552,-86.986,1.6));
#8295 = CIRCLE('',#8296,2.15);
#8296 = AXIS2_PLACEMENT_3D('',#8297,#8298,#8299);
#8297 = CARTESIAN_POINT('',(98.552,-84.836,1.6));
#8298 = DIRECTION('',(-0.,0.,-1.));
#8299 = DIRECTION('',(6.609699867536E-15,-1.,-0.));
#8300 = FACE_BOUND('',#8301,.T.);
#8301 = EDGE_LOOP('',(#8302));
#8302 = ORIENTED_EDGE('',*,*,#8303,.T.);
#8303 = EDGE_CURVE('',#8304,#8304,#8306,.T.);
#8304 = VERTEX_POINT('',#8305);
#8305 = CARTESIAN_POINT('',(109.22,-84.52,1.6));
#8306 = CIRCLE('',#8307,0.7);
#8307 = AXIS2_PLACEMENT_3D('',#8308,#8309,#8310);
#8308 = CARTESIAN_POINT('',(109.22,-83.82,1.6));
#8309 = DIRECTION('',(-0.,0.,-1.));
#8310 = DIRECTION('',(-0.,-1.,0.));
#8311 = FACE_BOUND('',#8312,.T.);
#8312 = EDGE_LOOP('',(#8313));
#8313 = ORIENTED_EDGE('',*,*,#8314,.T.);
#8314 = EDGE_CURVE('',#8315,#8315,#8317,.T.);
#8315 = VERTEX_POINT('',#8316);
#8316 = CARTESIAN_POINT('',(116.84,-88.2525,1.6));
#8317 = CIRCLE('',#8318,0.55);
#8318 = AXIS2_PLACEMENT_3D('',#8319,#8320,#8321);
#8319 = CARTESIAN_POINT('',(116.84,-87.7025,1.6));
#8320 = DIRECTION('',(-0.,0.,-1.));
#8321 = DIRECTION('',(-0.,-1.,0.));
#8322 = FACE_BOUND('',#8323,.T.);
#8323 = EDGE_LOOP('',(#8324));
#8324 = ORIENTED_EDGE('',*,*,#8325,.T.);
#8325 = EDGE_CURVE('',#8326,#8326,#8328,.T.);
#8326 = VERTEX_POINT('',#8327);
#8327 = CARTESIAN_POINT('',(127.,-88.2525,1.6));
#8328 = CIRCLE('',#8329,0.55);
#8329 = AXIS2_PLACEMENT_3D('',#8330,#8331,#8332);
#8330 = CARTESIAN_POINT('',(127.,-87.7025,1.6));
#8331 = DIRECTION('',(-0.,0.,-1.));
#8332 = DIRECTION('',(-0.,-1.,0.));
#8333 = FACE_BOUND('',#8334,.T.);
#8334 = EDGE_LOOP('',(#8335));
#8335 = ORIENTED_EDGE('',*,*,#8336,.T.);
#8336 = EDGE_CURVE('',#8337,#8337,#8339,.T.);
#8337 = VERTEX_POINT('',#8338);
#8338 = CARTESIAN_POINT('',(134.62,-100.8025,1.6));
#8339 = CIRCLE('',#8340,0.4);
#8340 = AXIS2_PLACEMENT_3D('',#8341,#8342,#8343);
#8341 = CARTESIAN_POINT('',(134.62,-100.4025,1.6));
#8342 = DIRECTION('',(-0.,0.,-1.));
#8343 = DIRECTION('',(-0.,-1.,0.));
#8344 = FACE_BOUND('',#8345,.T.);
#8345 = EDGE_LOOP('',(#8346));
#8346 = ORIENTED_EDGE('',*,*,#8347,.T.);
#8347 = EDGE_CURVE('',#8348,#8348,#8350,.T.);
#8348 = VERTEX_POINT('',#8349);
#8349 = CARTESIAN_POINT('',(139.7,-100.8025,1.6));
#8350 = CIRCLE('',#8351,0.4);
#8351 = AXIS2_PLACEMENT_3D('',#8352,#8353,#8354);
#8352 = CARTESIAN_POINT('',(139.7,-100.4025,1.6));
#8353 = DIRECTION('',(-0.,0.,-1.));
#8354 = DIRECTION('',(-0.,-1.,0.));
#8355 = FACE_BOUND('',#8356,.T.);
#8356 = EDGE_LOOP('',(#8357));
#8357 = ORIENTED_EDGE('',*,*,#8358,.T.);
#8358 = EDGE_CURVE('',#8359,#8359,#8361,.T.);
#8359 = VERTEX_POINT('',#8360);
#8360 = CARTESIAN_POINT('',(134.62,-95.7225,1.6));
#8361 = CIRCLE('',#8362,0.4);
#8362 = AXIS2_PLACEMENT_3D('',#8363,#8364,#8365);
#8363 = CARTESIAN_POINT('',(134.62,-95.3225,1.6));
#8364 = DIRECTION('',(-0.,0.,-1.));
#8365 = DIRECTION('',(-0.,-1.,0.));
#8366 = FACE_BOUND('',#8367,.T.);
#8367 = EDGE_LOOP('',(#8368));
#8368 = ORIENTED_EDGE('',*,*,#8369,.T.);
#8369 = EDGE_CURVE('',#8370,#8370,#8372,.T.);
#8370 = VERTEX_POINT('',#8371);
#8371 = CARTESIAN_POINT('',(139.7,-95.7225,1.6));
#8372 = CIRCLE('',#8373,0.4);
#8373 = AXIS2_PLACEMENT_3D('',#8374,#8375,#8376);
#8374 = CARTESIAN_POINT('',(139.7,-95.3225,1.6));
#8375 = DIRECTION('',(-0.,0.,-1.));
#8376 = DIRECTION('',(-0.,-1.,0.));
#8377 = FACE_BOUND('',#8378,.T.);
#8378 = EDGE_LOOP('',(#8379));
#8379 = ORIENTED_EDGE('',*,*,#8380,.T.);
#8380 = EDGE_CURVE('',#8381,#8381,#8383,.T.);
#8381 = VERTEX_POINT('',#8382);
#8382 = CARTESIAN_POINT('',(149.879431,-99.68046,1.6));
#8383 = CIRCLE('',#8384,0.7);
#8384 = AXIS2_PLACEMENT_3D('',#8385,#8386,#8387);
#8385 = CARTESIAN_POINT('',(149.879431,-98.98046,1.6));
#8386 = DIRECTION('',(-0.,0.,-1.));
#8387 = DIRECTION('',(-0.,-1.,0.));
#8388 = FACE_BOUND('',#8389,.T.);
#8389 = EDGE_LOOP('',(#8390));
#8390 = ORIENTED_EDGE('',*,*,#8391,.T.);
#8391 = EDGE_CURVE('',#8392,#8392,#8394,.T.);
#8392 = VERTEX_POINT('',#8393);
#8393 = CARTESIAN_POINT('',(132.08,-88.2525,1.6));
#8394 = CIRCLE('',#8395,0.55);
#8395 = AXIS2_PLACEMENT_3D('',#8396,#8397,#8398);
#8396 = CARTESIAN_POINT('',(132.08,-87.7025,1.6));
#8397 = DIRECTION('',(-0.,0.,-1.));
#8398 = DIRECTION('',(5.1675835328E-14,-1.,-0.));
#8399 = FACE_BOUND('',#8400,.T.);
#8400 = EDGE_LOOP('',(#8401));
#8401 = ORIENTED_EDGE('',*,*,#8402,.T.);
#8402 = EDGE_CURVE('',#8403,#8403,#8405,.T.);
#8403 = VERTEX_POINT('',#8404);
#8404 = CARTESIAN_POINT('',(142.24,-88.2525,1.6));
#8405 = CIRCLE('',#8406,0.55);
#8406 = AXIS2_PLACEMENT_3D('',#8407,#8408,#8409);
#8407 = CARTESIAN_POINT('',(142.24,-87.7025,1.6));
#8408 = DIRECTION('',(-0.,0.,-1.));
#8409 = DIRECTION('',(-0.,-1.,0.));
#8410 = FACE_BOUND('',#8411,.T.);
#8411 = EDGE_LOOP('',(#8412));
#8412 = ORIENTED_EDGE('',*,*,#8413,.T.);
#8413 = EDGE_CURVE('',#8414,#8414,#8416,.T.);
#8414 = VERTEX_POINT('',#8415);
#8415 = CARTESIAN_POINT('',(149.86,-90.362,1.6));
#8416 = CIRCLE('',#8417,0.7);
#8417 = AXIS2_PLACEMENT_3D('',#8418,#8419,#8420);
#8418 = CARTESIAN_POINT('',(149.86,-89.662,1.6));
#8419 = DIRECTION('',(-0.,0.,-1.));
#8420 = DIRECTION('',(-0.,-1.,0.));
#8421 = FACE_BOUND('',#8422,.T.);
#8422 = EDGE_LOOP('',(#8423));
#8423 = ORIENTED_EDGE('',*,*,#8424,.T.);
#8424 = EDGE_CURVE('',#8425,#8425,#8427,.T.);
#8425 = VERTEX_POINT('',#8426);
#8426 = CARTESIAN_POINT('',(149.86,-84.862,1.6));
#8427 = CIRCLE('',#8428,0.7);
#8428 = AXIS2_PLACEMENT_3D('',#8429,#8430,#8431);
#8429 = CARTESIAN_POINT('',(149.86,-84.162,1.6));
#8430 = DIRECTION('',(-0.,0.,-1.));
#8431 = DIRECTION('',(-0.,-1.,0.));
#8432 = FACE_BOUND('',#8433,.T.);
#8433 = EDGE_LOOP('',(#8434));
#8434 = ORIENTED_EDGE('',*,*,#8435,.T.);
#8435 = EDGE_CURVE('',#8436,#8436,#8438,.T.);
#8436 = VERTEX_POINT('',#8437);
#8437 = CARTESIAN_POINT('',(160.782,-86.986,1.6));
#8438 = CIRCLE('',#8439,2.15);
#8439 = AXIS2_PLACEMENT_3D('',#8440,#8441,#8442);
#8440 = CARTESIAN_POINT('',(160.782,-84.836,1.6));
#8441 = DIRECTION('',(-0.,0.,-1.));
#8442 = DIRECTION('',(1.321939973507E-14,-1.,-0.));
#8443 = PLANE('',#8444);
#8444 = AXIS2_PLACEMENT_3D('',#8445,#8446,#8447);
#8445 = CARTESIAN_POINT('',(0.,0.,1.6));
#8446 = DIRECTION('',(0.,0.,1.));
#8447 = DIRECTION('',(1.,0.,-0.));
#8448 = ADVANCED_FACE('',(#8449),#8455,.T.);
#8449 = FACE_BOUND('',#8450,.T.);
#8450 = EDGE_LOOP('',(#8451,#8452,#8453,#8454));
#8451 = ORIENTED_EDGE('',*,*,#7428,.T.);
#8452 = ORIENTED_EDGE('',*,*,#7953,.T.);
#8453 = ORIENTED_EDGE('',*,*,#7388,.F.);
#8454 = ORIENTED_EDGE('',*,*,#7452,.F.);
#8455 = PLANE('',#8456);
#8456 = AXIS2_PLACEMENT_3D('',#8457,#8458,#8459);
#8457 = CARTESIAN_POINT('',(91.574,-78.232,0.));
#8458 = DIRECTION('',(0.,1.,0.));
#8459 = DIRECTION('',(1.,0.,0.));
#8460 = ADVANCED_FACE('',(#8461),#8472,.F.);
#8461 = FACE_BOUND('',#8462,.T.);
#8462 = EDGE_LOOP('',(#8463,#8464,#8470,#8471));
#8463 = ORIENTED_EDGE('',*,*,#7461,.T.);
#8464 = ORIENTED_EDGE('',*,*,#8465,.T.);
#8465 = EDGE_CURVE('',#7462,#7963,#8466,.T.);
#8466 = LINE('',#8467,#8468);
#8467 = CARTESIAN_POINT('',(98.552,-122.038,-4.5E-02));
#8468 = VECTOR('',#8469,1.);
#8469 = DIRECTION('',(0.,0.,1.));
#8470 = ORIENTED_EDGE('',*,*,#7962,.F.);
#8471 = ORIENTED_EDGE('',*,*,#8465,.F.);
#8472 = CYLINDRICAL_SURFACE('',#8473,2.15);
#8473 = AXIS2_PLACEMENT_3D('',#8474,#8475,#8476);
#8474 = CARTESIAN_POINT('',(98.552,-119.888,-4.5E-02));
#8475 = DIRECTION('',(-0.,0.,-1.));
#8476 = DIRECTION('',(6.609699867536E-15,-1.,-0.));
#8477 = ADVANCED_FACE('',(#8478),#8489,.F.);
#8478 = FACE_BOUND('',#8479,.T.);
#8479 = EDGE_LOOP('',(#8480,#8481,#8487,#8488));
#8480 = ORIENTED_EDGE('',*,*,#7472,.T.);
#8481 = ORIENTED_EDGE('',*,*,#8482,.T.);
#8482 = EDGE_CURVE('',#7473,#7974,#8483,.T.);
#8483 = LINE('',#8484,#8485);
#8484 = CARTESIAN_POINT('',(109.05025,-119.982,-4.5E-02));
#8485 = VECTOR('',#8486,1.);
#8486 = DIRECTION('',(0.,0.,1.));
#8487 = ORIENTED_EDGE('',*,*,#7973,.F.);
#8488 = ORIENTED_EDGE('',*,*,#8482,.F.);
#8489 = CYLINDRICAL_SURFACE('',#8490,0.7);
#8490 = AXIS2_PLACEMENT_3D('',#8491,#8492,#8493);
#8491 = CARTESIAN_POINT('',(109.05025,-119.282,-4.5E-02));
#8492 = DIRECTION('',(-0.,-0.,-1.));
#8493 = DIRECTION('',(-0.,-1.,0.));
#8494 = ADVANCED_FACE('',(#8495),#8506,.F.);
#8495 = FACE_BOUND('',#8496,.T.);
#8496 = EDGE_LOOP('',(#8497,#8498,#8504,#8505));
#8497 = ORIENTED_EDGE('',*,*,#7483,.T.);
#8498 = ORIENTED_EDGE('',*,*,#8499,.T.);
#8499 = EDGE_CURVE('',#7484,#7985,#8500,.T.);
#8500 = LINE('',#8501,#8502);
#8501 = CARTESIAN_POINT('',(109.05025,-114.482,-4.5E-02));
#8502 = VECTOR('',#8503,1.);
#8503 = DIRECTION('',(0.,0.,1.));
#8504 = ORIENTED_EDGE('',*,*,#7984,.F.);
#8505 = ORIENTED_EDGE('',*,*,#8499,.F.);
#8506 = CYLINDRICAL_SURFACE('',#8507,0.7);
#8507 = AXIS2_PLACEMENT_3D('',#8508,#8509,#8510);
#8508 = CARTESIAN_POINT('',(109.05025,-113.782,-4.5E-02));
#8509 = DIRECTION('',(-0.,-0.,-1.));
#8510 = DIRECTION('',(-0.,-1.,0.));
#8511 = ADVANCED_FACE('',(#8512),#8523,.F.);
#8512 = FACE_BOUND('',#8513,.T.);
#8513 = EDGE_LOOP('',(#8514,#8515,#8521,#8522));
#8514 = ORIENTED_EDGE('',*,*,#7494,.T.);
#8515 = ORIENTED_EDGE('',*,*,#8516,.T.);
#8516 = EDGE_CURVE('',#7495,#7996,#8517,.T.);
#8517 = LINE('',#8518,#8519);
#8518 = CARTESIAN_POINT('',(117.96,-118.1525,-4.5E-02));
#8519 = VECTOR('',#8520,1.);
#8520 = DIRECTION('',(0.,0.,1.));
#8521 = ORIENTED_EDGE('',*,*,#7995,.F.);
#8522 = ORIENTED_EDGE('',*,*,#8516,.F.);
#8523 = CYLINDRICAL_SURFACE('',#8524,0.55);
#8524 = AXIS2_PLACEMENT_3D('',#8525,#8526,#8527);
#8525 = CARTESIAN_POINT('',(117.96,-117.6025,-4.5E-02));
#8526 = DIRECTION('',(-0.,-0.,-1.));
#8527 = DIRECTION('',(-2.5837917664E-14,-1.,0.));
#8528 = ADVANCED_FACE('',(#8529),#8540,.F.);
#8529 = FACE_BOUND('',#8530,.T.);
#8530 = EDGE_LOOP('',(#8531,#8532,#8538,#8539));
#8531 = ORIENTED_EDGE('',*,*,#7505,.T.);
#8532 = ORIENTED_EDGE('',*,*,#8533,.T.);
#8533 = EDGE_CURVE('',#7506,#8007,#8534,.T.);
#8534 = LINE('',#8535,#8536);
#8535 = CARTESIAN_POINT('',(117.96,-113.6525,-4.5E-02));
#8536 = VECTOR('',#8537,1.);
#8537 = DIRECTION('',(0.,0.,1.));
#8538 = ORIENTED_EDGE('',*,*,#8006,.F.);
#8539 = ORIENTED_EDGE('',*,*,#8533,.F.);
#8540 = CYLINDRICAL_SURFACE('',#8541,0.55);
#8541 = AXIS2_PLACEMENT_3D('',#8542,#8543,#8544);
#8542 = CARTESIAN_POINT('',(117.96,-113.1025,-4.5E-02));
#8543 = DIRECTION('',(-0.,-0.,-1.));
#8544 = DIRECTION('',(-2.5837917664E-14,-1.,0.));
#8545 = ADVANCED_FACE('',(#8546),#8557,.F.);
#8546 = FACE_BOUND('',#8547,.T.);
#8547 = EDGE_LOOP('',(#8548,#8549,#8555,#8556));
#8548 = ORIENTED_EDGE('',*,*,#7516,.T.);
#8549 = ORIENTED_EDGE('',*,*,#8550,.T.);
#8550 = EDGE_CURVE('',#7517,#8018,#8551,.T.);
#8551 = LINE('',#8552,#8553);
#8552 = CARTESIAN_POINT('',(124.46,-118.1525,-4.5E-02));
#8553 = VECTOR('',#8554,1.);
#8554 = DIRECTION('',(0.,0.,1.));
#8555 = ORIENTED_EDGE('',*,*,#8017,.F.);
#8556 = ORIENTED_EDGE('',*,*,#8550,.F.);
#8557 = CYLINDRICAL_SURFACE('',#8558,0.55);
#8558 = AXIS2_PLACEMENT_3D('',#8559,#8560,#8561);
#8559 = CARTESIAN_POINT('',(124.46,-117.6025,-4.5E-02));
#8560 = DIRECTION('',(-0.,-0.,-1.));
#8561 = DIRECTION('',(-2.5837917664E-14,-1.,0.));
#8562 = ADVANCED_FACE('',(#8563),#8574,.F.);
#8563 = FACE_BOUND('',#8564,.T.);
#8564 = EDGE_LOOP('',(#8565,#8566,#8572,#8573));
#8565 = ORIENTED_EDGE('',*,*,#7527,.T.);
#8566 = ORIENTED_EDGE('',*,*,#8567,.T.);
#8567 = EDGE_CURVE('',#7528,#8029,#8568,.T.);
#8568 = LINE('',#8569,#8570);
#8569 = CARTESIAN_POINT('',(124.46,-113.6525,-4.5E-02));
#8570 = VECTOR('',#8571,1.);
#8571 = DIRECTION('',(0.,0.,1.));
#8572 = ORIENTED_EDGE('',*,*,#8028,.F.);
#8573 = ORIENTED_EDGE('',*,*,#8567,.F.);
#8574 = CYLINDRICAL_SURFACE('',#8575,0.55);
#8575 = AXIS2_PLACEMENT_3D('',#8576,#8577,#8578);
#8576 = CARTESIAN_POINT('',(124.46,-113.1025,-4.5E-02));
#8577 = DIRECTION('',(-0.,-0.,-1.));
#8578 = DIRECTION('',(-2.5837917664E-14,-1.,0.));
#8579 = ADVANCED_FACE('',(#8580),#8591,.F.);
#8580 = FACE_BOUND('',#8581,.T.);
#8581 = EDGE_LOOP('',(#8582,#8583,#8589,#8590));
#8582 = ORIENTED_EDGE('',*,*,#7538,.T.);
#8583 = ORIENTED_EDGE('',*,*,#8584,.T.);
#8584 = EDGE_CURVE('',#7539,#8040,#8585,.T.);
#8585 = LINE('',#8586,#8587);
#8586 = CARTESIAN_POINT('',(109.22,-105.26,-4.5E-02));
#8587 = VECTOR('',#8588,1.);
#8588 = DIRECTION('',(0.,0.,1.));
#8589 = ORIENTED_EDGE('',*,*,#8039,.F.);
#8590 = ORIENTED_EDGE('',*,*,#8584,.F.);
#8591 = CYLINDRICAL_SURFACE('',#8592,0.7);
#8592 = AXIS2_PLACEMENT_3D('',#8593,#8594,#8595);
#8593 = CARTESIAN_POINT('',(109.22,-104.56,-4.5E-02));
#8594 = DIRECTION('',(-0.,-0.,-1.));
#8595 = DIRECTION('',(-0.,-1.,0.));
#8596 = ADVANCED_FACE('',(#8597),#8608,.F.);
#8597 = FACE_BOUND('',#8598,.T.);
#8598 = EDGE_LOOP('',(#8599,#8600,#8606,#8607));
#8599 = ORIENTED_EDGE('',*,*,#7549,.T.);
#8600 = ORIENTED_EDGE('',*,*,#8601,.T.);
#8601 = EDGE_CURVE('',#7550,#8051,#8602,.T.);
#8602 = LINE('',#8603,#8604);
#8603 = CARTESIAN_POINT('',(119.7229,-105.9905,-4.5E-02));
#8604 = VECTOR('',#8605,1.);
#8605 = DIRECTION('',(0.,0.,1.));
#8606 = ORIENTED_EDGE('',*,*,#8050,.F.);
#8607 = ORIENTED_EDGE('',*,*,#8601,.F.);
#8608 = CYLINDRICAL_SURFACE('',#8609,0.508);
#8609 = AXIS2_PLACEMENT_3D('',#8610,#8611,#8612);
#8610 = CARTESIAN_POINT('',(119.7229,-105.4825,-4.5E-02));
#8611 = DIRECTION('',(-0.,-0.,-1.));
#8612 = DIRECTION('',(-2.797412345512E-14,-1.,0.));
#8613 = ADVANCED_FACE('',(#8614),#8625,.F.);
#8614 = FACE_BOUND('',#8615,.T.);
#8615 = EDGE_LOOP('',(#8616,#8617,#8623,#8624));
#8616 = ORIENTED_EDGE('',*,*,#7560,.T.);
#8617 = ORIENTED_EDGE('',*,*,#8618,.T.);
#8618 = EDGE_CURVE('',#7561,#8062,#8619,.T.);
#8619 = LINE('',#8620,#8621);
#8620 = CARTESIAN_POINT('',(119.7229,-103.4505,-4.5E-02));
#8621 = VECTOR('',#8622,1.);
#8622 = DIRECTION('',(0.,0.,1.));
#8623 = ORIENTED_EDGE('',*,*,#8061,.F.);
#8624 = ORIENTED_EDGE('',*,*,#8618,.F.);
#8625 = CYLINDRICAL_SURFACE('',#8626,0.508);
#8626 = AXIS2_PLACEMENT_3D('',#8627,#8628,#8629);
#8627 = CARTESIAN_POINT('',(119.7229,-102.9425,-4.5E-02));
#8628 = DIRECTION('',(-0.,-0.,-1.));
#8629 = DIRECTION('',(-2.797412345512E-14,-1.,0.));
#8630 = ADVANCED_FACE('',(#8631),#8642,.F.);
#8631 = FACE_BOUND('',#8632,.T.);
#8632 = EDGE_LOOP('',(#8633,#8634,#8640,#8641));
#8633 = ORIENTED_EDGE('',*,*,#7571,.T.);
#8634 = ORIENTED_EDGE('',*,*,#8635,.T.);
#8635 = EDGE_CURVE('',#7572,#8073,#8636,.T.);
#8636 = LINE('',#8637,#8638);
#8637 = CARTESIAN_POINT('',(124.8029,-105.9905,-4.5E-02));
#8638 = VECTOR('',#8639,1.);
#8639 = DIRECTION('',(0.,0.,1.));
#8640 = ORIENTED_EDGE('',*,*,#8072,.F.);
#8641 = ORIENTED_EDGE('',*,*,#8635,.F.);
#8642 = CYLINDRICAL_SURFACE('',#8643,0.508);
#8643 = AXIS2_PLACEMENT_3D('',#8644,#8645,#8646);
#8644 = CARTESIAN_POINT('',(124.8029,-105.4825,-4.5E-02));
#8645 = DIRECTION('',(-0.,-0.,-1.));
#8646 = DIRECTION('',(-0.,-1.,0.));
#8647 = ADVANCED_FACE('',(#8648),#8659,.F.);
#8648 = FACE_BOUND('',#8649,.T.);
#8649 = EDGE_LOOP('',(#8650,#8651,#8657,#8658));
#8650 = ORIENTED_EDGE('',*,*,#7582,.T.);
#8651 = ORIENTED_EDGE('',*,*,#8652,.T.);
#8652 = EDGE_CURVE('',#7583,#8084,#8653,.T.);
#8653 = LINE('',#8654,#8655);
#8654 = CARTESIAN_POINT('',(124.8029,-103.4505,-4.5E-02));
#8655 = VECTOR('',#8656,1.);
#8656 = DIRECTION('',(0.,0.,1.));
#8657 = ORIENTED_EDGE('',*,*,#8083,.F.);
#8658 = ORIENTED_EDGE('',*,*,#8652,.F.);
#8659 = CYLINDRICAL_SURFACE('',#8660,0.508);
#8660 = AXIS2_PLACEMENT_3D('',#8661,#8662,#8663);
#8661 = CARTESIAN_POINT('',(124.8029,-102.9425,-4.5E-02));
#8662 = DIRECTION('',(-0.,-0.,-1.));
#8663 = DIRECTION('',(-0.,-1.,0.));
#8664 = ADVANCED_FACE('',(#8665),#8676,.F.);
#8665 = FACE_BOUND('',#8666,.T.);
#8666 = EDGE_LOOP('',(#8667,#8668,#8674,#8675));
#8667 = ORIENTED_EDGE('',*,*,#7593,.T.);
#8668 = ORIENTED_EDGE('',*,*,#8669,.T.);
#8669 = EDGE_CURVE('',#7594,#8095,#8670,.T.);
#8670 = LINE('',#8671,#8672);
#8671 = CARTESIAN_POINT('',(145.874114,-123.187868,-4.5E-02));
#8672 = VECTOR('',#8673,1.);
#8673 = DIRECTION('',(0.,0.,1.));
#8674 = ORIENTED_EDGE('',*,*,#8094,.F.);
#8675 = ORIENTED_EDGE('',*,*,#8669,.F.);
#8676 = CYLINDRICAL_SURFACE('',#8677,0.4);
#8677 = AXIS2_PLACEMENT_3D('',#8678,#8679,#8680);
#8678 = CARTESIAN_POINT('',(145.874114,-122.787868,-4.5E-02));
#8679 = DIRECTION('',(-0.,-0.,-1.));
#8680 = DIRECTION('',(-0.,-1.,0.));
#8681 = ADVANCED_FACE('',(#8682),#8693,.F.);
#8682 = FACE_BOUND('',#8683,.T.);
#8683 = EDGE_LOOP('',(#8684,#8685,#8691,#8692));
#8684 = ORIENTED_EDGE('',*,*,#7604,.T.);
#8685 = ORIENTED_EDGE('',*,*,#8686,.T.);
#8686 = EDGE_CURVE('',#7605,#8106,#8687,.T.);
#8687 = LINE('',#8688,#8689);
#8688 = CARTESIAN_POINT('',(132.08,-113.6525,-4.5E-02));
#8689 = VECTOR('',#8690,1.);
#8690 = DIRECTION('',(0.,0.,1.));
#8691 = ORIENTED_EDGE('',*,*,#8105,.F.);
#8692 = ORIENTED_EDGE('',*,*,#8686,.F.);
#8693 = CYLINDRICAL_SURFACE('',#8694,0.55);
#8694 = AXIS2_PLACEMENT_3D('',#8695,#8696,#8697);
#8695 = CARTESIAN_POINT('',(132.08,-113.1025,-4.5E-02));
#8696 = DIRECTION('',(-0.,0.,-1.));
#8697 = DIRECTION('',(5.1675835328E-14,-1.,-0.));
#8698 = ADVANCED_FACE('',(#8699),#8710,.F.);
#8699 = FACE_BOUND('',#8700,.T.);
#8700 = EDGE_LOOP('',(#8701,#8702,#8708,#8709));
#8701 = ORIENTED_EDGE('',*,*,#7615,.T.);
#8702 = ORIENTED_EDGE('',*,*,#8703,.T.);
#8703 = EDGE_CURVE('',#7616,#8117,#8704,.T.);
#8704 = LINE('',#8705,#8706);
#8705 = CARTESIAN_POINT('',(142.24,-113.6525,-4.5E-02));
#8706 = VECTOR('',#8707,1.);
#8707 = DIRECTION('',(0.,0.,1.));
#8708 = ORIENTED_EDGE('',*,*,#8116,.F.);
#8709 = ORIENTED_EDGE('',*,*,#8703,.F.);
#8710 = CYLINDRICAL_SURFACE('',#8711,0.55);
#8711 = AXIS2_PLACEMENT_3D('',#8712,#8713,#8714);
#8712 = CARTESIAN_POINT('',(142.24,-113.1025,-4.5E-02));
#8713 = DIRECTION('',(-0.,-0.,-1.));
#8714 = DIRECTION('',(-0.,-1.,0.));
#8715 = ADVANCED_FACE('',(#8716),#8727,.F.);
#8716 = FACE_BOUND('',#8717,.T.);
#8717 = EDGE_LOOP('',(#8718,#8719,#8725,#8726));
#8718 = ORIENTED_EDGE('',*,*,#7626,.T.);
#8719 = ORIENTED_EDGE('',*,*,#8720,.T.);
#8720 = EDGE_CURVE('',#7627,#8128,#8721,.T.);
#8721 = LINE('',#8722,#8723);
#8722 = CARTESIAN_POINT('',(153.494114,-123.187868,-4.5E-02));
#8723 = VECTOR('',#8724,1.);
#8724 = DIRECTION('',(0.,0.,1.));
#8725 = ORIENTED_EDGE('',*,*,#8127,.F.);
#8726 = ORIENTED_EDGE('',*,*,#8720,.F.);
#8727 = CYLINDRICAL_SURFACE('',#8728,0.4);
#8728 = AXIS2_PLACEMENT_3D('',#8729,#8730,#8731);
#8729 = CARTESIAN_POINT('',(153.494114,-122.787868,-4.5E-02));
#8730 = DIRECTION('',(-0.,-0.,-1.));
#8731 = DIRECTION('',(-0.,-1.,0.));
#8732 = ADVANCED_FACE('',(#8733),#8744,.F.);
#8733 = FACE_BOUND('',#8734,.T.);
#8734 = EDGE_LOOP('',(#8735,#8736,#8742,#8743));
#8735 = ORIENTED_EDGE('',*,*,#7637,.T.);
#8736 = ORIENTED_EDGE('',*,*,#8737,.T.);
#8737 = EDGE_CURVE('',#7638,#8139,#8738,.T.);
#8738 = LINE('',#8739,#8740);
#8739 = CARTESIAN_POINT('',(160.782,-122.038,-4.5E-02));
#8740 = VECTOR('',#8741,1.);
#8741 = DIRECTION('',(0.,0.,1.));
#8742 = ORIENTED_EDGE('',*,*,#8138,.F.);
#8743 = ORIENTED_EDGE('',*,*,#8737,.F.);
#8744 = CYLINDRICAL_SURFACE('',#8745,2.15);
#8745 = AXIS2_PLACEMENT_3D('',#8746,#8747,#8748);
#8746 = CARTESIAN_POINT('',(160.782,-119.888,-4.5E-02));
#8747 = DIRECTION('',(-0.,0.,-1.));
#8748 = DIRECTION('',(1.321939973507E-14,-1.,-0.));
#8749 = ADVANCED_FACE('',(#8750),#8761,.F.);
#8750 = FACE_BOUND('',#8751,.T.);
#8751 = EDGE_LOOP('',(#8752,#8753,#8759,#8760));
#8752 = ORIENTED_EDGE('',*,*,#7648,.T.);
#8753 = ORIENTED_EDGE('',*,*,#8754,.T.);
#8754 = EDGE_CURVE('',#7649,#8150,#8755,.T.);
#8755 = LINE('',#8756,#8757);
#8756 = CARTESIAN_POINT('',(149.103,-115.004,-4.5E-02));
#8757 = VECTOR('',#8758,1.);
#8758 = DIRECTION('',(0.,0.,1.));
#8759 = ORIENTED_EDGE('',*,*,#8149,.F.);
#8760 = ORIENTED_EDGE('',*,*,#8754,.F.);
#8761 = CYLINDRICAL_SURFACE('',#8762,0.45);
#8762 = AXIS2_PLACEMENT_3D('',#8763,#8764,#8765);
#8763 = CARTESIAN_POINT('',(149.103,-114.554,-4.5E-02));
#8764 = DIRECTION('',(-0.,-0.,-1.));
#8765 = DIRECTION('',(-0.,-1.,0.));
#8766 = ADVANCED_FACE('',(#8767),#8778,.F.);
#8767 = FACE_BOUND('',#8768,.T.);
#8768 = EDGE_LOOP('',(#8769,#8770,#8776,#8777));
#8769 = ORIENTED_EDGE('',*,*,#7659,.T.);
#8770 = ORIENTED_EDGE('',*,*,#8771,.T.);
#8771 = EDGE_CURVE('',#7660,#8161,#8772,.T.);
#8772 = LINE('',#8773,#8774);
#8773 = CARTESIAN_POINT('',(151.643,-115.004,-4.5E-02));
#8774 = VECTOR('',#8775,1.);
#8775 = DIRECTION('',(0.,0.,1.));
#8776 = ORIENTED_EDGE('',*,*,#8160,.F.);
#8777 = ORIENTED_EDGE('',*,*,#8771,.F.);
#8778 = CYLINDRICAL_SURFACE('',#8779,0.45);
#8779 = AXIS2_PLACEMENT_3D('',#8780,#8781,#8782);
#8780 = CARTESIAN_POINT('',(151.643,-114.554,-4.5E-02));
#8781 = DIRECTION('',(-0.,-0.,-1.));
#8782 = DIRECTION('',(-0.,-1.,0.));
#8783 = ADVANCED_FACE('',(#8784),#8795,.F.);
#8784 = FACE_BOUND('',#8785,.T.);
#8785 = EDGE_LOOP('',(#8786,#8787,#8793,#8794));
#8786 = ORIENTED_EDGE('',*,*,#7670,.T.);
#8787 = ORIENTED_EDGE('',*,*,#8788,.T.);
#8788 = EDGE_CURVE('',#7671,#8172,#8789,.T.);
#8789 = LINE('',#8790,#8791);
#8790 = CARTESIAN_POINT('',(134.62,-108.4225,-4.5E-02));
#8791 = VECTOR('',#8792,1.);
#8792 = DIRECTION('',(0.,0.,1.));
#8793 = ORIENTED_EDGE('',*,*,#8171,.F.);
#8794 = ORIENTED_EDGE('',*,*,#8788,.F.);
#8795 = CYLINDRICAL_SURFACE('',#8796,0.4);
#8796 = AXIS2_PLACEMENT_3D('',#8797,#8798,#8799);
#8797 = CARTESIAN_POINT('',(134.62,-108.0225,-4.5E-02));
#8798 = DIRECTION('',(-0.,-0.,-1.));
#8799 = DIRECTION('',(-0.,-1.,0.));
#8800 = ADVANCED_FACE('',(#8801),#8812,.F.);
#8801 = FACE_BOUND('',#8802,.T.);
#8802 = EDGE_LOOP('',(#8803,#8804,#8810,#8811));
#8803 = ORIENTED_EDGE('',*,*,#7681,.T.);
#8804 = ORIENTED_EDGE('',*,*,#8805,.T.);
#8805 = EDGE_CURVE('',#7682,#8183,#8806,.T.);
#8806 = LINE('',#8807,#8808);
#8807 = CARTESIAN_POINT('',(139.7,-108.4225,-4.5E-02));
#8808 = VECTOR('',#8809,1.);
#8809 = DIRECTION('',(0.,0.,1.));
#8810 = ORIENTED_EDGE('',*,*,#8182,.F.);
#8811 = ORIENTED_EDGE('',*,*,#8805,.F.);
#8812 = CYLINDRICAL_SURFACE('',#8813,0.4);
#8813 = AXIS2_PLACEMENT_3D('',#8814,#8815,#8816);
#8814 = CARTESIAN_POINT('',(139.7,-108.0225,-4.5E-02));
#8815 = DIRECTION('',(-0.,-0.,-1.));
#8816 = DIRECTION('',(-0.,-1.,0.));
#8817 = ADVANCED_FACE('',(#8818),#8829,.F.);
#8818 = FACE_BOUND('',#8819,.T.);
#8819 = EDGE_LOOP('',(#8820,#8821,#8827,#8828));
#8820 = ORIENTED_EDGE('',*,*,#7692,.T.);
#8821 = ORIENTED_EDGE('',*,*,#8822,.T.);
#8822 = EDGE_CURVE('',#7693,#8194,#8823,.T.);
#8823 = LINE('',#8824,#8825);
#8824 = CARTESIAN_POINT('',(134.62,-105.8825,-4.5E-02));
#8825 = VECTOR('',#8826,1.);
#8826 = DIRECTION('',(0.,0.,1.));
#8827 = ORIENTED_EDGE('',*,*,#8193,.F.);
#8828 = ORIENTED_EDGE('',*,*,#8822,.F.);
#8829 = CYLINDRICAL_SURFACE('',#8830,0.4);
#8830 = AXIS2_PLACEMENT_3D('',#8831,#8832,#8833);
#8831 = CARTESIAN_POINT('',(134.62,-105.4825,-4.5E-02));
#8832 = DIRECTION('',(-0.,-0.,-1.));
#8833 = DIRECTION('',(-0.,-1.,0.));
#8834 = ADVANCED_FACE('',(#8835),#8846,.F.);
#8835 = FACE_BOUND('',#8836,.T.);
#8836 = EDGE_LOOP('',(#8837,#8838,#8844,#8845));
#8837 = ORIENTED_EDGE('',*,*,#7703,.T.);
#8838 = ORIENTED_EDGE('',*,*,#8839,.T.);
#8839 = EDGE_CURVE('',#7704,#8205,#8840,.T.);
#8840 = LINE('',#8841,#8842);
#8841 = CARTESIAN_POINT('',(134.62,-103.3425,-4.5E-02));
#8842 = VECTOR('',#8843,1.);
#8843 = DIRECTION('',(0.,0.,1.));
#8844 = ORIENTED_EDGE('',*,*,#8204,.F.);
#8845 = ORIENTED_EDGE('',*,*,#8839,.F.);
#8846 = CYLINDRICAL_SURFACE('',#8847,0.4);
#8847 = AXIS2_PLACEMENT_3D('',#8848,#8849,#8850);
#8848 = CARTESIAN_POINT('',(134.62,-102.9425,-4.5E-02));
#8849 = DIRECTION('',(-0.,-0.,-1.));
#8850 = DIRECTION('',(-0.,-1.,0.));
#8851 = ADVANCED_FACE('',(#8852),#8863,.F.);
#8852 = FACE_BOUND('',#8853,.T.);
#8853 = EDGE_LOOP('',(#8854,#8855,#8861,#8862));
#8854 = ORIENTED_EDGE('',*,*,#7714,.T.);
#8855 = ORIENTED_EDGE('',*,*,#8856,.T.);
#8856 = EDGE_CURVE('',#7715,#8216,#8857,.T.);
#8857 = LINE('',#8858,#8859);
#8858 = CARTESIAN_POINT('',(139.7,-105.8825,-4.5E-02));
#8859 = VECTOR('',#8860,1.);
#8860 = DIRECTION('',(0.,0.,1.));
#8861 = ORIENTED_EDGE('',*,*,#8215,.F.);
#8862 = ORIENTED_EDGE('',*,*,#8856,.F.);
#8863 = CYLINDRICAL_SURFACE('',#8864,0.4);
#8864 = AXIS2_PLACEMENT_3D('',#8865,#8866,#8867);
#8865 = CARTESIAN_POINT('',(139.7,-105.4825,-4.5E-02));
#8866 = DIRECTION('',(-0.,-0.,-1.));
#8867 = DIRECTION('',(-0.,-1.,0.));
#8868 = ADVANCED_FACE('',(#8869),#8880,.F.);
#8869 = FACE_BOUND('',#8870,.T.);
#8870 = EDGE_LOOP('',(#8871,#8872,#8878,#8879));
#8871 = ORIENTED_EDGE('',*,*,#7725,.T.);
#8872 = ORIENTED_EDGE('',*,*,#8873,.T.);
#8873 = EDGE_CURVE('',#7726,#8227,#8874,.T.);
#8874 = LINE('',#8875,#8876);
#8875 = CARTESIAN_POINT('',(139.7,-103.3425,-4.5E-02));
#8876 = VECTOR('',#8877,1.);
#8877 = DIRECTION('',(0.,0.,1.));
#8878 = ORIENTED_EDGE('',*,*,#8226,.F.);
#8879 = ORIENTED_EDGE('',*,*,#8873,.F.);
#8880 = CYLINDRICAL_SURFACE('',#8881,0.4);
#8881 = AXIS2_PLACEMENT_3D('',#8882,#8883,#8884);
#8882 = CARTESIAN_POINT('',(139.7,-102.9425,-4.5E-02));
#8883 = DIRECTION('',(-0.,-0.,-1.));
#8884 = DIRECTION('',(-0.,-1.,0.));
#8885 = ADVANCED_FACE('',(#8886),#8897,.F.);
#8886 = FACE_BOUND('',#8887,.T.);
#8887 = EDGE_LOOP('',(#8888,#8889,#8895,#8896));
#8888 = ORIENTED_EDGE('',*,*,#7736,.T.);
#8889 = ORIENTED_EDGE('',*,*,#8890,.T.);
#8890 = EDGE_CURVE('',#7737,#8238,#8891,.T.);
#8891 = LINE('',#8892,#8893);
#8892 = CARTESIAN_POINT('',(149.879431,-105.18046,-4.5E-02));
#8893 = VECTOR('',#8894,1.);
#8894 = DIRECTION('',(0.,0.,1.));
#8895 = ORIENTED_EDGE('',*,*,#8237,.F.);
#8896 = ORIENTED_EDGE('',*,*,#8890,.F.);
#8897 = CYLINDRICAL_SURFACE('',#8898,0.7);
#8898 = AXIS2_PLACEMENT_3D('',#8899,#8900,#8901);
#8899 = CARTESIAN_POINT('',(149.879431,-104.48046,-4.5E-02));
#8900 = DIRECTION('',(-0.,-0.,-1.));
#8901 = DIRECTION('',(-0.,-1.,0.));
#8902 = ADVANCED_FACE('',(#8903),#8914,.F.);
#8903 = FACE_BOUND('',#8904,.T.);
#8904 = EDGE_LOOP('',(#8905,#8906,#8912,#8913));
#8905 = ORIENTED_EDGE('',*,*,#7747,.T.);
#8906 = ORIENTED_EDGE('',*,*,#8907,.T.);
#8907 = EDGE_CURVE('',#7748,#8249,#8908,.T.);
#8908 = LINE('',#8909,#8910);
#8909 = CARTESIAN_POINT('',(109.22,-99.76,-4.5E-02));
#8910 = VECTOR('',#8911,1.);
#8911 = DIRECTION('',(0.,0.,1.));
#8912 = ORIENTED_EDGE('',*,*,#8248,.F.);
#8913 = ORIENTED_EDGE('',*,*,#8907,.F.);
#8914 = CYLINDRICAL_SURFACE('',#8915,0.7);
#8915 = AXIS2_PLACEMENT_3D('',#8916,#8917,#8918);
#8916 = CARTESIAN_POINT('',(109.22,-99.06,-4.5E-02));
#8917 = DIRECTION('',(-0.,-0.,-1.));
#8918 = DIRECTION('',(-0.,-1.,0.));
#8919 = ADVANCED_FACE('',(#8920),#8931,.F.);
#8920 = FACE_BOUND('',#8921,.T.);
#8921 = EDGE_LOOP('',(#8922,#8923,#8929,#8930));
#8922 = ORIENTED_EDGE('',*,*,#7758,.T.);
#8923 = ORIENTED_EDGE('',*,*,#8924,.T.);
#8924 = EDGE_CURVE('',#7759,#8260,#8925,.T.);
#8925 = LINE('',#8926,#8927);
#8926 = CARTESIAN_POINT('',(119.7229,-95.8305,-4.5E-02));
#8927 = VECTOR('',#8928,1.);
#8928 = DIRECTION('',(0.,0.,1.));
#8929 = ORIENTED_EDGE('',*,*,#8259,.F.);
#8930 = ORIENTED_EDGE('',*,*,#8924,.F.);
#8931 = CYLINDRICAL_SURFACE('',#8932,0.508);
#8932 = AXIS2_PLACEMENT_3D('',#8933,#8934,#8935);
#8933 = CARTESIAN_POINT('',(119.7229,-95.3225,-4.5E-02));
#8934 = DIRECTION('',(-0.,-0.,-1.));
#8935 = DIRECTION('',(-2.797412345512E-14,-1.,0.));
#8936 = ADVANCED_FACE('',(#8937),#8948,.F.);
#8937 = FACE_BOUND('',#8938,.T.);
#8938 = EDGE_LOOP('',(#8939,#8940,#8946,#8947));
#8939 = ORIENTED_EDGE('',*,*,#7769,.T.);
#8940 = ORIENTED_EDGE('',*,*,#8941,.T.);
#8941 = EDGE_CURVE('',#7770,#8271,#8942,.T.);
#8942 = LINE('',#8943,#8944);
#8943 = CARTESIAN_POINT('',(124.8029,-95.8305,-4.5E-02));
#8944 = VECTOR('',#8945,1.);
#8945 = DIRECTION('',(0.,0.,1.));
#8946 = ORIENTED_EDGE('',*,*,#8270,.F.);
#8947 = ORIENTED_EDGE('',*,*,#8941,.F.);
#8948 = CYLINDRICAL_SURFACE('',#8949,0.508);
#8949 = AXIS2_PLACEMENT_3D('',#8950,#8951,#8952);
#8950 = CARTESIAN_POINT('',(124.8029,-95.3225,-4.5E-02));
#8951 = DIRECTION('',(-0.,-0.,-1.));
#8952 = DIRECTION('',(-0.,-1.,0.));
#8953 = ADVANCED_FACE('',(#8954),#8965,.F.);
#8954 = FACE_BOUND('',#8955,.T.);
#8955 = EDGE_LOOP('',(#8956,#8957,#8963,#8964));
#8956 = ORIENTED_EDGE('',*,*,#7780,.T.);
#8957 = ORIENTED_EDGE('',*,*,#8958,.T.);
#8958 = EDGE_CURVE('',#7781,#8282,#8959,.T.);
#8959 = LINE('',#8960,#8961);
#8960 = CARTESIAN_POINT('',(109.22,-90.02,-4.5E-02));
#8961 = VECTOR('',#8962,1.);
#8962 = DIRECTION('',(0.,0.,1.));
#8963 = ORIENTED_EDGE('',*,*,#8281,.F.);
#8964 = ORIENTED_EDGE('',*,*,#8958,.F.);
#8965 = CYLINDRICAL_SURFACE('',#8966,0.7);
#8966 = AXIS2_PLACEMENT_3D('',#8967,#8968,#8969);
#8967 = CARTESIAN_POINT('',(109.22,-89.32,-4.5E-02));
#8968 = DIRECTION('',(-0.,-0.,-1.));
#8969 = DIRECTION('',(-0.,-1.,0.));
#8970 = ADVANCED_FACE('',(#8971),#8982,.F.);
#8971 = FACE_BOUND('',#8972,.T.);
#8972 = EDGE_LOOP('',(#8973,#8974,#8980,#8981));
#8973 = ORIENTED_EDGE('',*,*,#7791,.T.);
#8974 = ORIENTED_EDGE('',*,*,#8975,.T.);
#8975 = EDGE_CURVE('',#7792,#8293,#8976,.T.);
#8976 = LINE('',#8977,#8978);
#8977 = CARTESIAN_POINT('',(98.552,-86.986,-4.5E-02));
#8978 = VECTOR('',#8979,1.);
#8979 = DIRECTION('',(0.,0.,1.));
#8980 = ORIENTED_EDGE('',*,*,#8292,.F.);
#8981 = ORIENTED_EDGE('',*,*,#8975,.F.);
#8982 = CYLINDRICAL_SURFACE('',#8983,2.15);
#8983 = AXIS2_PLACEMENT_3D('',#8984,#8985,#8986);
#8984 = CARTESIAN_POINT('',(98.552,-84.836,-4.5E-02));
#8985 = DIRECTION('',(-0.,0.,-1.));
#8986 = DIRECTION('',(6.609699867536E-15,-1.,-0.));
#8987 = ADVANCED_FACE('',(#8988),#8999,.F.);
#8988 = FACE_BOUND('',#8989,.T.);
#8989 = EDGE_LOOP('',(#8990,#8991,#8997,#8998));
#8990 = ORIENTED_EDGE('',*,*,#7802,.T.);
#8991 = ORIENTED_EDGE('',*,*,#8992,.T.);
#8992 = EDGE_CURVE('',#7803,#8304,#8993,.T.);
#8993 = LINE('',#8994,#8995);
#8994 = CARTESIAN_POINT('',(109.22,-84.52,-4.5E-02));
#8995 = VECTOR('',#8996,1.);
#8996 = DIRECTION('',(0.,0.,1.));
#8997 = ORIENTED_EDGE('',*,*,#8303,.F.);
#8998 = ORIENTED_EDGE('',*,*,#8992,.F.);
#8999 = CYLINDRICAL_SURFACE('',#9000,0.7);
#9000 = AXIS2_PLACEMENT_3D('',#9001,#9002,#9003);
#9001 = CARTESIAN_POINT('',(109.22,-83.82,-4.5E-02));
#9002 = DIRECTION('',(-0.,-0.,-1.));
#9003 = DIRECTION('',(-0.,-1.,0.));
#9004 = ADVANCED_FACE('',(#9005),#9016,.F.);
#9005 = FACE_BOUND('',#9006,.T.);
#9006 = EDGE_LOOP('',(#9007,#9008,#9014,#9015));
#9007 = ORIENTED_EDGE('',*,*,#7813,.T.);
#9008 = ORIENTED_EDGE('',*,*,#9009,.T.);
#9009 = EDGE_CURVE('',#7814,#8315,#9010,.T.);
#9010 = LINE('',#9011,#9012);
#9011 = CARTESIAN_POINT('',(116.84,-88.2525,-4.5E-02));
#9012 = VECTOR('',#9013,1.);
#9013 = DIRECTION('',(0.,0.,1.));
#9014 = ORIENTED_EDGE('',*,*,#8314,.F.);
#9015 = ORIENTED_EDGE('',*,*,#9009,.F.);
#9016 = CYLINDRICAL_SURFACE('',#9017,0.55);
#9017 = AXIS2_PLACEMENT_3D('',#9018,#9019,#9020);
#9018 = CARTESIAN_POINT('',(116.84,-87.7025,-4.5E-02));
#9019 = DIRECTION('',(-0.,-0.,-1.));
#9020 = DIRECTION('',(-0.,-1.,0.));
#9021 = ADVANCED_FACE('',(#9022),#9033,.F.);
#9022 = FACE_BOUND('',#9023,.T.);
#9023 = EDGE_LOOP('',(#9024,#9025,#9031,#9032));
#9024 = ORIENTED_EDGE('',*,*,#7824,.T.);
#9025 = ORIENTED_EDGE('',*,*,#9026,.T.);
#9026 = EDGE_CURVE('',#7825,#8326,#9027,.T.);
#9027 = LINE('',#9028,#9029);
#9028 = CARTESIAN_POINT('',(127.,-88.2525,-4.5E-02));
#9029 = VECTOR('',#9030,1.);
#9030 = DIRECTION('',(0.,0.,1.));
#9031 = ORIENTED_EDGE('',*,*,#8325,.F.);
#9032 = ORIENTED_EDGE('',*,*,#9026,.F.);
#9033 = CYLINDRICAL_SURFACE('',#9034,0.55);
#9034 = AXIS2_PLACEMENT_3D('',#9035,#9036,#9037);
#9035 = CARTESIAN_POINT('',(127.,-87.7025,-4.5E-02));
#9036 = DIRECTION('',(-0.,-0.,-1.));
#9037 = DIRECTION('',(-0.,-1.,0.));
#9038 = ADVANCED_FACE('',(#9039),#9050,.F.);
#9039 = FACE_BOUND('',#9040,.T.);
#9040 = EDGE_LOOP('',(#9041,#9042,#9048,#9049));
#9041 = ORIENTED_EDGE('',*,*,#7835,.T.);
#9042 = ORIENTED_EDGE('',*,*,#9043,.T.);
#9043 = EDGE_CURVE('',#7836,#8337,#9044,.T.);
#9044 = LINE('',#9045,#9046);
#9045 = CARTESIAN_POINT('',(134.62,-100.8025,-4.5E-02));
#9046 = VECTOR('',#9047,1.);
#9047 = DIRECTION('',(0.,0.,1.));
#9048 = ORIENTED_EDGE('',*,*,#8336,.F.);
#9049 = ORIENTED_EDGE('',*,*,#9043,.F.);
#9050 = CYLINDRICAL_SURFACE('',#9051,0.4);
#9051 = AXIS2_PLACEMENT_3D('',#9052,#9053,#9054);
#9052 = CARTESIAN_POINT('',(134.62,-100.4025,-4.5E-02));
#9053 = DIRECTION('',(-0.,-0.,-1.));
#9054 = DIRECTION('',(-0.,-1.,0.));
#9055 = ADVANCED_FACE('',(#9056),#9067,.F.);
#9056 = FACE_BOUND('',#9057,.T.);
#9057 = EDGE_LOOP('',(#9058,#9059,#9065,#9066));
#9058 = ORIENTED_EDGE('',*,*,#7846,.T.);
#9059 = ORIENTED_EDGE('',*,*,#9060,.T.);
#9060 = EDGE_CURVE('',#7847,#8348,#9061,.T.);
#9061 = LINE('',#9062,#9063);
#9062 = CARTESIAN_POINT('',(139.7,-100.8025,-4.5E-02));
#9063 = VECTOR('',#9064,1.);
#9064 = DIRECTION('',(0.,0.,1.));
#9065 = ORIENTED_EDGE('',*,*,#8347,.F.);
#9066 = ORIENTED_EDGE('',*,*,#9060,.F.);
#9067 = CYLINDRICAL_SURFACE('',#9068,0.4);
#9068 = AXIS2_PLACEMENT_3D('',#9069,#9070,#9071);
#9069 = CARTESIAN_POINT('',(139.7,-100.4025,-4.5E-02));
#9070 = DIRECTION('',(-0.,-0.,-1.));
#9071 = DIRECTION('',(-0.,-1.,0.));
#9072 = ADVANCED_FACE('',(#9073),#9084,.F.);
#9073 = FACE_BOUND('',#9074,.T.);
#9074 = EDGE_LOOP('',(#9075,#9076,#9082,#9083));
#9075 = ORIENTED_EDGE('',*,*,#7857,.T.);
#9076 = ORIENTED_EDGE('',*,*,#9077,.T.);
#9077 = EDGE_CURVE('',#7858,#8359,#9078,.T.);
#9078 = LINE('',#9079,#9080);
#9079 = CARTESIAN_POINT('',(134.62,-95.7225,-4.5E-02));
#9080 = VECTOR('',#9081,1.);
#9081 = DIRECTION('',(0.,0.,1.));
#9082 = ORIENTED_EDGE('',*,*,#8358,.F.);
#9083 = ORIENTED_EDGE('',*,*,#9077,.F.);
#9084 = CYLINDRICAL_SURFACE('',#9085,0.4);
#9085 = AXIS2_PLACEMENT_3D('',#9086,#9087,#9088);
#9086 = CARTESIAN_POINT('',(134.62,-95.3225,-4.5E-02));
#9087 = DIRECTION('',(-0.,-0.,-1.));
#9088 = DIRECTION('',(-0.,-1.,0.));
#9089 = ADVANCED_FACE('',(#9090),#9101,.F.);
#9090 = FACE_BOUND('',#9091,.T.);
#9091 = EDGE_LOOP('',(#9092,#9093,#9099,#9100));
#9092 = ORIENTED_EDGE('',*,*,#7868,.T.);
#9093 = ORIENTED_EDGE('',*,*,#9094,.T.);
#9094 = EDGE_CURVE('',#7869,#8370,#9095,.T.);
#9095 = LINE('',#9096,#9097);
#9096 = CARTESIAN_POINT('',(139.7,-95.7225,-4.5E-02));
#9097 = VECTOR('',#9098,1.);
#9098 = DIRECTION('',(0.,0.,1.));
#9099 = ORIENTED_EDGE('',*,*,#8369,.F.);
#9100 = ORIENTED_EDGE('',*,*,#9094,.F.);
#9101 = CYLINDRICAL_SURFACE('',#9102,0.4);
#9102 = AXIS2_PLACEMENT_3D('',#9103,#9104,#9105);
#9103 = CARTESIAN_POINT('',(139.7,-95.3225,-4.5E-02));
#9104 = DIRECTION('',(-0.,-0.,-1.));
#9105 = DIRECTION('',(-0.,-1.,0.));
#9106 = ADVANCED_FACE('',(#9107),#9118,.F.);
#9107 = FACE_BOUND('',#9108,.T.);
#9108 = EDGE_LOOP('',(#9109,#9110,#9116,#9117));
#9109 = ORIENTED_EDGE('',*,*,#7879,.T.);
#9110 = ORIENTED_EDGE('',*,*,#9111,.T.);
#9111 = EDGE_CURVE('',#7880,#8381,#9112,.T.);
#9112 = LINE('',#9113,#9114);
#9113 = CARTESIAN_POINT('',(149.879431,-99.68046,-4.5E-02));
#9114 = VECTOR('',#9115,1.);
#9115 = DIRECTION('',(0.,0.,1.));
#9116 = ORIENTED_EDGE('',*,*,#8380,.F.);
#9117 = ORIENTED_EDGE('',*,*,#9111,.F.);
#9118 = CYLINDRICAL_SURFACE('',#9119,0.7);
#9119 = AXIS2_PLACEMENT_3D('',#9120,#9121,#9122);
#9120 = CARTESIAN_POINT('',(149.879431,-98.98046,-4.5E-02));
#9121 = DIRECTION('',(-0.,-0.,-1.));
#9122 = DIRECTION('',(-0.,-1.,0.));
#9123 = ADVANCED_FACE('',(#9124),#9135,.F.);
#9124 = FACE_BOUND('',#9125,.T.);
#9125 = EDGE_LOOP('',(#9126,#9127,#9133,#9134));
#9126 = ORIENTED_EDGE('',*,*,#7890,.T.);
#9127 = ORIENTED_EDGE('',*,*,#9128,.T.);
#9128 = EDGE_CURVE('',#7891,#8392,#9129,.T.);
#9129 = LINE('',#9130,#9131);
#9130 = CARTESIAN_POINT('',(132.08,-88.2525,-4.5E-02));
#9131 = VECTOR('',#9132,1.);
#9132 = DIRECTION('',(0.,0.,1.));
#9133 = ORIENTED_EDGE('',*,*,#8391,.F.);
#9134 = ORIENTED_EDGE('',*,*,#9128,.F.);
#9135 = CYLINDRICAL_SURFACE('',#9136,0.55);
#9136 = AXIS2_PLACEMENT_3D('',#9137,#9138,#9139);
#9137 = CARTESIAN_POINT('',(132.08,-87.7025,-4.5E-02));
#9138 = DIRECTION('',(-0.,0.,-1.));
#9139 = DIRECTION('',(5.1675835328E-14,-1.,-0.));
#9140 = ADVANCED_FACE('',(#9141),#9152,.F.);
#9141 = FACE_BOUND('',#9142,.T.);
#9142 = EDGE_LOOP('',(#9143,#9144,#9150,#9151));
#9143 = ORIENTED_EDGE('',*,*,#7901,.T.);
#9144 = ORIENTED_EDGE('',*,*,#9145,.T.);
#9145 = EDGE_CURVE('',#7902,#8403,#9146,.T.);
#9146 = LINE('',#9147,#9148);
#9147 = CARTESIAN_POINT('',(142.24,-88.2525,-4.5E-02));
#9148 = VECTOR('',#9149,1.);
#9149 = DIRECTION('',(0.,0.,1.));
#9150 = ORIENTED_EDGE('',*,*,#8402,.F.);
#9151 = ORIENTED_EDGE('',*,*,#9145,.F.);
#9152 = CYLINDRICAL_SURFACE('',#9153,0.55);
#9153 = AXIS2_PLACEMENT_3D('',#9154,#9155,#9156);
#9154 = CARTESIAN_POINT('',(142.24,-87.7025,-4.5E-02));
#9155 = DIRECTION('',(-0.,-0.,-1.));
#9156 = DIRECTION('',(-0.,-1.,0.));
#9157 = ADVANCED_FACE('',(#9158),#9169,.F.);
#9158 = FACE_BOUND('',#9159,.T.);
#9159 = EDGE_LOOP('',(#9160,#9161,#9167,#9168));
#9160 = ORIENTED_EDGE('',*,*,#7912,.T.);
#9161 = ORIENTED_EDGE('',*,*,#9162,.T.);
#9162 = EDGE_CURVE('',#7913,#8414,#9163,.T.);
#9163 = LINE('',#9164,#9165);
#9164 = CARTESIAN_POINT('',(149.86,-90.362,-4.5E-02));
#9165 = VECTOR('',#9166,1.);
#9166 = DIRECTION('',(0.,0.,1.));
#9167 = ORIENTED_EDGE('',*,*,#8413,.F.);
#9168 = ORIENTED_EDGE('',*,*,#9162,.F.);
#9169 = CYLINDRICAL_SURFACE('',#9170,0.7);
#9170 = AXIS2_PLACEMENT_3D('',#9171,#9172,#9173);
#9171 = CARTESIAN_POINT('',(149.86,-89.662,-4.5E-02));
#9172 = DIRECTION('',(-0.,-0.,-1.));
#9173 = DIRECTION('',(-0.,-1.,0.));
#9174 = ADVANCED_FACE('',(#9175),#9186,.F.);
#9175 = FACE_BOUND('',#9176,.T.);
#9176 = EDGE_LOOP('',(#9177,#9178,#9184,#9185));
#9177 = ORIENTED_EDGE('',*,*,#7923,.T.);
#9178 = ORIENTED_EDGE('',*,*,#9179,.T.);
#9179 = EDGE_CURVE('',#7924,#8425,#9180,.T.);
#9180 = LINE('',#9181,#9182);
#9181 = CARTESIAN_POINT('',(149.86,-84.862,-4.5E-02));
#9182 = VECTOR('',#9183,1.);
#9183 = DIRECTION('',(0.,0.,1.));
#9184 = ORIENTED_EDGE('',*,*,#8424,.F.);
#9185 = ORIENTED_EDGE('',*,*,#9179,.F.);
#9186 = CYLINDRICAL_SURFACE('',#9187,0.7);
#9187 = AXIS2_PLACEMENT_3D('',#9188,#9189,#9190);
#9188 = CARTESIAN_POINT('',(149.86,-84.162,-4.5E-02));
#9189 = DIRECTION('',(-0.,-0.,-1.));
#9190 = DIRECTION('',(-0.,-1.,0.));
#9191 = ADVANCED_FACE('',(#9192),#9203,.F.);
#9192 = FACE_BOUND('',#9193,.T.);
#9193 = EDGE_LOOP('',(#9194,#9195,#9201,#9202));
#9194 = ORIENTED_EDGE('',*,*,#7934,.T.);
#9195 = ORIENTED_EDGE('',*,*,#9196,.T.);
#9196 = EDGE_CURVE('',#7935,#8436,#9197,.T.);
#9197 = LINE('',#9198,#9199);
#9198 = CARTESIAN_POINT('',(160.782,-86.986,-4.5E-02));
#9199 = VECTOR('',#9200,1.);
#9200 = DIRECTION('',(0.,0.,1.));
#9201 = ORIENTED_EDGE('',*,*,#8435,.F.);
#9202 = ORIENTED_EDGE('',*,*,#9196,.F.);
#9203 = CYLINDRICAL_SURFACE('',#9204,2.15);
#9204 = AXIS2_PLACEMENT_3D('',#9205,#9206,#9207);
#9205 = CARTESIAN_POINT('',(160.782,-84.836,-4.5E-02));
#9206 = DIRECTION('',(-0.,0.,-1.));
#9207 = DIRECTION('',(1.321939973507E-14,-1.,-0.));
#9208 = ( GEOMETRIC_REPRESENTATION_CONTEXT(3) 
GLOBAL_UNCERTAINTY_ASSIGNED_CONTEXT((#9212)) 
GLOBAL_UNIT_ASSIGNED_CONTEXT((#9209,#9210,#9211)) REPRESENTATION_CONTEXT
('Context #1','3D Context with UNIT and UNCERTAINTY') );
#9209 = ( LENGTH_UNIT() NAMED_UNIT(*) SI_UNIT(.MILLI.,.METRE.) );
#9210 = ( NAMED_UNIT(*) PLANE_ANGLE_UNIT() SI_UNIT($,.RADIAN.) );
#9211 = ( NAMED_UNIT(*) SI_UNIT($,.STERADIAN.) SOLID_ANGLE_UNIT() );
#9212 = UNCERTAINTY_MEASURE_WITH_UNIT(LENGTH_MEASURE(1.E-07),#9209,
  'distance_accuracy_value','confusion accuracy');
#9213 = CONTEXT_DEPENDENT_SHAPE_REPRESENTATION(#9214,#9216);
#9214 = ( REPRESENTATION_RELATIONSHIP('','',#7341,#10) 
REPRESENTATION_RELATIONSHIP_WITH_TRANSFORMATION(#9215) 
SHAPE_REPRESENTATION_RELATIONSHIP() );
#9215 = ITEM_DEFINED_TRANSFORMATION('','',#11,#59);
#9216 = PRODUCT_DEFINITION_SHAPE('Placement','Placement of an item',
  #9217);
#9217 = NEXT_ASSEMBLY_USAGE_OCCURRENCE('17','=>[0:1:1:12]','',#5,#7336,$
  );
#9218 = PRODUCT_RELATED_PRODUCT_CATEGORY('part',$,(#7338));
#9219 = MECHANICAL_DESIGN_GEOMETRIC_PRESENTATION_REPRESENTATION('',(
    #9220,#9228,#9235,#9242,#9250,#9257,#9264,#9271,#9279,#9286,#9293,
    #9300,#9307,#9314,#9321),#2850);
#9220 = STYLED_ITEM('color',(#9221),#2517);
#9221 = PRESENTATION_STYLE_ASSIGNMENT((#9222));
#9222 = SURFACE_STYLE_USAGE(.BOTH.,#9223);
#9223 = SURFACE_SIDE_STYLE('',(#9224));
#9224 = SURFACE_STYLE_FILL_AREA(#9225);
#9225 = FILL_AREA_STYLE('',(#9226));
#9226 = FILL_AREA_STYLE_COLOUR('',#9227);
#9227 = COLOUR_RGB('',0.894999966383,0.890999961016,0.813000030345);
#9228 = STYLED_ITEM('color',(#9229),#2550);
#9229 = PRESENTATION_STYLE_ASSIGNMENT((#9230));
#9230 = SURFACE_STYLE_USAGE(.BOTH.,#9231);
#9231 = SURFACE_SIDE_STYLE('',(#9232));
#9232 = SURFACE_STYLE_FILL_AREA(#9233);
#9233 = FILL_AREA_STYLE('',(#9234));
#9234 = FILL_AREA_STYLE_COLOUR('',#9227);
#9235 = STYLED_ITEM('color',(#9236),#2570);
#9236 = PRESENTATION_STYLE_ASSIGNMENT((#9237));
#9237 = SURFACE_STYLE_USAGE(.BOTH.,#9238);
#9238 = SURFACE_SIDE_STYLE('',(#9239));
#9239 = SURFACE_STYLE_FILL_AREA(#9240);
#9240 = FILL_AREA_STYLE('',(#9241));
#9241 = FILL_AREA_STYLE_COLOUR('',#9227);
#9242 = STYLED_ITEM('color',(#9243),#2590);
#9243 = PRESENTATION_STYLE_ASSIGNMENT((#9244));
#9244 = SURFACE_STYLE_USAGE(.BOTH.,#9245);
#9245 = SURFACE_SIDE_STYLE('',(#9246));
#9246 = SURFACE_STYLE_FILL_AREA(#9247);
#9247 = FILL_AREA_STYLE('',(#9248));
#9248 = FILL_AREA_STYLE_COLOUR('',#9249);
#9249 = COLOUR_RGB('',0.147999998088,0.144999993226,0.144999993226);
#9250 = STYLED_ITEM('color',(#9251),#2615);
#9251 = PRESENTATION_STYLE_ASSIGNMENT((#9252));
#9252 = SURFACE_STYLE_USAGE(.BOTH.,#9253);
#9253 = SURFACE_SIDE_STYLE('',(#9254));
#9254 = SURFACE_STYLE_FILL_AREA(#9255);
#9255 = FILL_AREA_STYLE('',(#9256));
#9256 = FILL_AREA_STYLE_COLOUR('',#9249);
#9257 = STYLED_ITEM('color',(#9258),#2640);
#9258 = PRESENTATION_STYLE_ASSIGNMENT((#9259));
#9259 = SURFACE_STYLE_USAGE(.BOTH.,#9260);
#9260 = SURFACE_SIDE_STYLE('',(#9261));
#9261 = SURFACE_STYLE_FILL_AREA(#9262);
#9262 = FILL_AREA_STYLE('',(#9263));
#9263 = FILL_AREA_STYLE_COLOUR('',#9249);
#9264 = STYLED_ITEM('color',(#9265),#2660);
#9265 = PRESENTATION_STYLE_ASSIGNMENT((#9266));
#9266 = SURFACE_STYLE_USAGE(.BOTH.,#9267);
#9267 = SURFACE_SIDE_STYLE('',(#9268));
#9268 = SURFACE_STYLE_FILL_AREA(#9269);
#9269 = FILL_AREA_STYLE('',(#9270));
#9270 = FILL_AREA_STYLE_COLOUR('',#9249);
#9271 = STYLED_ITEM('color',(#9272),#2680);
#9272 = PRESENTATION_STYLE_ASSIGNMENT((#9273));
#9273 = SURFACE_STYLE_USAGE(.BOTH.,#9274);
#9274 = SURFACE_SIDE_STYLE('',(#9275));
#9275 = SURFACE_STYLE_FILL_AREA(#9276);
#9276 = FILL_AREA_STYLE('',(#9277));
#9277 = FILL_AREA_STYLE_COLOUR('',#9278);
#9278 = COLOUR_RGB('',0.823999987314,0.819999987296,0.781000009244);
#9279 = STYLED_ITEM('color',(#9280),#2705);
#9280 = PRESENTATION_STYLE_ASSIGNMENT((#9281));
#9281 = SURFACE_STYLE_USAGE(.BOTH.,#9282);
#9282 = SURFACE_SIDE_STYLE('',(#9283));
#9283 = SURFACE_STYLE_FILL_AREA(#9284);
#9284 = FILL_AREA_STYLE('',(#9285));
#9285 = FILL_AREA_STYLE_COLOUR('',#9278);
#9286 = STYLED_ITEM('color',(#9287),#2730);
#9287 = PRESENTATION_STYLE_ASSIGNMENT((#9288));
#9288 = SURFACE_STYLE_USAGE(.BOTH.,#9289);
#9289 = SURFACE_SIDE_STYLE('',(#9290));
#9290 = SURFACE_STYLE_FILL_AREA(#9291);
#9291 = FILL_AREA_STYLE('',(#9292));
#9292 = FILL_AREA_STYLE_COLOUR('',#9278);
#9293 = STYLED_ITEM('color',(#9294),#2756);
#9294 = PRESENTATION_STYLE_ASSIGNMENT((#9295));
#9295 = SURFACE_STYLE_USAGE(.BOTH.,#9296);
#9296 = SURFACE_SIDE_STYLE('',(#9297));
#9297 = SURFACE_STYLE_FILL_AREA(#9298);
#9298 = FILL_AREA_STYLE('',(#9299));
#9299 = FILL_AREA_STYLE_COLOUR('',#9278);
#9300 = STYLED_ITEM('color',(#9301),#2782);
#9301 = PRESENTATION_STYLE_ASSIGNMENT((#9302));
#9302 = SURFACE_STYLE_USAGE(.BOTH.,#9303);
#9303 = SURFACE_SIDE_STYLE('',(#9304));
#9304 = SURFACE_STYLE_FILL_AREA(#9305);
#9305 = FILL_AREA_STYLE('',(#9306));
#9306 = FILL_AREA_STYLE_COLOUR('',#9278);
#9307 = STYLED_ITEM('color',(#9308),#2807);
#9308 = PRESENTATION_STYLE_ASSIGNMENT((#9309));
#9309 = SURFACE_STYLE_USAGE(.BOTH.,#9310);
#9310 = SURFACE_SIDE_STYLE('',(#9311));
#9311 = SURFACE_STYLE_FILL_AREA(#9312);
#9312 = FILL_AREA_STYLE('',(#9313));
#9313 = FILL_AREA_STYLE_COLOUR('',#9278);
#9314 = STYLED_ITEM('color',(#9315),#2832);
#9315 = PRESENTATION_STYLE_ASSIGNMENT((#9316));
#9316 = SURFACE_STYLE_USAGE(.BOTH.,#9317);
#9317 = SURFACE_SIDE_STYLE('',(#9318));
#9318 = SURFACE_STYLE_FILL_AREA(#9319);
#9319 = FILL_AREA_STYLE('',(#9320));
#9320 = FILL_AREA_STYLE_COLOUR('',#9278);
#9321 = STYLED_ITEM('color',(#9322),#2841);
#9322 = PRESENTATION_STYLE_ASSIGNMENT((#9323));
#9323 = SURFACE_STYLE_USAGE(.BOTH.,#9324);
#9324 = SURFACE_SIDE_STYLE('',(#9325));
#9325 = SURFACE_STYLE_FILL_AREA(#9326);
#9326 = FILL_AREA_STYLE('',(#9327));
#9327 = FILL_AREA_STYLE_COLOUR('',#9278);
#9328 = MECHANICAL_DESIGN_GEOMETRIC_PRESENTATION_REPRESENTATION('',(
    #9329,#9336,#9343,#9350,#9357,#9364,#9371,#9378,#9385,#9392,#9399,
    #9406,#9413,#9420,#9427,#9434,#9441,#9448,#9455,#9462,#9469,#9476,
    #9483,#9490,#9497,#9504,#9511,#9518,#9525,#9532,#9539,#9546,#9553,
    #9560,#9567,#9574,#9581,#9588,#9595,#9602,#9609,#9616,#9623,#9630,
    #9637,#9644,#9651,#9658,#9665,#9672,#9679,#9686,#9693,#9700,#9707,
    #9714,#9721,#9728,#9735,#9742,#9749,#9756,#9763,#9770,#9777,#9784,
    #9791,#9798,#9805,#9812,#9819,#9826,#9833,#9840,#9847,#9854,#9861,
    #9868,#9875,#9882,#9889,#9896,#9903,#9910,#9917,#9924,#9931,#9938,
    #9945,#9952,#9959,#9966,#9973,#9980,#9987,#9994,#10001,#10008,#10015
    ,#10022,#10029,#10036,#10043,#10050,#10057),#7308);
#9329 = STYLED_ITEM('color',(#9330),#4081);
#9330 = PRESENTATION_STYLE_ASSIGNMENT((#9331));
#9331 = SURFACE_STYLE_USAGE(.BOTH.,#9332);
#9332 = SURFACE_SIDE_STYLE('',(#9333));
#9333 = SURFACE_STYLE_FILL_AREA(#9334);
#9334 = FILL_AREA_STYLE('',(#9335));
#9335 = FILL_AREA_STYLE_COLOUR('',#9249);
#9336 = STYLED_ITEM('color',(#9337),#4098);
#9337 = PRESENTATION_STYLE_ASSIGNMENT((#9338));
#9338 = SURFACE_STYLE_USAGE(.BOTH.,#9339);
#9339 = SURFACE_SIDE_STYLE('',(#9340));
#9340 = SURFACE_STYLE_FILL_AREA(#9341);
#9341 = FILL_AREA_STYLE('',(#9342));
#9342 = FILL_AREA_STYLE_COLOUR('',#9249);
#9343 = STYLED_ITEM('color',(#9344),#4123);
#9344 = PRESENTATION_STYLE_ASSIGNMENT((#9345));
#9345 = SURFACE_STYLE_USAGE(.BOTH.,#9346);
#9346 = SURFACE_SIDE_STYLE('',(#9347));
#9347 = SURFACE_STYLE_FILL_AREA(#9348);
#9348 = FILL_AREA_STYLE('',(#9349));
#9349 = FILL_AREA_STYLE_COLOUR('',#9278);
#9350 = STYLED_ITEM('color',(#9351),#4246);
#9351 = PRESENTATION_STYLE_ASSIGNMENT((#9352));
#9352 = SURFACE_STYLE_USAGE(.BOTH.,#9353);
#9353 = SURFACE_SIDE_STYLE('',(#9354));
#9354 = SURFACE_STYLE_FILL_AREA(#9355);
#9355 = FILL_AREA_STYLE('',(#9356));
#9356 = FILL_AREA_STYLE_COLOUR('',#9278);
#9357 = STYLED_ITEM('color',(#9358),#4277);
#9358 = PRESENTATION_STYLE_ASSIGNMENT((#9359));
#9359 = SURFACE_STYLE_USAGE(.BOTH.,#9360);
#9360 = SURFACE_SIDE_STYLE('',(#9361));
#9361 = SURFACE_STYLE_FILL_AREA(#9362);
#9362 = FILL_AREA_STYLE('',(#9363));
#9363 = FILL_AREA_STYLE_COLOUR('',#9278);
#9364 = STYLED_ITEM('color',(#9365),#4302);
#9365 = PRESENTATION_STYLE_ASSIGNMENT((#9366));
#9366 = SURFACE_STYLE_USAGE(.BOTH.,#9367);
#9367 = SURFACE_SIDE_STYLE('',(#9368));
#9368 = SURFACE_STYLE_FILL_AREA(#9369);
#9369 = FILL_AREA_STYLE('',(#9370));
#9370 = FILL_AREA_STYLE_COLOUR('',#9278);
#9371 = STYLED_ITEM('color',(#9372),#4327);
#9372 = PRESENTATION_STYLE_ASSIGNMENT((#9373));
#9373 = SURFACE_STYLE_USAGE(.BOTH.,#9374);
#9374 = SURFACE_SIDE_STYLE('',(#9375));
#9375 = SURFACE_STYLE_FILL_AREA(#9376);
#9376 = FILL_AREA_STYLE('',(#9377));
#9377 = FILL_AREA_STYLE_COLOUR('',#9278);
#9378 = STYLED_ITEM('color',(#9379),#4351);
#9379 = PRESENTATION_STYLE_ASSIGNMENT((#9380));
#9380 = SURFACE_STYLE_USAGE(.BOTH.,#9381);
#9381 = SURFACE_SIDE_STYLE('',(#9382));
#9382 = SURFACE_STYLE_FILL_AREA(#9383);
#9383 = FILL_AREA_STYLE('',(#9384));
#9384 = FILL_AREA_STYLE_COLOUR('',#9278);
#9385 = STYLED_ITEM('color',(#9386),#4375);
#9386 = PRESENTATION_STYLE_ASSIGNMENT((#9387));
#9387 = SURFACE_STYLE_USAGE(.BOTH.,#9388);
#9388 = SURFACE_SIDE_STYLE('',(#9389));
#9389 = SURFACE_STYLE_FILL_AREA(#9390);
#9390 = FILL_AREA_STYLE('',(#9391));
#9391 = FILL_AREA_STYLE_COLOUR('',#9278);
#9392 = STYLED_ITEM('color',(#9393),#4400);
#9393 = PRESENTATION_STYLE_ASSIGNMENT((#9394));
#9394 = SURFACE_STYLE_USAGE(.BOTH.,#9395);
#9395 = SURFACE_SIDE_STYLE('',(#9396));
#9396 = SURFACE_STYLE_FILL_AREA(#9397);
#9397 = FILL_AREA_STYLE('',(#9398));
#9398 = FILL_AREA_STYLE_COLOUR('',#9278);
#9399 = STYLED_ITEM('color',(#9400),#4425);
#9400 = PRESENTATION_STYLE_ASSIGNMENT((#9401));
#9401 = SURFACE_STYLE_USAGE(.BOTH.,#9402);
#9402 = SURFACE_SIDE_STYLE('',(#9403));
#9403 = SURFACE_STYLE_FILL_AREA(#9404);
#9404 = FILL_AREA_STYLE('',(#9405));
#9405 = FILL_AREA_STYLE_COLOUR('',#9278);
#9406 = STYLED_ITEM('color',(#9407),#4442);
#9407 = PRESENTATION_STYLE_ASSIGNMENT((#9408));
#9408 = SURFACE_STYLE_USAGE(.BOTH.,#9409);
#9409 = SURFACE_SIDE_STYLE('',(#9410));
#9410 = SURFACE_STYLE_FILL_AREA(#9411);
#9411 = FILL_AREA_STYLE('',(#9412));
#9412 = FILL_AREA_STYLE_COLOUR('',#9249);
#9413 = STYLED_ITEM('color',(#9414),#4467);
#9414 = PRESENTATION_STYLE_ASSIGNMENT((#9415));
#9415 = SURFACE_STYLE_USAGE(.BOTH.,#9416);
#9416 = SURFACE_SIDE_STYLE('',(#9417));
#9417 = SURFACE_STYLE_FILL_AREA(#9418);
#9418 = FILL_AREA_STYLE('',(#9419));
#9419 = FILL_AREA_STYLE_COLOUR('',#9249);
#9420 = STYLED_ITEM('color',(#9421),#4492);
#9421 = PRESENTATION_STYLE_ASSIGNMENT((#9422));
#9422 = SURFACE_STYLE_USAGE(.BOTH.,#9423);
#9423 = SURFACE_SIDE_STYLE('',(#9424));
#9424 = SURFACE_STYLE_FILL_AREA(#9425);
#9425 = FILL_AREA_STYLE('',(#9426));
#9426 = FILL_AREA_STYLE_COLOUR('',#9249);
#9427 = STYLED_ITEM('color',(#9428),#4517);
#9428 = PRESENTATION_STYLE_ASSIGNMENT((#9429));
#9429 = SURFACE_STYLE_USAGE(.BOTH.,#9430);
#9430 = SURFACE_SIDE_STYLE('',(#9431));
#9431 = SURFACE_STYLE_FILL_AREA(#9432);
#9432 = FILL_AREA_STYLE('',(#9433));
#9433 = FILL_AREA_STYLE_COLOUR('',#9249);
#9434 = STYLED_ITEM('color',(#9435),#4542);
#9435 = PRESENTATION_STYLE_ASSIGNMENT((#9436));
#9436 = SURFACE_STYLE_USAGE(.BOTH.,#9437);
#9437 = SURFACE_SIDE_STYLE('',(#9438));
#9438 = SURFACE_STYLE_FILL_AREA(#9439);
#9439 = FILL_AREA_STYLE('',(#9440));
#9440 = FILL_AREA_STYLE_COLOUR('',#9249);
#9441 = STYLED_ITEM('color',(#9442),#4573);
#9442 = PRESENTATION_STYLE_ASSIGNMENT((#9443));
#9443 = SURFACE_STYLE_USAGE(.BOTH.,#9444);
#9444 = SURFACE_SIDE_STYLE('',(#9445));
#9445 = SURFACE_STYLE_FILL_AREA(#9446);
#9446 = FILL_AREA_STYLE('',(#9447));
#9447 = FILL_AREA_STYLE_COLOUR('',#9249);
#9448 = STYLED_ITEM('color',(#9449),#4598);
#9449 = PRESENTATION_STYLE_ASSIGNMENT((#9450));
#9450 = SURFACE_STYLE_USAGE(.BOTH.,#9451);
#9451 = SURFACE_SIDE_STYLE('',(#9452));
#9452 = SURFACE_STYLE_FILL_AREA(#9453);
#9453 = FILL_AREA_STYLE('',(#9454));
#9454 = FILL_AREA_STYLE_COLOUR('',#9249);
#9455 = STYLED_ITEM('color',(#9456),#4623);
#9456 = PRESENTATION_STYLE_ASSIGNMENT((#9457));
#9457 = SURFACE_STYLE_USAGE(.BOTH.,#9458);
#9458 = SURFACE_SIDE_STYLE('',(#9459));
#9459 = SURFACE_STYLE_FILL_AREA(#9460);
#9460 = FILL_AREA_STYLE('',(#9461));
#9461 = FILL_AREA_STYLE_COLOUR('',#9249);
#9462 = STYLED_ITEM('color',(#9463),#4711);
#9463 = PRESENTATION_STYLE_ASSIGNMENT((#9464));
#9464 = SURFACE_STYLE_USAGE(.BOTH.,#9465);
#9465 = SURFACE_SIDE_STYLE('',(#9466));
#9466 = SURFACE_STYLE_FILL_AREA(#9467);
#9467 = FILL_AREA_STYLE('',(#9468));
#9468 = FILL_AREA_STYLE_COLOUR('',#9249);
#9469 = STYLED_ITEM('color',(#9470),#4799);
#9470 = PRESENTATION_STYLE_ASSIGNMENT((#9471));
#9471 = SURFACE_STYLE_USAGE(.BOTH.,#9472);
#9472 = SURFACE_SIDE_STYLE('',(#9473));
#9473 = SURFACE_STYLE_FILL_AREA(#9474);
#9474 = FILL_AREA_STYLE('',(#9475));
#9475 = FILL_AREA_STYLE_COLOUR('',#9249);
#9476 = STYLED_ITEM('color',(#9477),#4824);
#9477 = PRESENTATION_STYLE_ASSIGNMENT((#9478));
#9478 = SURFACE_STYLE_USAGE(.BOTH.,#9479);
#9479 = SURFACE_SIDE_STYLE('',(#9480));
#9480 = SURFACE_STYLE_FILL_AREA(#9481);
#9481 = FILL_AREA_STYLE('',(#9482));
#9482 = FILL_AREA_STYLE_COLOUR('',#9249);
#9483 = STYLED_ITEM('color',(#9484),#4849);
#9484 = PRESENTATION_STYLE_ASSIGNMENT((#9485));
#9485 = SURFACE_STYLE_USAGE(.BOTH.,#9486);
#9486 = SURFACE_SIDE_STYLE('',(#9487));
#9487 = SURFACE_STYLE_FILL_AREA(#9488);
#9488 = FILL_AREA_STYLE('',(#9489));
#9489 = FILL_AREA_STYLE_COLOUR('',#9249);
#9490 = STYLED_ITEM('color',(#9491),#4866);
#9491 = PRESENTATION_STYLE_ASSIGNMENT((#9492));
#9492 = SURFACE_STYLE_USAGE(.BOTH.,#9493);
#9493 = SURFACE_SIDE_STYLE('',(#9494));
#9494 = SURFACE_STYLE_FILL_AREA(#9495);
#9495 = FILL_AREA_STYLE('',(#9496));
#9496 = FILL_AREA_STYLE_COLOUR('',#9249);
#9497 = STYLED_ITEM('color',(#9498),#4875);
#9498 = PRESENTATION_STYLE_ASSIGNMENT((#9499));
#9499 = SURFACE_STYLE_USAGE(.BOTH.,#9500);
#9500 = SURFACE_SIDE_STYLE('',(#9501));
#9501 = SURFACE_STYLE_FILL_AREA(#9502);
#9502 = FILL_AREA_STYLE('',(#9503));
#9503 = FILL_AREA_STYLE_COLOUR('',#9249);
#9504 = STYLED_ITEM('color',(#9505),#4901);
#9505 = PRESENTATION_STYLE_ASSIGNMENT((#9506));
#9506 = SURFACE_STYLE_USAGE(.BOTH.,#9507);
#9507 = SURFACE_SIDE_STYLE('',(#9508));
#9508 = SURFACE_STYLE_FILL_AREA(#9509);
#9509 = FILL_AREA_STYLE('',(#9510));
#9510 = FILL_AREA_STYLE_COLOUR('',#9249);
#9511 = STYLED_ITEM('color',(#9512),#4910);
#9512 = PRESENTATION_STYLE_ASSIGNMENT((#9513));
#9513 = SURFACE_STYLE_USAGE(.BOTH.,#9514);
#9514 = SURFACE_SIDE_STYLE('',(#9515));
#9515 = SURFACE_STYLE_FILL_AREA(#9516);
#9516 = FILL_AREA_STYLE('',(#9517));
#9517 = FILL_AREA_STYLE_COLOUR('',#9249);
#9518 = STYLED_ITEM('color',(#9519),#4919);
#9519 = PRESENTATION_STYLE_ASSIGNMENT((#9520));
#9520 = SURFACE_STYLE_USAGE(.BOTH.,#9521);
#9521 = SURFACE_SIDE_STYLE('',(#9522));
#9522 = SURFACE_STYLE_FILL_AREA(#9523);
#9523 = FILL_AREA_STYLE('',(#9524));
#9524 = FILL_AREA_STYLE_COLOUR('',#9249);
#9525 = STYLED_ITEM('color',(#9526),#4963);
#9526 = PRESENTATION_STYLE_ASSIGNMENT((#9527));
#9527 = SURFACE_STYLE_USAGE(.BOTH.,#9528);
#9528 = SURFACE_SIDE_STYLE('',(#9529));
#9529 = SURFACE_STYLE_FILL_AREA(#9530);
#9530 = FILL_AREA_STYLE('',(#9531));
#9531 = FILL_AREA_STYLE_COLOUR('',#9278);
#9532 = STYLED_ITEM('color',(#9533),#5113);
#9533 = PRESENTATION_STYLE_ASSIGNMENT((#9534));
#9534 = SURFACE_STYLE_USAGE(.BOTH.,#9535);
#9535 = SURFACE_SIDE_STYLE('',(#9536));
#9536 = SURFACE_STYLE_FILL_AREA(#9537);
#9537 = FILL_AREA_STYLE('',(#9538));
#9538 = FILL_AREA_STYLE_COLOUR('',#9278);
#9539 = STYLED_ITEM('color',(#9540),#5137);
#9540 = PRESENTATION_STYLE_ASSIGNMENT((#9541));
#9541 = SURFACE_STYLE_USAGE(.BOTH.,#9542);
#9542 = SURFACE_SIDE_STYLE('',(#9543));
#9543 = SURFACE_STYLE_FILL_AREA(#9544);
#9544 = FILL_AREA_STYLE('',(#9545));
#9545 = FILL_AREA_STYLE_COLOUR('',#9278);
#9546 = STYLED_ITEM('color',(#9547),#5280);
#9547 = PRESENTATION_STYLE_ASSIGNMENT((#9548));
#9548 = SURFACE_STYLE_USAGE(.BOTH.,#9549);
#9549 = SURFACE_SIDE_STYLE('',(#9550));
#9550 = SURFACE_STYLE_FILL_AREA(#9551);
#9551 = FILL_AREA_STYLE('',(#9552));
#9552 = FILL_AREA_STYLE_COLOUR('',#9278);
#9553 = STYLED_ITEM('color',(#9554),#5430);
#9554 = PRESENTATION_STYLE_ASSIGNMENT((#9555));
#9555 = SURFACE_STYLE_USAGE(.BOTH.,#9556);
#9556 = SURFACE_SIDE_STYLE('',(#9557));
#9557 = SURFACE_STYLE_FILL_AREA(#9558);
#9558 = FILL_AREA_STYLE('',(#9559));
#9559 = FILL_AREA_STYLE_COLOUR('',#9278);
#9560 = STYLED_ITEM('color',(#9561),#5580);
#9561 = PRESENTATION_STYLE_ASSIGNMENT((#9562));
#9562 = SURFACE_STYLE_USAGE(.BOTH.,#9563);
#9563 = SURFACE_SIDE_STYLE('',(#9564));
#9564 = SURFACE_STYLE_FILL_AREA(#9565);
#9565 = FILL_AREA_STYLE('',(#9566));
#9566 = FILL_AREA_STYLE_COLOUR('',#9278);
#9567 = STYLED_ITEM('color',(#9568),#5597);
#9568 = PRESENTATION_STYLE_ASSIGNMENT((#9569));
#9569 = SURFACE_STYLE_USAGE(.BOTH.,#9570);
#9570 = SURFACE_SIDE_STYLE('',(#9571));
#9571 = SURFACE_STYLE_FILL_AREA(#9572);
#9572 = FILL_AREA_STYLE('',(#9573));
#9573 = FILL_AREA_STYLE_COLOUR('',#9278);
#9574 = STYLED_ITEM('color',(#9575),#5747);
#9575 = PRESENTATION_STYLE_ASSIGNMENT((#9576));
#9576 = SURFACE_STYLE_USAGE(.BOTH.,#9577);
#9577 = SURFACE_SIDE_STYLE('',(#9578));
#9578 = SURFACE_STYLE_FILL_AREA(#9579);
#9579 = FILL_AREA_STYLE('',(#9580));
#9580 = FILL_AREA_STYLE_COLOUR('',#9278);
#9581 = STYLED_ITEM('color',(#9582),#5771);
#9582 = PRESENTATION_STYLE_ASSIGNMENT((#9583));
#9583 = SURFACE_STYLE_USAGE(.BOTH.,#9584);
#9584 = SURFACE_SIDE_STYLE('',(#9585));
#9585 = SURFACE_STYLE_FILL_AREA(#9586);
#9586 = FILL_AREA_STYLE('',(#9587));
#9587 = FILL_AREA_STYLE_COLOUR('',#9278);
#9588 = STYLED_ITEM('color',(#9589),#5914);
#9589 = PRESENTATION_STYLE_ASSIGNMENT((#9590));
#9590 = SURFACE_STYLE_USAGE(.BOTH.,#9591);
#9591 = SURFACE_SIDE_STYLE('',(#9592));
#9592 = SURFACE_STYLE_FILL_AREA(#9593);
#9593 = FILL_AREA_STYLE('',(#9594));
#9594 = FILL_AREA_STYLE_COLOUR('',#9278);
#9595 = STYLED_ITEM('color',(#9596),#6064);
#9596 = PRESENTATION_STYLE_ASSIGNMENT((#9597));
#9597 = SURFACE_STYLE_USAGE(.BOTH.,#9598);
#9598 = SURFACE_SIDE_STYLE('',(#9599));
#9599 = SURFACE_STYLE_FILL_AREA(#9600);
#9600 = FILL_AREA_STYLE('',(#9601));
#9601 = FILL_AREA_STYLE_COLOUR('',#9278);
#9602 = STYLED_ITEM('color',(#9603),#6214);
#9603 = PRESENTATION_STYLE_ASSIGNMENT((#9604));
#9604 = SURFACE_STYLE_USAGE(.BOTH.,#9605);
#9605 = SURFACE_SIDE_STYLE('',(#9606));
#9606 = SURFACE_STYLE_FILL_AREA(#9607);
#9607 = FILL_AREA_STYLE('',(#9608));
#9608 = FILL_AREA_STYLE_COLOUR('',#9278);
#9609 = STYLED_ITEM('color',(#9610),#6231);
#9610 = PRESENTATION_STYLE_ASSIGNMENT((#9611));
#9611 = SURFACE_STYLE_USAGE(.BOTH.,#9612);
#9612 = SURFACE_SIDE_STYLE('',(#9613));
#9613 = SURFACE_STYLE_FILL_AREA(#9614);
#9614 = FILL_AREA_STYLE('',(#9615));
#9615 = FILL_AREA_STYLE_COLOUR('',#9249);
#9616 = STYLED_ITEM('color',(#9617),#6240);
#9617 = PRESENTATION_STYLE_ASSIGNMENT((#9618));
#9618 = SURFACE_STYLE_USAGE(.BOTH.,#9619);
#9619 = SURFACE_SIDE_STYLE('',(#9620));
#9620 = SURFACE_STYLE_FILL_AREA(#9621);
#9621 = FILL_AREA_STYLE('',(#9622));
#9622 = FILL_AREA_STYLE_COLOUR('',#9278);
#9623 = STYLED_ITEM('color',(#9624),#6257);
#9624 = PRESENTATION_STYLE_ASSIGNMENT((#9625));
#9625 = SURFACE_STYLE_USAGE(.BOTH.,#9626);
#9626 = SURFACE_SIDE_STYLE('',(#9627));
#9627 = SURFACE_STYLE_FILL_AREA(#9628);
#9628 = FILL_AREA_STYLE('',(#9629));
#9629 = FILL_AREA_STYLE_COLOUR('',#9278);
#9630 = STYLED_ITEM('color',(#9631),#6274);
#9631 = PRESENTATION_STYLE_ASSIGNMENT((#9632));
#9632 = SURFACE_STYLE_USAGE(.BOTH.,#9633);
#9633 = SURFACE_SIDE_STYLE('',(#9634));
#9634 = SURFACE_STYLE_FILL_AREA(#9635);
#9635 = FILL_AREA_STYLE('',(#9636));
#9636 = FILL_AREA_STYLE_COLOUR('',#9278);
#9637 = STYLED_ITEM('color',(#9638),#6291);
#9638 = PRESENTATION_STYLE_ASSIGNMENT((#9639));
#9639 = SURFACE_STYLE_USAGE(.BOTH.,#9640);
#9640 = SURFACE_SIDE_STYLE('',(#9641));
#9641 = SURFACE_STYLE_FILL_AREA(#9642);
#9642 = FILL_AREA_STYLE('',(#9643));
#9643 = FILL_AREA_STYLE_COLOUR('',#9278);
#9644 = STYLED_ITEM('color',(#9645),#6308);
#9645 = PRESENTATION_STYLE_ASSIGNMENT((#9646));
#9646 = SURFACE_STYLE_USAGE(.BOTH.,#9647);
#9647 = SURFACE_SIDE_STYLE('',(#9648));
#9648 = SURFACE_STYLE_FILL_AREA(#9649);
#9649 = FILL_AREA_STYLE('',(#9650));
#9650 = FILL_AREA_STYLE_COLOUR('',#9278);
#9651 = STYLED_ITEM('color',(#9652),#6330);
#9652 = PRESENTATION_STYLE_ASSIGNMENT((#9653));
#9653 = SURFACE_STYLE_USAGE(.BOTH.,#9654);
#9654 = SURFACE_SIDE_STYLE('',(#9655));
#9655 = SURFACE_STYLE_FILL_AREA(#9656);
#9656 = FILL_AREA_STYLE('',(#9657));
#9657 = FILL_AREA_STYLE_COLOUR('',#9278);
#9658 = STYLED_ITEM('color',(#9659),#6347);
#9659 = PRESENTATION_STYLE_ASSIGNMENT((#9660));
#9660 = SURFACE_STYLE_USAGE(.BOTH.,#9661);
#9661 = SURFACE_SIDE_STYLE('',(#9662));
#9662 = SURFACE_STYLE_FILL_AREA(#9663);
#9663 = FILL_AREA_STYLE('',(#9664));
#9664 = FILL_AREA_STYLE_COLOUR('',#9278);
#9665 = STYLED_ITEM('color',(#9666),#6364);
#9666 = PRESENTATION_STYLE_ASSIGNMENT((#9667));
#9667 = SURFACE_STYLE_USAGE(.BOTH.,#9668);
#9668 = SURFACE_SIDE_STYLE('',(#9669));
#9669 = SURFACE_STYLE_FILL_AREA(#9670);
#9670 = FILL_AREA_STYLE('',(#9671));
#9671 = FILL_AREA_STYLE_COLOUR('',#9278);
#9672 = STYLED_ITEM('color',(#9673),#6381);
#9673 = PRESENTATION_STYLE_ASSIGNMENT((#9674));
#9674 = SURFACE_STYLE_USAGE(.BOTH.,#9675);
#9675 = SURFACE_SIDE_STYLE('',(#9676));
#9676 = SURFACE_STYLE_FILL_AREA(#9677);
#9677 = FILL_AREA_STYLE('',(#9678));
#9678 = FILL_AREA_STYLE_COLOUR('',#9278);
#9679 = STYLED_ITEM('color',(#9680),#6398);
#9680 = PRESENTATION_STYLE_ASSIGNMENT((#9681));
#9681 = SURFACE_STYLE_USAGE(.BOTH.,#9682);
#9682 = SURFACE_SIDE_STYLE('',(#9683));
#9683 = SURFACE_STYLE_FILL_AREA(#9684);
#9684 = FILL_AREA_STYLE('',(#9685));
#9685 = FILL_AREA_STYLE_COLOUR('',#9278);
#9686 = STYLED_ITEM('color',(#9687),#6410);
#9687 = PRESENTATION_STYLE_ASSIGNMENT((#9688));
#9688 = SURFACE_STYLE_USAGE(.BOTH.,#9689);
#9689 = SURFACE_SIDE_STYLE('',(#9690));
#9690 = SURFACE_STYLE_FILL_AREA(#9691);
#9691 = FILL_AREA_STYLE('',(#9692));
#9692 = FILL_AREA_STYLE_COLOUR('',#9278);
#9693 = STYLED_ITEM('color',(#9694),#6427);
#9694 = PRESENTATION_STYLE_ASSIGNMENT((#9695));
#9695 = SURFACE_STYLE_USAGE(.BOTH.,#9696);
#9696 = SURFACE_SIDE_STYLE('',(#9697));
#9697 = SURFACE_STYLE_FILL_AREA(#9698);
#9698 = FILL_AREA_STYLE('',(#9699));
#9699 = FILL_AREA_STYLE_COLOUR('',#9278);
#9700 = STYLED_ITEM('color',(#9701),#6444);
#9701 = PRESENTATION_STYLE_ASSIGNMENT((#9702));
#9702 = SURFACE_STYLE_USAGE(.BOTH.,#9703);
#9703 = SURFACE_SIDE_STYLE('',(#9704));
#9704 = SURFACE_STYLE_FILL_AREA(#9705);
#9705 = FILL_AREA_STYLE('',(#9706));
#9706 = FILL_AREA_STYLE_COLOUR('',#9278);
#9707 = STYLED_ITEM('color',(#9708),#6461);
#9708 = PRESENTATION_STYLE_ASSIGNMENT((#9709));
#9709 = SURFACE_STYLE_USAGE(.BOTH.,#9710);
#9710 = SURFACE_SIDE_STYLE('',(#9711));
#9711 = SURFACE_STYLE_FILL_AREA(#9712);
#9712 = FILL_AREA_STYLE('',(#9713));
#9713 = FILL_AREA_STYLE_COLOUR('',#9278);
#9714 = STYLED_ITEM('color',(#9715),#6478);
#9715 = PRESENTATION_STYLE_ASSIGNMENT((#9716));
#9716 = SURFACE_STYLE_USAGE(.BOTH.,#9717);
#9717 = SURFACE_SIDE_STYLE('',(#9718));
#9718 = SURFACE_STYLE_FILL_AREA(#9719);
#9719 = FILL_AREA_STYLE('',(#9720));
#9720 = FILL_AREA_STYLE_COLOUR('',#9278);
#9721 = STYLED_ITEM('color',(#9722),#6495);
#9722 = PRESENTATION_STYLE_ASSIGNMENT((#9723));
#9723 = SURFACE_STYLE_USAGE(.BOTH.,#9724);
#9724 = SURFACE_SIDE_STYLE('',(#9725));
#9725 = SURFACE_STYLE_FILL_AREA(#9726);
#9726 = FILL_AREA_STYLE('',(#9727));
#9727 = FILL_AREA_STYLE_COLOUR('',#9278);
#9728 = STYLED_ITEM('color',(#9729),#6512);
#9729 = PRESENTATION_STYLE_ASSIGNMENT((#9730));
#9730 = SURFACE_STYLE_USAGE(.BOTH.,#9731);
#9731 = SURFACE_SIDE_STYLE('',(#9732));
#9732 = SURFACE_STYLE_FILL_AREA(#9733);
#9733 = FILL_AREA_STYLE('',(#9734));
#9734 = FILL_AREA_STYLE_COLOUR('',#9278);
#9735 = STYLED_ITEM('color',(#9736),#6529);
#9736 = PRESENTATION_STYLE_ASSIGNMENT((#9737));
#9737 = SURFACE_STYLE_USAGE(.BOTH.,#9738);
#9738 = SURFACE_SIDE_STYLE('',(#9739));
#9739 = SURFACE_STYLE_FILL_AREA(#9740);
#9740 = FILL_AREA_STYLE('',(#9741));
#9741 = FILL_AREA_STYLE_COLOUR('',#9278);
#9742 = STYLED_ITEM('color',(#9743),#6546);
#9743 = PRESENTATION_STYLE_ASSIGNMENT((#9744));
#9744 = SURFACE_STYLE_USAGE(.BOTH.,#9745);
#9745 = SURFACE_SIDE_STYLE('',(#9746));
#9746 = SURFACE_STYLE_FILL_AREA(#9747);
#9747 = FILL_AREA_STYLE('',(#9748));
#9748 = FILL_AREA_STYLE_COLOUR('',#9278);
#9749 = STYLED_ITEM('color',(#9750),#6558);
#9750 = PRESENTATION_STYLE_ASSIGNMENT((#9751));
#9751 = SURFACE_STYLE_USAGE(.BOTH.,#9752);
#9752 = SURFACE_SIDE_STYLE('',(#9753));
#9753 = SURFACE_STYLE_FILL_AREA(#9754);
#9754 = FILL_AREA_STYLE('',(#9755));
#9755 = FILL_AREA_STYLE_COLOUR('',#9278);
#9756 = STYLED_ITEM('color',(#9757),#6580);
#9757 = PRESENTATION_STYLE_ASSIGNMENT((#9758));
#9758 = SURFACE_STYLE_USAGE(.BOTH.,#9759);
#9759 = SURFACE_SIDE_STYLE('',(#9760));
#9760 = SURFACE_STYLE_FILL_AREA(#9761);
#9761 = FILL_AREA_STYLE('',(#9762));
#9762 = FILL_AREA_STYLE_COLOUR('',#9278);
#9763 = STYLED_ITEM('color',(#9764),#6597);
#9764 = PRESENTATION_STYLE_ASSIGNMENT((#9765));
#9765 = SURFACE_STYLE_USAGE(.BOTH.,#9766);
#9766 = SURFACE_SIDE_STYLE('',(#9767));
#9767 = SURFACE_STYLE_FILL_AREA(#9768);
#9768 = FILL_AREA_STYLE('',(#9769));
#9769 = FILL_AREA_STYLE_COLOUR('',#9278);
#9770 = STYLED_ITEM('color',(#9771),#6614);
#9771 = PRESENTATION_STYLE_ASSIGNMENT((#9772));
#9772 = SURFACE_STYLE_USAGE(.BOTH.,#9773);
#9773 = SURFACE_SIDE_STYLE('',(#9774));
#9774 = SURFACE_STYLE_FILL_AREA(#9775);
#9775 = FILL_AREA_STYLE('',(#9776));
#9776 = FILL_AREA_STYLE_COLOUR('',#9278);
#9777 = STYLED_ITEM('color',(#9778),#6631);
#9778 = PRESENTATION_STYLE_ASSIGNMENT((#9779));
#9779 = SURFACE_STYLE_USAGE(.BOTH.,#9780);
#9780 = SURFACE_SIDE_STYLE('',(#9781));
#9781 = SURFACE_STYLE_FILL_AREA(#9782);
#9782 = FILL_AREA_STYLE('',(#9783));
#9783 = FILL_AREA_STYLE_COLOUR('',#9278);
#9784 = STYLED_ITEM('color',(#9785),#6648);
#9785 = PRESENTATION_STYLE_ASSIGNMENT((#9786));
#9786 = SURFACE_STYLE_USAGE(.BOTH.,#9787);
#9787 = SURFACE_SIDE_STYLE('',(#9788));
#9788 = SURFACE_STYLE_FILL_AREA(#9789);
#9789 = FILL_AREA_STYLE('',(#9790));
#9790 = FILL_AREA_STYLE_COLOUR('',#9278);
#9791 = STYLED_ITEM('color',(#9792),#6660);
#9792 = PRESENTATION_STYLE_ASSIGNMENT((#9793));
#9793 = SURFACE_STYLE_USAGE(.BOTH.,#9794);
#9794 = SURFACE_SIDE_STYLE('',(#9795));
#9795 = SURFACE_STYLE_FILL_AREA(#9796);
#9796 = FILL_AREA_STYLE('',(#9797));
#9797 = FILL_AREA_STYLE_COLOUR('',#9278);
#9798 = STYLED_ITEM('color',(#9799),#6677);
#9799 = PRESENTATION_STYLE_ASSIGNMENT((#9800));
#9800 = SURFACE_STYLE_USAGE(.BOTH.,#9801);
#9801 = SURFACE_SIDE_STYLE('',(#9802));
#9802 = SURFACE_STYLE_FILL_AREA(#9803);
#9803 = FILL_AREA_STYLE('',(#9804));
#9804 = FILL_AREA_STYLE_COLOUR('',#9278);
#9805 = STYLED_ITEM('color',(#9806),#6694);
#9806 = PRESENTATION_STYLE_ASSIGNMENT((#9807));
#9807 = SURFACE_STYLE_USAGE(.BOTH.,#9808);
#9808 = SURFACE_SIDE_STYLE('',(#9809));
#9809 = SURFACE_STYLE_FILL_AREA(#9810);
#9810 = FILL_AREA_STYLE('',(#9811));
#9811 = FILL_AREA_STYLE_COLOUR('',#9278);
#9812 = STYLED_ITEM('color',(#9813),#6711);
#9813 = PRESENTATION_STYLE_ASSIGNMENT((#9814));
#9814 = SURFACE_STYLE_USAGE(.BOTH.,#9815);
#9815 = SURFACE_SIDE_STYLE('',(#9816));
#9816 = SURFACE_STYLE_FILL_AREA(#9817);
#9817 = FILL_AREA_STYLE('',(#9818));
#9818 = FILL_AREA_STYLE_COLOUR('',#9278);
#9819 = STYLED_ITEM('color',(#9820),#6728);
#9820 = PRESENTATION_STYLE_ASSIGNMENT((#9821));
#9821 = SURFACE_STYLE_USAGE(.BOTH.,#9822);
#9822 = SURFACE_SIDE_STYLE('',(#9823));
#9823 = SURFACE_STYLE_FILL_AREA(#9824);
#9824 = FILL_AREA_STYLE('',(#9825));
#9825 = FILL_AREA_STYLE_COLOUR('',#9278);
#9826 = STYLED_ITEM('color',(#9827),#6745);
#9827 = PRESENTATION_STYLE_ASSIGNMENT((#9828));
#9828 = SURFACE_STYLE_USAGE(.BOTH.,#9829);
#9829 = SURFACE_SIDE_STYLE('',(#9830));
#9830 = SURFACE_STYLE_FILL_AREA(#9831);
#9831 = FILL_AREA_STYLE('',(#9832));
#9832 = FILL_AREA_STYLE_COLOUR('',#9278);
#9833 = STYLED_ITEM('color',(#9834),#6762);
#9834 = PRESENTATION_STYLE_ASSIGNMENT((#9835));
#9835 = SURFACE_STYLE_USAGE(.BOTH.,#9836);
#9836 = SURFACE_SIDE_STYLE('',(#9837));
#9837 = SURFACE_STYLE_FILL_AREA(#9838);
#9838 = FILL_AREA_STYLE('',(#9839));
#9839 = FILL_AREA_STYLE_COLOUR('',#9278);
#9840 = STYLED_ITEM('color',(#9841),#6779);
#9841 = PRESENTATION_STYLE_ASSIGNMENT((#9842));
#9842 = SURFACE_STYLE_USAGE(.BOTH.,#9843);
#9843 = SURFACE_SIDE_STYLE('',(#9844));
#9844 = SURFACE_STYLE_FILL_AREA(#9845);
#9845 = FILL_AREA_STYLE('',(#9846));
#9846 = FILL_AREA_STYLE_COLOUR('',#9278);
#9847 = STYLED_ITEM('color',(#9848),#6796);
#9848 = PRESENTATION_STYLE_ASSIGNMENT((#9849));
#9849 = SURFACE_STYLE_USAGE(.BOTH.,#9850);
#9850 = SURFACE_SIDE_STYLE('',(#9851));
#9851 = SURFACE_STYLE_FILL_AREA(#9852);
#9852 = FILL_AREA_STYLE('',(#9853));
#9853 = FILL_AREA_STYLE_COLOUR('',#9278);
#9854 = STYLED_ITEM('color',(#9855),#6808);
#9855 = PRESENTATION_STYLE_ASSIGNMENT((#9856));
#9856 = SURFACE_STYLE_USAGE(.BOTH.,#9857);
#9857 = SURFACE_SIDE_STYLE('',(#9858));
#9858 = SURFACE_STYLE_FILL_AREA(#9859);
#9859 = FILL_AREA_STYLE('',(#9860));
#9860 = FILL_AREA_STYLE_COLOUR('',#9278);
#9861 = STYLED_ITEM('color',(#9862),#6830);
#9862 = PRESENTATION_STYLE_ASSIGNMENT((#9863));
#9863 = SURFACE_STYLE_USAGE(.BOTH.,#9864);
#9864 = SURFACE_SIDE_STYLE('',(#9865));
#9865 = SURFACE_STYLE_FILL_AREA(#9866);
#9866 = FILL_AREA_STYLE('',(#9867));
#9867 = FILL_AREA_STYLE_COLOUR('',#9278);
#9868 = STYLED_ITEM('color',(#9869),#6847);
#9869 = PRESENTATION_STYLE_ASSIGNMENT((#9870));
#9870 = SURFACE_STYLE_USAGE(.BOTH.,#9871);
#9871 = SURFACE_SIDE_STYLE('',(#9872));
#9872 = SURFACE_STYLE_FILL_AREA(#9873);
#9873 = FILL_AREA_STYLE('',(#9874));
#9874 = FILL_AREA_STYLE_COLOUR('',#9278);
#9875 = STYLED_ITEM('color',(#9876),#6864);
#9876 = PRESENTATION_STYLE_ASSIGNMENT((#9877));
#9877 = SURFACE_STYLE_USAGE(.BOTH.,#9878);
#9878 = SURFACE_SIDE_STYLE('',(#9879));
#9879 = SURFACE_STYLE_FILL_AREA(#9880);
#9880 = FILL_AREA_STYLE('',(#9881));
#9881 = FILL_AREA_STYLE_COLOUR('',#9278);
#9882 = STYLED_ITEM('color',(#9883),#6881);
#9883 = PRESENTATION_STYLE_ASSIGNMENT((#9884));
#9884 = SURFACE_STYLE_USAGE(.BOTH.,#9885);
#9885 = SURFACE_SIDE_STYLE('',(#9886));
#9886 = SURFACE_STYLE_FILL_AREA(#9887);
#9887 = FILL_AREA_STYLE('',(#9888));
#9888 = FILL_AREA_STYLE_COLOUR('',#9278);
#9889 = STYLED_ITEM('color',(#9890),#6898);
#9890 = PRESENTATION_STYLE_ASSIGNMENT((#9891));
#9891 = SURFACE_STYLE_USAGE(.BOTH.,#9892);
#9892 = SURFACE_SIDE_STYLE('',(#9893));
#9893 = SURFACE_STYLE_FILL_AREA(#9894);
#9894 = FILL_AREA_STYLE('',(#9895));
#9895 = FILL_AREA_STYLE_COLOUR('',#9278);
#9896 = STYLED_ITEM('color',(#9897),#6910);
#9897 = PRESENTATION_STYLE_ASSIGNMENT((#9898));
#9898 = SURFACE_STYLE_USAGE(.BOTH.,#9899);
#9899 = SURFACE_SIDE_STYLE('',(#9900));
#9900 = SURFACE_STYLE_FILL_AREA(#9901);
#9901 = FILL_AREA_STYLE('',(#9902));
#9902 = FILL_AREA_STYLE_COLOUR('',#9278);
#9903 = STYLED_ITEM('color',(#9904),#6927);
#9904 = PRESENTATION_STYLE_ASSIGNMENT((#9905));
#9905 = SURFACE_STYLE_USAGE(.BOTH.,#9906);
#9906 = SURFACE_SIDE_STYLE('',(#9907));
#9907 = SURFACE_STYLE_FILL_AREA(#9908);
#9908 = FILL_AREA_STYLE('',(#9909));
#9909 = FILL_AREA_STYLE_COLOUR('',#9278);
#9910 = STYLED_ITEM('color',(#9911),#6944);
#9911 = PRESENTATION_STYLE_ASSIGNMENT((#9912));
#9912 = SURFACE_STYLE_USAGE(.BOTH.,#9913);
#9913 = SURFACE_SIDE_STYLE('',(#9914));
#9914 = SURFACE_STYLE_FILL_AREA(#9915);
#9915 = FILL_AREA_STYLE('',(#9916));
#9916 = FILL_AREA_STYLE_COLOUR('',#9278);
#9917 = STYLED_ITEM('color',(#9918),#6961);
#9918 = PRESENTATION_STYLE_ASSIGNMENT((#9919));
#9919 = SURFACE_STYLE_USAGE(.BOTH.,#9920);
#9920 = SURFACE_SIDE_STYLE('',(#9921));
#9921 = SURFACE_STYLE_FILL_AREA(#9922);
#9922 = FILL_AREA_STYLE('',(#9923));
#9923 = FILL_AREA_STYLE_COLOUR('',#9278);
#9924 = STYLED_ITEM('color',(#9925),#6978);
#9925 = PRESENTATION_STYLE_ASSIGNMENT((#9926));
#9926 = SURFACE_STYLE_USAGE(.BOTH.,#9927);
#9927 = SURFACE_SIDE_STYLE('',(#9928));
#9928 = SURFACE_STYLE_FILL_AREA(#9929);
#9929 = FILL_AREA_STYLE('',(#9930));
#9930 = FILL_AREA_STYLE_COLOUR('',#9278);
#9931 = STYLED_ITEM('color',(#9932),#6995);
#9932 = PRESENTATION_STYLE_ASSIGNMENT((#9933));
#9933 = SURFACE_STYLE_USAGE(.BOTH.,#9934);
#9934 = SURFACE_SIDE_STYLE('',(#9935));
#9935 = SURFACE_STYLE_FILL_AREA(#9936);
#9936 = FILL_AREA_STYLE('',(#9937));
#9937 = FILL_AREA_STYLE_COLOUR('',#9278);
#9938 = STYLED_ITEM('color',(#9939),#7012);
#9939 = PRESENTATION_STYLE_ASSIGNMENT((#9940));
#9940 = SURFACE_STYLE_USAGE(.BOTH.,#9941);
#9941 = SURFACE_SIDE_STYLE('',(#9942));
#9942 = SURFACE_STYLE_FILL_AREA(#9943);
#9943 = FILL_AREA_STYLE('',(#9944));
#9944 = FILL_AREA_STYLE_COLOUR('',#9278);
#9945 = STYLED_ITEM('color',(#9946),#7029);
#9946 = PRESENTATION_STYLE_ASSIGNMENT((#9947));
#9947 = SURFACE_STYLE_USAGE(.BOTH.,#9948);
#9948 = SURFACE_SIDE_STYLE('',(#9949));
#9949 = SURFACE_STYLE_FILL_AREA(#9950);
#9950 = FILL_AREA_STYLE('',(#9951));
#9951 = FILL_AREA_STYLE_COLOUR('',#9278);
#9952 = STYLED_ITEM('color',(#9953),#7046);
#9953 = PRESENTATION_STYLE_ASSIGNMENT((#9954));
#9954 = SURFACE_STYLE_USAGE(.BOTH.,#9955);
#9955 = SURFACE_SIDE_STYLE('',(#9956));
#9956 = SURFACE_STYLE_FILL_AREA(#9957);
#9957 = FILL_AREA_STYLE('',(#9958));
#9958 = FILL_AREA_STYLE_COLOUR('',#9278);
#9959 = STYLED_ITEM('color',(#9960),#7058);
#9960 = PRESENTATION_STYLE_ASSIGNMENT((#9961));
#9961 = SURFACE_STYLE_USAGE(.BOTH.,#9962);
#9962 = SURFACE_SIDE_STYLE('',(#9963));
#9963 = SURFACE_STYLE_FILL_AREA(#9964);
#9964 = FILL_AREA_STYLE('',(#9965));
#9965 = FILL_AREA_STYLE_COLOUR('',#9278);
#9966 = STYLED_ITEM('color',(#9967),#7080);
#9967 = PRESENTATION_STYLE_ASSIGNMENT((#9968));
#9968 = SURFACE_STYLE_USAGE(.BOTH.,#9969);
#9969 = SURFACE_SIDE_STYLE('',(#9970));
#9970 = SURFACE_STYLE_FILL_AREA(#9971);
#9971 = FILL_AREA_STYLE('',(#9972));
#9972 = FILL_AREA_STYLE_COLOUR('',#9278);
#9973 = STYLED_ITEM('color',(#9974),#7097);
#9974 = PRESENTATION_STYLE_ASSIGNMENT((#9975));
#9975 = SURFACE_STYLE_USAGE(.BOTH.,#9976);
#9976 = SURFACE_SIDE_STYLE('',(#9977));
#9977 = SURFACE_STYLE_FILL_AREA(#9978);
#9978 = FILL_AREA_STYLE('',(#9979));
#9979 = FILL_AREA_STYLE_COLOUR('',#9278);
#9980 = STYLED_ITEM('color',(#9981),#7114);
#9981 = PRESENTATION_STYLE_ASSIGNMENT((#9982));
#9982 = SURFACE_STYLE_USAGE(.BOTH.,#9983);
#9983 = SURFACE_SIDE_STYLE('',(#9984));
#9984 = SURFACE_STYLE_FILL_AREA(#9985);
#9985 = FILL_AREA_STYLE('',(#9986));
#9986 = FILL_AREA_STYLE_COLOUR('',#9278);
#9987 = STYLED_ITEM('color',(#9988),#7131);
#9988 = PRESENTATION_STYLE_ASSIGNMENT((#9989));
#9989 = SURFACE_STYLE_USAGE(.BOTH.,#9990);
#9990 = SURFACE_SIDE_STYLE('',(#9991));
#9991 = SURFACE_STYLE_FILL_AREA(#9992);
#9992 = FILL_AREA_STYLE('',(#9993));
#9993 = FILL_AREA_STYLE_COLOUR('',#9278);
#9994 = STYLED_ITEM('color',(#9995),#7148);
#9995 = PRESENTATION_STYLE_ASSIGNMENT((#9996));
#9996 = SURFACE_STYLE_USAGE(.BOTH.,#9997);
#9997 = SURFACE_SIDE_STYLE('',(#9998));
#9998 = SURFACE_STYLE_FILL_AREA(#9999);
#9999 = FILL_AREA_STYLE('',(#10000));
#10000 = FILL_AREA_STYLE_COLOUR('',#9278);
#10001 = STYLED_ITEM('color',(#10002),#7160);
#10002 = PRESENTATION_STYLE_ASSIGNMENT((#10003));
#10003 = SURFACE_STYLE_USAGE(.BOTH.,#10004);
#10004 = SURFACE_SIDE_STYLE('',(#10005));
#10005 = SURFACE_STYLE_FILL_AREA(#10006);
#10006 = FILL_AREA_STYLE('',(#10007));
#10007 = FILL_AREA_STYLE_COLOUR('',#9278);
#10008 = STYLED_ITEM('color',(#10009),#7177);
#10009 = PRESENTATION_STYLE_ASSIGNMENT((#10010));
#10010 = SURFACE_STYLE_USAGE(.BOTH.,#10011);
#10011 = SURFACE_SIDE_STYLE('',(#10012));
#10012 = SURFACE_STYLE_FILL_AREA(#10013);
#10013 = FILL_AREA_STYLE('',(#10014));
#10014 = FILL_AREA_STYLE_COLOUR('',#9278);
#10015 = STYLED_ITEM('color',(#10016),#7194);
#10016 = PRESENTATION_STYLE_ASSIGNMENT((#10017));
#10017 = SURFACE_STYLE_USAGE(.BOTH.,#10018);
#10018 = SURFACE_SIDE_STYLE('',(#10019));
#10019 = SURFACE_STYLE_FILL_AREA(#10020);
#10020 = FILL_AREA_STYLE('',(#10021));
#10021 = FILL_AREA_STYLE_COLOUR('',#9278);
#10022 = STYLED_ITEM('color',(#10023),#7211);
#10023 = PRESENTATION_STYLE_ASSIGNMENT((#10024));
#10024 = SURFACE_STYLE_USAGE(.BOTH.,#10025);
#10025 = SURFACE_SIDE_STYLE('',(#10026));
#10026 = SURFACE_STYLE_FILL_AREA(#10027);
#10027 = FILL_AREA_STYLE('',(#10028));
#10028 = FILL_AREA_STYLE_COLOUR('',#9278);
#10029 = STYLED_ITEM('color',(#10030),#7228);
#10030 = PRESENTATION_STYLE_ASSIGNMENT((#10031));
#10031 = SURFACE_STYLE_USAGE(.BOTH.,#10032);
#10032 = SURFACE_SIDE_STYLE('',(#10033));
#10033 = SURFACE_STYLE_FILL_AREA(#10034);
#10034 = FILL_AREA_STYLE('',(#10035));
#10035 = FILL_AREA_STYLE_COLOUR('',#9278);
#10036 = STYLED_ITEM('color',(#10037),#7245);
#10037 = PRESENTATION_STYLE_ASSIGNMENT((#10038));
#10038 = SURFACE_STYLE_USAGE(.BOTH.,#10039);
#10039 = SURFACE_SIDE_STYLE('',(#10040));
#10040 = SURFACE_STYLE_FILL_AREA(#10041);
#10041 = FILL_AREA_STYLE('',(#10042));
#10042 = FILL_AREA_STYLE_COLOUR('',#9278);
#10043 = STYLED_ITEM('color',(#10044),#7262);
#10044 = PRESENTATION_STYLE_ASSIGNMENT((#10045));
#10045 = SURFACE_STYLE_USAGE(.BOTH.,#10046);
#10046 = SURFACE_SIDE_STYLE('',(#10047));
#10047 = SURFACE_STYLE_FILL_AREA(#10048);
#10048 = FILL_AREA_STYLE('',(#10049));
#10049 = FILL_AREA_STYLE_COLOUR('',#9278);
#10050 = STYLED_ITEM('color',(#10051),#7279);
#10051 = PRESENTATION_STYLE_ASSIGNMENT((#10052));
#10052 = SURFACE_STYLE_USAGE(.BOTH.,#10053);
#10053 = SURFACE_SIDE_STYLE('',(#10054));
#10054 = SURFACE_STYLE_FILL_AREA(#10055);
#10055 = FILL_AREA_STYLE('',(#10056));
#10056 = FILL_AREA_STYLE_COLOUR('',#9278);
#10057 = STYLED_ITEM('color',(#10058),#7296);
#10058 = PRESENTATION_STYLE_ASSIGNMENT((#10059));
#10059 = SURFACE_STYLE_USAGE(.BOTH.,#10060);
#10060 = SURFACE_SIDE_STYLE('',(#10061));
#10061 = SURFACE_STYLE_FILL_AREA(#10062);
#10062 = FILL_AREA_STYLE('',(#10063));
#10063 = FILL_AREA_STYLE_COLOUR('',#9278);
#10064 = MECHANICAL_DESIGN_GEOMETRIC_PRESENTATION_REPRESENTATION('',(
    #10065,#10073,#10080,#10087,#10094,#10101,#10108,#10115,#10122,
    #10129,#10136,#10143,#10150,#10157,#10164),#4037);
#10065 = STYLED_ITEM('color',(#10066),#3376);
#10066 = PRESENTATION_STYLE_ASSIGNMENT((#10067));
#10067 = SURFACE_STYLE_USAGE(.BOTH.,#10068);
#10068 = SURFACE_SIDE_STYLE('',(#10069));
#10069 = SURFACE_STYLE_FILL_AREA(#10070);
#10070 = FILL_AREA_STYLE('',(#10071));
#10071 = FILL_AREA_STYLE_COLOUR('',#10072);
#10072 = COLOUR_RGB('',0.883000012551,0.711000022565,0.492000011028);
#10073 = STYLED_ITEM('color',(#10074),#3409);
#10074 = PRESENTATION_STYLE_ASSIGNMENT((#10075));
#10075 = SURFACE_STYLE_USAGE(.BOTH.,#10076);
#10076 = SURFACE_SIDE_STYLE('',(#10077));
#10077 = SURFACE_STYLE_FILL_AREA(#10078);
#10078 = FILL_AREA_STYLE('',(#10079));
#10079 = FILL_AREA_STYLE_COLOUR('',#10072);
#10080 = STYLED_ITEM('color',(#10081),#3435);
#10081 = PRESENTATION_STYLE_ASSIGNMENT((#10082));
#10082 = SURFACE_STYLE_USAGE(.BOTH.,#10083);
#10083 = SURFACE_SIDE_STYLE('',(#10084));
#10084 = SURFACE_STYLE_FILL_AREA(#10085);
#10085 = FILL_AREA_STYLE('',(#10086));
#10086 = FILL_AREA_STYLE_COLOUR('',#10072);
#10087 = STYLED_ITEM('color',(#10088),#3455);
#10088 = PRESENTATION_STYLE_ASSIGNMENT((#10089));
#10089 = SURFACE_STYLE_USAGE(.BOTH.,#10090);
#10090 = SURFACE_SIDE_STYLE('',(#10091));
#10091 = SURFACE_STYLE_FILL_AREA(#10092);
#10092 = FILL_AREA_STYLE('',(#10093));
#10093 = FILL_AREA_STYLE_COLOUR('',#10072);
#10094 = STYLED_ITEM('color',(#10095),#3638);
#10095 = PRESENTATION_STYLE_ASSIGNMENT((#10096));
#10096 = SURFACE_STYLE_USAGE(.BOTH.,#10097);
#10097 = SURFACE_SIDE_STYLE('',(#10098));
#10098 = SURFACE_STYLE_FILL_AREA(#10099);
#10099 = FILL_AREA_STYLE('',(#10100));
#10100 = FILL_AREA_STYLE_COLOUR('',#10072);
#10101 = STYLED_ITEM('color',(#10102),#3663);
#10102 = PRESENTATION_STYLE_ASSIGNMENT((#10103));
#10103 = SURFACE_STYLE_USAGE(.BOTH.,#10104);
#10104 = SURFACE_SIDE_STYLE('',(#10105));
#10105 = SURFACE_STYLE_FILL_AREA(#10106);
#10106 = FILL_AREA_STYLE('',(#10107));
#10107 = FILL_AREA_STYLE_COLOUR('',#9278);
#10108 = STYLED_ITEM('color',(#10109),#3689);
#10109 = PRESENTATION_STYLE_ASSIGNMENT((#10110));
#10110 = SURFACE_STYLE_USAGE(.BOTH.,#10111);
#10111 = SURFACE_SIDE_STYLE('',(#10112));
#10112 = SURFACE_STYLE_FILL_AREA(#10113);
#10113 = FILL_AREA_STYLE('',(#10114));
#10114 = FILL_AREA_STYLE_COLOUR('',#10072);
#10115 = STYLED_ITEM('color',(#10116),#3709);
#10116 = PRESENTATION_STYLE_ASSIGNMENT((#10117));
#10117 = SURFACE_STYLE_USAGE(.BOTH.,#10118);
#10118 = SURFACE_SIDE_STYLE('',(#10119));
#10119 = SURFACE_STYLE_FILL_AREA(#10120);
#10120 = FILL_AREA_STYLE('',(#10121));
#10121 = FILL_AREA_STYLE_COLOUR('',#9278);
#10122 = STYLED_ITEM('color',(#10123),#3734);
#10123 = PRESENTATION_STYLE_ASSIGNMENT((#10124));
#10124 = SURFACE_STYLE_USAGE(.BOTH.,#10125);
#10125 = SURFACE_SIDE_STYLE('',(#10126));
#10126 = SURFACE_STYLE_FILL_AREA(#10127);
#10127 = FILL_AREA_STYLE('',(#10128));
#10128 = FILL_AREA_STYLE_COLOUR('',#10072);
#10129 = STYLED_ITEM('color',(#10130),#3759);
#10130 = PRESENTATION_STYLE_ASSIGNMENT((#10131));
#10131 = SURFACE_STYLE_USAGE(.BOTH.,#10132);
#10132 = SURFACE_SIDE_STYLE('',(#10133));
#10133 = SURFACE_STYLE_FILL_AREA(#10134);
#10134 = FILL_AREA_STYLE('',(#10135));
#10135 = FILL_AREA_STYLE_COLOUR('',#9278);
#10136 = STYLED_ITEM('color',(#10137),#3768);
#10137 = PRESENTATION_STYLE_ASSIGNMENT((#10138));
#10138 = SURFACE_STYLE_USAGE(.BOTH.,#10139);
#10139 = SURFACE_SIDE_STYLE('',(#10140));
#10140 = SURFACE_STYLE_FILL_AREA(#10141);
#10141 = FILL_AREA_STYLE('',(#10142));
#10142 = FILL_AREA_STYLE_COLOUR('',#10072);
#10143 = STYLED_ITEM('color',(#10144),#3794);
#10144 = PRESENTATION_STYLE_ASSIGNMENT((#10145));
#10145 = SURFACE_STYLE_USAGE(.BOTH.,#10146);
#10146 = SURFACE_SIDE_STYLE('',(#10147));
#10147 = SURFACE_STYLE_FILL_AREA(#10148);
#10148 = FILL_AREA_STYLE('',(#10149));
#10149 = FILL_AREA_STYLE_COLOUR('',#10072);
#10150 = STYLED_ITEM('color',(#10151),#3977);
#10151 = PRESENTATION_STYLE_ASSIGNMENT((#10152));
#10152 = SURFACE_STYLE_USAGE(.BOTH.,#10153);
#10153 = SURFACE_SIDE_STYLE('',(#10154));
#10154 = SURFACE_STYLE_FILL_AREA(#10155);
#10155 = FILL_AREA_STYLE('',(#10156));
#10156 = FILL_AREA_STYLE_COLOUR('',#9278);
#10157 = STYLED_ITEM('color',(#10158),#4003);
#10158 = PRESENTATION_STYLE_ASSIGNMENT((#10159));
#10159 = SURFACE_STYLE_USAGE(.BOTH.,#10160);
#10160 = SURFACE_SIDE_STYLE('',(#10161));
#10161 = SURFACE_STYLE_FILL_AREA(#10162);
#10162 = FILL_AREA_STYLE('',(#10163));
#10163 = FILL_AREA_STYLE_COLOUR('',#9278);
#10164 = STYLED_ITEM('color',(#10165),#4028);
#10165 = PRESENTATION_STYLE_ASSIGNMENT((#10166));
#10166 = SURFACE_STYLE_USAGE(.BOTH.,#10167);
#10167 = SURFACE_SIDE_STYLE('',(#10168));
#10168 = SURFACE_STYLE_FILL_AREA(#10169);
#10169 = FILL_AREA_STYLE('',(#10170));
#10170 = FILL_AREA_STYLE_COLOUR('',#9278);
#10171 = MECHANICAL_DESIGN_GEOMETRIC_PRESENTATION_REPRESENTATION('',(
    #10172),#9208);
#10172 = STYLED_ITEM('color',(#10173),#7342);
#10173 = PRESENTATION_STYLE_ASSIGNMENT((#10174));
#10174 = SURFACE_STYLE_USAGE(.BOTH.,#10175);
#10175 = SURFACE_SIDE_STYLE('',(#10176));
#10176 = SURFACE_STYLE_FILL_AREA(#10177);
#10177 = FILL_AREA_STYLE('',(#10178));
#10178 = FILL_AREA_STYLE_COLOUR('',#10179);
#10179 = COLOUR_RGB('',0.313304153717,0.484529207832,0.410020903123);
#10180 = MECHANICAL_DESIGN_GEOMETRIC_PRESENTATION_REPRESENTATION('',(
    #10181,#10189,#10196,#10203,#10210,#10217,#10224,#10231,#10238,
    #10245,#10252,#10259,#10266,#10273,#10280,#10287),#3322);
#10181 = STYLED_ITEM('color',(#10182),#2899);
#10182 = PRESENTATION_STYLE_ASSIGNMENT((#10183));
#10183 = SURFACE_STYLE_USAGE(.BOTH.,#10184);
#10184 = SURFACE_SIDE_STYLE('',(#10185));
#10185 = SURFACE_STYLE_FILL_AREA(#10186);
#10186 = FILL_AREA_STYLE('',(#10187));
#10187 = FILL_AREA_STYLE_COLOUR('',#10188);
#10188 = COLOUR_RGB('',0.699999984889,9.999999991362E-02,
  5.000000142576E-02);
#10189 = STYLED_ITEM('color',(#10190),#2926);
#10190 = PRESENTATION_STYLE_ASSIGNMENT((#10191));
#10191 = SURFACE_STYLE_USAGE(.BOTH.,#10192);
#10192 = SURFACE_SIDE_STYLE('',(#10193));
#10193 = SURFACE_STYLE_FILL_AREA(#10194);
#10194 = FILL_AREA_STYLE('',(#10195));
#10195 = FILL_AREA_STYLE_COLOUR('',#10188);
#10196 = STYLED_ITEM('color',(#10197),#2951);
#10197 = PRESENTATION_STYLE_ASSIGNMENT((#10198));
#10198 = SURFACE_STYLE_USAGE(.BOTH.,#10199);
#10199 = SURFACE_SIDE_STYLE('',(#10200));
#10200 = SURFACE_STYLE_FILL_AREA(#10201);
#10201 = FILL_AREA_STYLE('',(#10202));
#10202 = FILL_AREA_STYLE_COLOUR('',#10188);
#10203 = STYLED_ITEM('color',(#10204),#2979);
#10204 = PRESENTATION_STYLE_ASSIGNMENT((#10205));
#10205 = SURFACE_STYLE_USAGE(.BOTH.,#10206);
#10206 = SURFACE_SIDE_STYLE('',(#10207));
#10207 = SURFACE_STYLE_FILL_AREA(#10208);
#10208 = FILL_AREA_STYLE('',(#10209));
#10209 = FILL_AREA_STYLE_COLOUR('',#10188);
#10210 = STYLED_ITEM('color',(#10211),#3011);
#10211 = PRESENTATION_STYLE_ASSIGNMENT((#10212));
#10212 = SURFACE_STYLE_USAGE(.BOTH.,#10213);
#10213 = SURFACE_SIDE_STYLE('',(#10214));
#10214 = SURFACE_STYLE_FILL_AREA(#10215);
#10215 = FILL_AREA_STYLE('',(#10216));
#10216 = FILL_AREA_STYLE_COLOUR('',#10188);
#10217 = STYLED_ITEM('color',(#10218),#3028);
#10218 = PRESENTATION_STYLE_ASSIGNMENT((#10219));
#10219 = SURFACE_STYLE_USAGE(.BOTH.,#10220);
#10220 = SURFACE_SIDE_STYLE('',(#10221));
#10221 = SURFACE_STYLE_FILL_AREA(#10222);
#10222 = FILL_AREA_STYLE('',(#10223));
#10223 = FILL_AREA_STYLE_COLOUR('',#10188);
#10224 = STYLED_ITEM('color',(#10225),#3106);
#10225 = PRESENTATION_STYLE_ASSIGNMENT((#10226));
#10226 = SURFACE_STYLE_USAGE(.BOTH.,#10227);
#10227 = SURFACE_SIDE_STYLE('',(#10228));
#10228 = SURFACE_STYLE_FILL_AREA(#10229);
#10229 = FILL_AREA_STYLE('',(#10230));
#10230 = FILL_AREA_STYLE_COLOUR('',#9278);
#10231 = STYLED_ITEM('color',(#10232),#3137);
#10232 = PRESENTATION_STYLE_ASSIGNMENT((#10233));
#10233 = SURFACE_STYLE_USAGE(.BOTH.,#10234);
#10234 = SURFACE_SIDE_STYLE('',(#10235));
#10235 = SURFACE_STYLE_FILL_AREA(#10236);
#10236 = FILL_AREA_STYLE('',(#10237));
#10237 = FILL_AREA_STYLE_COLOUR('',#9278);
#10238 = STYLED_ITEM('color',(#10239),#3161);
#10239 = PRESENTATION_STYLE_ASSIGNMENT((#10240));
#10240 = SURFACE_STYLE_USAGE(.BOTH.,#10241);
#10241 = SURFACE_SIDE_STYLE('',(#10242));
#10242 = SURFACE_STYLE_FILL_AREA(#10243);
#10243 = FILL_AREA_STYLE('',(#10244));
#10244 = FILL_AREA_STYLE_COLOUR('',#9278);
#10245 = STYLED_ITEM('color',(#10246),#3185);
#10246 = PRESENTATION_STYLE_ASSIGNMENT((#10247));
#10247 = SURFACE_STYLE_USAGE(.BOTH.,#10248);
#10248 = SURFACE_SIDE_STYLE('',(#10249));
#10249 = SURFACE_STYLE_FILL_AREA(#10250);
#10250 = FILL_AREA_STYLE('',(#10251));
#10251 = FILL_AREA_STYLE_COLOUR('',#9278);
#10252 = STYLED_ITEM('color',(#10253),#3202);
#10253 = PRESENTATION_STYLE_ASSIGNMENT((#10254));
#10254 = SURFACE_STYLE_USAGE(.BOTH.,#10255);
#10255 = SURFACE_SIDE_STYLE('',(#10256));
#10256 = SURFACE_STYLE_FILL_AREA(#10257);
#10257 = FILL_AREA_STYLE('',(#10258));
#10258 = FILL_AREA_STYLE_COLOUR('',#9278);
#10259 = STYLED_ITEM('color',(#10260),#3233);
#10260 = PRESENTATION_STYLE_ASSIGNMENT((#10261));
#10261 = SURFACE_STYLE_USAGE(.BOTH.,#10262);
#10262 = SURFACE_SIDE_STYLE('',(#10263));
#10263 = SURFACE_STYLE_FILL_AREA(#10264);
#10264 = FILL_AREA_STYLE('',(#10265));
#10265 = FILL_AREA_STYLE_COLOUR('',#9278);
#10266 = STYLED_ITEM('color',(#10267),#3257);
#10267 = PRESENTATION_STYLE_ASSIGNMENT((#10268));
#10268 = SURFACE_STYLE_USAGE(.BOTH.,#10269);
#10269 = SURFACE_SIDE_STYLE('',(#10270));
#10270 = SURFACE_STYLE_FILL_AREA(#10271);
#10271 = FILL_AREA_STYLE('',(#10272));
#10272 = FILL_AREA_STYLE_COLOUR('',#9278);
#10273 = STYLED_ITEM('color',(#10274),#3281);
#10274 = PRESENTATION_STYLE_ASSIGNMENT((#10275));
#10275 = SURFACE_STYLE_USAGE(.BOTH.,#10276);
#10276 = SURFACE_SIDE_STYLE('',(#10277));
#10277 = SURFACE_STYLE_FILL_AREA(#10278);
#10278 = FILL_AREA_STYLE('',(#10279));
#10279 = FILL_AREA_STYLE_COLOUR('',#9278);
#10280 = STYLED_ITEM('color',(#10281),#3298);
#10281 = PRESENTATION_STYLE_ASSIGNMENT((#10282));
#10282 = SURFACE_STYLE_USAGE(.BOTH.,#10283);
#10283 = SURFACE_SIDE_STYLE('',(#10284));
#10284 = SURFACE_STYLE_FILL_AREA(#10285);
#10285 = FILL_AREA_STYLE('',(#10286));
#10286 = FILL_AREA_STYLE_COLOUR('',#9278);
#10287 = STYLED_ITEM('color',(#10288),#3310);
#10288 = PRESENTATION_STYLE_ASSIGNMENT((#10289));
#10289 = SURFACE_STYLE_USAGE(.BOTH.,#10290);
#10290 = SURFACE_SIDE_STYLE('',(#10291));
#10291 = SURFACE_STYLE_FILL_AREA(#10292);
#10292 = FILL_AREA_STYLE('',(#10293));
#10293 = FILL_AREA_STYLE_COLOUR('',#9278);
ENDSEC;
END-ISO-10303-21;
