ISO-10303-21;
HEADER;
FILE_DESCRIPTION(('KiCad electronic assembly'),'2;1');
FILE_NAME('ams_latch_F24.step','2024-12-07T14:35:26',('Pcbnew'),('Kicad'
    ),'Open CASCADE STEP processor 7.8','KiCad to STEP converter',
  'Unknown');
FILE_SCHEMA(('AUTOMOTIVE_DESIGN { 1 0 10303 214 1 1 1 1 }'));
ENDSEC;
DATA;
#1 = APPLICATION_PROTOCOL_DEFINITION('international standard',
  'automotive_design',2000,#2);
#2 = APPLICATION_CONTEXT(
  'core data for automotive mechanical design processes');
#3 = SHAPE_DEFINITION_REPRESENTATION(#4,#10);
#4 = PRODUCT_DEFINITION_SHAPE('','',#5);
#5 = PRODUCT_DEFINITION('design','',#6,#9);
#6 = PRODUCT_DEFINITION_FORMATION('','',#7);
#7 = PRODUCT('ams_latch_F24 1','ams_latch_F24 1','',(#8));
#8 = PRODUCT_CONTEXT('',#2,'mechanical');
#9 = PRODUCT_DEFINITION_CONTEXT('part definition',#2,'design');
#10 = SHAPE_REPRESENTATION('',(#11,#15,#19,#23,#27,#31,#35,#39,#43,#47,
    #51,#55),#59);
#11 = AXIS2_PLACEMENT_3D('',#12,#13,#14);
#12 = CARTESIAN_POINT('',(0.,0.,0.));
#13 = DIRECTION('',(0.,0.,1.));
#14 = DIRECTION('',(1.,0.,-0.));
#15 = AXIS2_PLACEMENT_3D('',#16,#17,#18);
#16 = CARTESIAN_POINT('',(139.954,-127.562832,1.65));
#17 = DIRECTION('',(0.,-0.,1.));
#18 = DIRECTION('',(1.110223024625E-16,1.,0.));
#19 = AXIS2_PLACEMENT_3D('',#20,#21,#22);
#20 = CARTESIAN_POINT('',(149.08800000037,-122.713999877,1.60000000001)
  );
#21 = DIRECTION('',(0.,-1.,1.110223024625E-16));
#22 = DIRECTION('',(1.,0.,0.));
#23 = AXIS2_PLACEMENT_3D('',#24,#25,#26);
#24 = CARTESIAN_POINT('',(134.262241,-104.992832,1.65));
#25 = DIRECTION('',(0.,0.,1.));
#26 = DIRECTION('',(1.,0.,0.));
#27 = AXIS2_PLACEMENT_3D('',#28,#29,#30);
#28 = CARTESIAN_POINT('',(128.062241,-104.702832,1.65));
#29 = DIRECTION('',(-0.,0.,1.));
#30 = DIRECTION('',(1.110223024625E-16,-1.,0.));
#31 = AXIS2_PLACEMENT_3D('',#32,#33,#34);
#32 = CARTESIAN_POINT('',(125.522241,-97.082832,1.65));
#33 = DIRECTION('',(0.,0.,1.));
#34 = DIRECTION('',(1.,0.,0.));
#35 = AXIS2_PLACEMENT_3D('',#36,#37,#38);
#36 = CARTESIAN_POINT('',(138.041999877,-95.51399999962,1.60000000001));
#37 = DIRECTION('',(1.,-1.110223024625E-16,1.110223024625E-16));
#38 = DIRECTION('',(1.110223024625E-16,1.,0.));
#39 = AXIS2_PLACEMENT_3D('',#40,#41,#42);
#40 = CARTESIAN_POINT('',(114.3,-127.562832,1.65));
#41 = DIRECTION('',(0.,-0.,1.));
#42 = DIRECTION('',(1.110223024625E-16,1.,0.));
#43 = AXIS2_PLACEMENT_3D('',#44,#45,#46);
#44 = CARTESIAN_POINT('',(105.99225000037,-123.055999877,1.60000000001)
  );
#45 = DIRECTION('',(0.,-1.,1.110223024625E-16));
#46 = DIRECTION('',(1.,0.,0.));
#47 = AXIS2_PLACEMENT_3D('',#48,#49,#50);
#48 = CARTESIAN_POINT('',(116.705999877,-95.68374999962,1.60000000001));
#49 = DIRECTION('',(1.,-1.110223024625E-16,1.110223024625E-16));
#50 = DIRECTION('',(1.110223024625E-16,1.,0.));
#51 = AXIS2_PLACEMENT_3D('',#52,#53,#54);
#52 = CARTESIAN_POINT('',(104.902,-101.346,1.65));
#53 = DIRECTION('',(-0.,0.,1.));
#54 = DIRECTION('',(1.110223024625E-16,-1.,0.));
#55 = AXIS2_PLACEMENT_3D('',#56,#57,#58);
#56 = CARTESIAN_POINT('',(0.,0.,0.));
#57 = DIRECTION('',(0.,0.,1.));
#58 = DIRECTION('',(1.,0.,-0.));
#59 = ( GEOMETRIC_REPRESENTATION_CONTEXT(3) 
GLOBAL_UNCERTAINTY_ASSIGNED_CONTEXT((#63)) GLOBAL_UNIT_ASSIGNED_CONTEXT(
(#60,#61,#62)) REPRESENTATION_CONTEXT('Context #1',
  '3D Context with UNIT and UNCERTAINTY') );
#60 = ( LENGTH_UNIT() NAMED_UNIT(*) SI_UNIT(.MILLI.,.METRE.) );
#61 = ( NAMED_UNIT(*) PLANE_ANGLE_UNIT() SI_UNIT($,.RADIAN.) );
#62 = ( NAMED_UNIT(*) SI_UNIT($,.STERADIAN.) SOLID_ANGLE_UNIT() );
#63 = UNCERTAINTY_MEASURE_WITH_UNIT(LENGTH_MEASURE(1.E-07),#60,
  'distance_accuracy_value','confusion accuracy');
#64 = PRODUCT_RELATED_PRODUCT_CATEGORY('part',$,(#7));
#65 = SHAPE_DEFINITION_REPRESENTATION(#66,#72);
#66 = PRODUCT_DEFINITION_SHAPE('','',#67);
#67 = PRODUCT_DEFINITION('design','',#68,#71);
#68 = PRODUCT_DEFINITION_FORMATION('','',#69);
#69 = PRODUCT('D_DO-41_SOD81_P10.16mm_Horizontal',
  'D_DO-41_SOD81_P10.16mm_Horizontal','',(#70));
#70 = PRODUCT_CONTEXT('',#2,'mechanical');
#71 = PRODUCT_DEFINITION_CONTEXT('part definition',#2,'design');
#72 = SHAPE_REPRESENTATION('',(#11,#73),#77);
#73 = AXIS2_PLACEMENT_3D('',#74,#75,#76);
#74 = CARTESIAN_POINT('',(0.,0.,0.));
#75 = DIRECTION('',(0.,0.,1.));
#76 = DIRECTION('',(1.,0.,-0.));
#77 = ( GEOMETRIC_REPRESENTATION_CONTEXT(3) 
GLOBAL_UNCERTAINTY_ASSIGNED_CONTEXT((#81)) GLOBAL_UNIT_ASSIGNED_CONTEXT(
(#78,#79,#80)) REPRESENTATION_CONTEXT('Context #1',
  '3D Context with UNIT and UNCERTAINTY') );
#78 = ( LENGTH_UNIT() NAMED_UNIT(*) SI_UNIT(.MILLI.,.METRE.) );
#79 = ( NAMED_UNIT(*) PLANE_ANGLE_UNIT() SI_UNIT($,.RADIAN.) );
#80 = ( NAMED_UNIT(*) SI_UNIT($,.STERADIAN.) SOLID_ANGLE_UNIT() );
#81 = UNCERTAINTY_MEASURE_WITH_UNIT(LENGTH_MEASURE(1.E-07),#78,
  'distance_accuracy_value','confusion accuracy');
#82 = CONTEXT_DEPENDENT_SHAPE_REPRESENTATION(#83,#85);
#83 = ( REPRESENTATION_RELATIONSHIP('','',#72,#10) 
REPRESENTATION_RELATIONSHIP_WITH_TRANSFORMATION(#84) 
SHAPE_REPRESENTATION_RELATIONSHIP() );
#84 = ITEM_DEFINED_TRANSFORMATION('','',#11,#15);
#85 = PRODUCT_DEFINITION_SHAPE('Placement','Placement of an item',#86);
#86 = NEXT_ASSEMBLY_USAGE_OCCURRENCE('2','D3','',#5,#67,$);
#87 = PRODUCT_RELATED_PRODUCT_CATEGORY('part',$,(#69));
#88 = SHAPE_DEFINITION_REPRESENTATION(#89,#95);
#89 = PRODUCT_DEFINITION_SHAPE('','',#90);
#90 = PRODUCT_DEFINITION('design','',#91,#94);
#91 = PRODUCT_DEFINITION_FORMATION('','',#92);
#92 = PRODUCT('D_DO-41_SOD81_P10.16mm_Horizontal',
  'D_DO-41_SOD81_P10.16mm_Horizontal','',(#93));
#93 = PRODUCT_CONTEXT('',#2,'mechanical');
#94 = PRODUCT_DEFINITION_CONTEXT('part definition',#2,'design');
#95 = ADVANCED_BREP_SHAPE_REPRESENTATION('',(#11,#96),#431);
#96 = MANIFOLD_SOLID_BREP('',#97);
#97 = CLOSED_SHELL('',(#98,#131,#151,#171,#196,#221,#241,#261,#286,#311,
    #337,#363,#388,#413,#422));
#98 = ADVANCED_FACE('',(#99),#126,.T.);
#99 = FACE_BOUND('',#100,.T.);
#100 = EDGE_LOOP('',(#101,#110,#118,#125));
#101 = ORIENTED_EDGE('',*,*,#102,.T.);
#102 = EDGE_CURVE('',#103,#103,#105,.T.);
#103 = VERTEX_POINT('',#104);
#104 = CARTESIAN_POINT('',(3.26,2.138289545428E-15,3.21));
#105 = CIRCLE('',#106,1.36);
#106 = AXIS2_PLACEMENT_3D('',#107,#108,#109);
#107 = CARTESIAN_POINT('',(3.26,8.215650382226E-16,1.85));
#108 = DIRECTION('',(1.,0.,-0.));
#109 = DIRECTION('',(0.,9.681797847099E-16,1.));
#110 = ORIENTED_EDGE('',*,*,#111,.T.);
#111 = EDGE_CURVE('',#103,#112,#114,.T.);
#112 = VERTEX_POINT('',#113);
#113 = CARTESIAN_POINT('',(4.56,2.138289545428E-15,3.21));
#114 = LINE('',#115,#116);
#115 = CARTESIAN_POINT('',(3.26,2.138289545428E-15,3.21));
#116 = VECTOR('',#117,1.);
#117 = DIRECTION('',(1.,0.,0.));
#118 = ORIENTED_EDGE('',*,*,#119,.F.);
#119 = EDGE_CURVE('',#112,#112,#120,.T.);
#120 = CIRCLE('',#121,1.36);
#121 = AXIS2_PLACEMENT_3D('',#122,#123,#124);
#122 = CARTESIAN_POINT('',(4.56,8.215650382226E-16,1.85));
#123 = DIRECTION('',(1.,0.,-0.));
#124 = DIRECTION('',(0.,9.681797847099E-16,1.));
#125 = ORIENTED_EDGE('',*,*,#111,.F.);
#126 = CYLINDRICAL_SURFACE('',#127,1.36);
#127 = AXIS2_PLACEMENT_3D('',#128,#129,#130);
#128 = CARTESIAN_POINT('',(3.26,8.215650382226E-16,1.85));
#129 = DIRECTION('',(1.,0.,0.));
#130 = DIRECTION('',(-0.,9.681797847099E-16,1.));
#131 = ADVANCED_FACE('',(#132,#135),#146,.F.);
#132 = FACE_BOUND('',#133,.T.);
#133 = EDGE_LOOP('',(#134));
#134 = ORIENTED_EDGE('',*,*,#102,.F.);
#135 = FACE_BOUND('',#136,.T.);
#136 = EDGE_LOOP('',(#137));
#137 = ORIENTED_EDGE('',*,*,#138,.T.);
#138 = EDGE_CURVE('',#139,#139,#141,.T.);
#139 = VERTEX_POINT('',#140);
#140 = CARTESIAN_POINT('',(3.26,2.13162820728E-15,3.2));
#141 = CIRCLE('',#142,1.35);
#142 = AXIS2_PLACEMENT_3D('',#143,#144,#145);
#143 = CARTESIAN_POINT('',(3.26,8.215650382226E-16,1.85));
#144 = DIRECTION('',(1.,0.,-0.));
#145 = DIRECTION('',(0.,9.70417162265E-16,1.));
#146 = PLANE('',#147);
#147 = AXIS2_PLACEMENT_3D('',#148,#149,#150);
#148 = CARTESIAN_POINT('',(3.26,8.215650382226E-16,1.85));
#149 = DIRECTION('',(1.,0.,0.));
#150 = DIRECTION('',(-0.,9.726879335149E-16,1.));
#151 = ADVANCED_FACE('',(#152,#155),#166,.T.);
#152 = FACE_BOUND('',#153,.T.);
#153 = EDGE_LOOP('',(#154));
#154 = ORIENTED_EDGE('',*,*,#119,.T.);
#155 = FACE_BOUND('',#156,.T.);
#156 = EDGE_LOOP('',(#157));
#157 = ORIENTED_EDGE('',*,*,#158,.F.);
#158 = EDGE_CURVE('',#159,#159,#161,.T.);
#159 = VERTEX_POINT('',#160);
#160 = CARTESIAN_POINT('',(4.56,2.13162820728E-15,3.2));
#161 = CIRCLE('',#162,1.35);
#162 = AXIS2_PLACEMENT_3D('',#163,#164,#165);
#163 = CARTESIAN_POINT('',(4.56,8.215650382226E-16,1.85));
#164 = DIRECTION('',(1.,0.,-0.));
#165 = DIRECTION('',(0.,9.70417162265E-16,1.));
#166 = PLANE('',#167);
#167 = AXIS2_PLACEMENT_3D('',#168,#169,#170);
#168 = CARTESIAN_POINT('',(4.56,8.215650382226E-16,1.85));
#169 = DIRECTION('',(1.,0.,0.));
#170 = DIRECTION('',(-0.,9.681797847099E-16,1.));
#171 = ADVANCED_FACE('',(#172),#191,.T.);
#172 = FACE_BOUND('',#173,.T.);
#173 = EDGE_LOOP('',(#174,#182,#189,#190));
#174 = ORIENTED_EDGE('',*,*,#175,.F.);
#175 = EDGE_CURVE('',#176,#139,#178,.T.);
#176 = VERTEX_POINT('',#177);
#177 = CARTESIAN_POINT('',(2.48,2.13162820728E-15,3.2));
#178 = LINE('',#179,#180);
#179 = CARTESIAN_POINT('',(2.48,2.13162820728E-15,3.2));
#180 = VECTOR('',#181,1.);
#181 = DIRECTION('',(1.,0.,0.));
#182 = ORIENTED_EDGE('',*,*,#183,.T.);
#183 = EDGE_CURVE('',#176,#176,#184,.T.);
#184 = CIRCLE('',#185,1.35);
#185 = AXIS2_PLACEMENT_3D('',#186,#187,#188);
#186 = CARTESIAN_POINT('',(2.48,8.215650382226E-16,1.85));
#187 = DIRECTION('',(1.,0.,-0.));
#188 = DIRECTION('',(0.,9.70417162265E-16,1.));
#189 = ORIENTED_EDGE('',*,*,#175,.T.);
#190 = ORIENTED_EDGE('',*,*,#138,.F.);
#191 = CYLINDRICAL_SURFACE('',#192,1.35);
#192 = AXIS2_PLACEMENT_3D('',#193,#194,#195);
#193 = CARTESIAN_POINT('',(2.48,8.215650382226E-16,1.85));
#194 = DIRECTION('',(1.,0.,0.));
#195 = DIRECTION('',(-0.,9.70417162265E-16,1.));
#196 = ADVANCED_FACE('',(#197),#216,.T.);
#197 = FACE_BOUND('',#198,.T.);
#198 = EDGE_LOOP('',(#199,#200,#208,#215));
#199 = ORIENTED_EDGE('',*,*,#158,.T.);
#200 = ORIENTED_EDGE('',*,*,#201,.T.);
#201 = EDGE_CURVE('',#159,#202,#204,.T.);
#202 = VERTEX_POINT('',#203);
#203 = CARTESIAN_POINT('',(7.68,2.13162820728E-15,3.2));
#204 = LINE('',#205,#206);
#205 = CARTESIAN_POINT('',(2.48,2.13162820728E-15,3.2));
#206 = VECTOR('',#207,1.);
#207 = DIRECTION('',(1.,0.,0.));
#208 = ORIENTED_EDGE('',*,*,#209,.F.);
#209 = EDGE_CURVE('',#202,#202,#210,.T.);
#210 = CIRCLE('',#211,1.35);
#211 = AXIS2_PLACEMENT_3D('',#212,#213,#214);
#212 = CARTESIAN_POINT('',(7.68,8.215650382226E-16,1.85));
#213 = DIRECTION('',(1.,0.,-0.));
#214 = DIRECTION('',(0.,9.70417162265E-16,1.));
#215 = ORIENTED_EDGE('',*,*,#201,.F.);
#216 = CYLINDRICAL_SURFACE('',#217,1.35);
#217 = AXIS2_PLACEMENT_3D('',#218,#219,#220);
#218 = CARTESIAN_POINT('',(2.48,8.215650382226E-16,1.85));
#219 = DIRECTION('',(1.,0.,0.));
#220 = DIRECTION('',(-0.,9.70417162265E-16,1.));
#221 = ADVANCED_FACE('',(#222,#225),#236,.F.);
#222 = FACE_BOUND('',#223,.T.);
#223 = EDGE_LOOP('',(#224));
#224 = ORIENTED_EDGE('',*,*,#183,.F.);
#225 = FACE_BOUND('',#226,.T.);
#226 = EDGE_LOOP('',(#227));
#227 = ORIENTED_EDGE('',*,*,#228,.T.);
#228 = EDGE_CURVE('',#229,#229,#231,.T.);
#229 = VERTEX_POINT('',#230);
#230 = CARTESIAN_POINT('',(2.48,7.660538869914E-16,1.45));
#231 = CIRCLE('',#232,0.4);
#232 = AXIS2_PLACEMENT_3D('',#233,#234,#235);
#233 = CARTESIAN_POINT('',(2.48,8.548717289614E-16,1.85));
#234 = DIRECTION('',(1.,0.,0.));
#235 = DIRECTION('',(0.,-2.22044604925E-16,-1.));
#236 = PLANE('',#237);
#237 = AXIS2_PLACEMENT_3D('',#238,#239,#240);
#238 = CARTESIAN_POINT('',(2.48,8.215650382226E-16,1.85));
#239 = DIRECTION('',(1.,0.,0.));
#240 = DIRECTION('',(-0.,9.70417162265E-16,1.));
#241 = ADVANCED_FACE('',(#242,#245),#256,.T.);
#242 = FACE_BOUND('',#243,.F.);
#243 = EDGE_LOOP('',(#244));
#244 = ORIENTED_EDGE('',*,*,#209,.F.);
#245 = FACE_BOUND('',#246,.F.);
#246 = EDGE_LOOP('',(#247));
#247 = ORIENTED_EDGE('',*,*,#248,.T.);
#248 = EDGE_CURVE('',#249,#249,#251,.T.);
#249 = VERTEX_POINT('',#250);
#250 = CARTESIAN_POINT('',(7.68,7.660538869914E-16,1.45));
#251 = CIRCLE('',#252,0.4);
#252 = AXIS2_PLACEMENT_3D('',#253,#254,#255);
#253 = CARTESIAN_POINT('',(7.68,8.548717289614E-16,1.85));
#254 = DIRECTION('',(1.,0.,0.));
#255 = DIRECTION('',(0.,-2.22044604925E-16,-1.));
#256 = PLANE('',#257);
#257 = AXIS2_PLACEMENT_3D('',#258,#259,#260);
#258 = CARTESIAN_POINT('',(7.68,8.215650382226E-16,1.85));
#259 = DIRECTION('',(1.,0.,0.));
#260 = DIRECTION('',(-0.,9.70417162265E-16,1.));
#261 = ADVANCED_FACE('',(#262),#281,.T.);
#262 = FACE_BOUND('',#263,.T.);
#263 = EDGE_LOOP('',(#264,#273,#279,#280));
#264 = ORIENTED_EDGE('',*,*,#265,.F.);
#265 = EDGE_CURVE('',#266,#266,#268,.T.);
#266 = VERTEX_POINT('',#267);
#267 = CARTESIAN_POINT('',(0.8,7.660538869914E-16,1.45));
#268 = CIRCLE('',#269,0.4);
#269 = AXIS2_PLACEMENT_3D('',#270,#271,#272);
#270 = CARTESIAN_POINT('',(0.8,8.548717289614E-16,1.85));
#271 = DIRECTION('',(-1.,-4.078893220341E-32,-1.836970198721E-16));
#272 = DIRECTION('',(-1.836970198721E-16,2.22044604925E-16,1.));
#273 = ORIENTED_EDGE('',*,*,#274,.T.);
#274 = EDGE_CURVE('',#266,#229,#275,.T.);
#275 = LINE('',#276,#277);
#276 = CARTESIAN_POINT('',(0.8,7.660538869914E-16,1.45));
#277 = VECTOR('',#278,1.);
#278 = DIRECTION('',(1.,0.,0.));
#279 = ORIENTED_EDGE('',*,*,#228,.F.);
#280 = ORIENTED_EDGE('',*,*,#274,.F.);
#281 = CYLINDRICAL_SURFACE('',#282,0.4);
#282 = AXIS2_PLACEMENT_3D('',#283,#284,#285);
#283 = CARTESIAN_POINT('',(0.8,8.548717289614E-16,1.85));
#284 = DIRECTION('',(1.,0.,0.));
#285 = DIRECTION('',(0.,-2.22044604925E-16,-1.));
#286 = ADVANCED_FACE('',(#287),#306,.T.);
#287 = FACE_BOUND('',#288,.T.);
#288 = EDGE_LOOP('',(#289,#290,#298,#305));
#289 = ORIENTED_EDGE('',*,*,#248,.T.);
#290 = ORIENTED_EDGE('',*,*,#291,.T.);
#291 = EDGE_CURVE('',#249,#292,#294,.T.);
#292 = VERTEX_POINT('',#293);
#293 = CARTESIAN_POINT('',(9.36,7.660538869914E-16,1.45));
#294 = LINE('',#295,#296);
#295 = CARTESIAN_POINT('',(0.8,7.660538869914E-16,1.45));
#296 = VECTOR('',#297,1.);
#297 = DIRECTION('',(1.,0.,0.));
#298 = ORIENTED_EDGE('',*,*,#299,.F.);
#299 = EDGE_CURVE('',#292,#292,#300,.T.);
#300 = CIRCLE('',#301,0.4);
#301 = AXIS2_PLACEMENT_3D('',#302,#303,#304);
#302 = CARTESIAN_POINT('',(9.36,8.548717289614E-16,1.85));
#303 = DIRECTION('',(1.,0.,0.));
#304 = DIRECTION('',(0.,-2.22044604925E-16,-1.));
#305 = ORIENTED_EDGE('',*,*,#291,.F.);
#306 = CYLINDRICAL_SURFACE('',#307,0.4);
#307 = AXIS2_PLACEMENT_3D('',#308,#309,#310);
#308 = CARTESIAN_POINT('',(0.8,8.548717289614E-16,1.85));
#309 = DIRECTION('',(1.,0.,0.));
#310 = DIRECTION('',(0.,-2.22044604925E-16,-1.));
#311 = ADVANCED_FACE('',(#312),#332,.T.);
#312 = FACE_BOUND('',#313,.T.);
#313 = EDGE_LOOP('',(#314,#323,#324,#325));
#314 = ORIENTED_EDGE('',*,*,#315,.T.);
#315 = EDGE_CURVE('',#316,#266,#318,.T.);
#316 = VERTEX_POINT('',#317);
#317 = CARTESIAN_POINT('',(0.4,6.772360450213E-16,1.05));
#318 = CIRCLE('',#319,0.4);
#319 = AXIS2_PLACEMENT_3D('',#320,#321,#322);
#320 = CARTESIAN_POINT('',(0.8,8.24193660919E-16,1.05));
#321 = DIRECTION('',(0.,1.,-2.22044604925E-16));
#322 = DIRECTION('',(1.,0.,0.));
#323 = ORIENTED_EDGE('',*,*,#265,.T.);
#324 = ORIENTED_EDGE('',*,*,#315,.F.);
#325 = ORIENTED_EDGE('',*,*,#326,.T.);
#326 = EDGE_CURVE('',#316,#316,#327,.T.);
#327 = CIRCLE('',#328,0.4);
#328 = AXIS2_PLACEMENT_3D('',#329,#330,#331);
#329 = CARTESIAN_POINT('',(0.,6.772360450213E-16,1.05));
#330 = DIRECTION('',(-0.,2.22044604925E-16,1.));
#331 = DIRECTION('',(1.,0.,0.));
#332 = TOROIDAL_SURFACE('',#333,0.8,0.4);
#333 = AXIS2_PLACEMENT_3D('',#334,#335,#336);
#334 = CARTESIAN_POINT('',(0.8,6.772360450213E-16,1.05));
#335 = DIRECTION('',(0.,1.,-2.22044604925E-16));
#336 = DIRECTION('',(1.,0.,0.));
#337 = ADVANCED_FACE('',(#338),#358,.T.);
#338 = FACE_BOUND('',#339,.T.);
#339 = EDGE_LOOP('',(#340,#349,#356,#357));
#340 = ORIENTED_EDGE('',*,*,#341,.T.);
#341 = EDGE_CURVE('',#292,#342,#344,.T.);
#342 = VERTEX_POINT('',#343);
#343 = CARTESIAN_POINT('',(9.76,6.772360450213E-16,1.05));
#344 = CIRCLE('',#345,0.4);
#345 = AXIS2_PLACEMENT_3D('',#346,#347,#348);
#346 = CARTESIAN_POINT('',(9.36,8.24193660919E-16,1.05));
#347 = DIRECTION('',(0.,1.,-2.22044604925E-16));
#348 = DIRECTION('',(1.,0.,0.));
#349 = ORIENTED_EDGE('',*,*,#350,.T.);
#350 = EDGE_CURVE('',#342,#342,#351,.T.);
#351 = CIRCLE('',#352,0.4);
#352 = AXIS2_PLACEMENT_3D('',#353,#354,#355);
#353 = CARTESIAN_POINT('',(10.16,6.772360450213E-16,1.05));
#354 = DIRECTION('',(-2.449293598295E-16,2.22044604925E-16,1.));
#355 = DIRECTION('',(1.,5.438524293788E-32,2.449293598295E-16));
#356 = ORIENTED_EDGE('',*,*,#341,.F.);
#357 = ORIENTED_EDGE('',*,*,#299,.T.);
#358 = TOROIDAL_SURFACE('',#359,0.8,0.4);
#359 = AXIS2_PLACEMENT_3D('',#360,#361,#362);
#360 = CARTESIAN_POINT('',(9.36,6.772360450213E-16,1.05));
#361 = DIRECTION('',(0.,1.,-2.22044604925E-16));
#362 = DIRECTION('',(1.,0.,0.));
#363 = ADVANCED_FACE('',(#364),#383,.T.);
#364 = FACE_BOUND('',#365,.T.);
#365 = EDGE_LOOP('',(#366,#374,#375,#376));
#366 = ORIENTED_EDGE('',*,*,#367,.T.);
#367 = EDGE_CURVE('',#368,#316,#370,.T.);
#368 = VERTEX_POINT('',#369);
#369 = CARTESIAN_POINT('',(0.4,-2.089940463943E-16,-2.5));
#370 = LINE('',#371,#372);
#371 = CARTESIAN_POINT('',(0.4,6.772360450213E-16,1.05));
#372 = VECTOR('',#373,1.);
#373 = DIRECTION('',(0.,2.22044604925E-16,1.));
#374 = ORIENTED_EDGE('',*,*,#326,.F.);
#375 = ORIENTED_EDGE('',*,*,#367,.F.);
#376 = ORIENTED_EDGE('',*,*,#377,.T.);
#377 = EDGE_CURVE('',#368,#368,#378,.T.);
#378 = CIRCLE('',#379,0.4);
#379 = AXIS2_PLACEMENT_3D('',#380,#381,#382);
#380 = CARTESIAN_POINT('',(0.,-1.110223024625E-16,-2.5));
#381 = DIRECTION('',(-0.,2.22044604925E-16,1.));
#382 = DIRECTION('',(1.,0.,0.));
#383 = CYLINDRICAL_SURFACE('',#384,0.4);
#384 = AXIS2_PLACEMENT_3D('',#385,#386,#387);
#385 = CARTESIAN_POINT('',(0.,6.772360450213E-16,1.05));
#386 = DIRECTION('',(0.,2.22044604925E-16,1.));
#387 = DIRECTION('',(1.,0.,-0.));
#388 = ADVANCED_FACE('',(#389),#408,.T.);
#389 = FACE_BOUND('',#390,.T.);
#390 = EDGE_LOOP('',(#391,#399,#406,#407));
#391 = ORIENTED_EDGE('',*,*,#392,.T.);
#392 = EDGE_CURVE('',#342,#393,#395,.T.);
#393 = VERTEX_POINT('',#394);
#394 = CARTESIAN_POINT('',(9.76,-2.089940463943E-16,-2.5));
#395 = LINE('',#396,#397);
#396 = CARTESIAN_POINT('',(9.76,6.772360450213E-16,1.05));
#397 = VECTOR('',#398,1.);
#398 = DIRECTION('',(0.,-2.22044604925E-16,-1.));
#399 = ORIENTED_EDGE('',*,*,#400,.F.);
#400 = EDGE_CURVE('',#393,#393,#401,.T.);
#401 = CIRCLE('',#402,0.4);
#402 = AXIS2_PLACEMENT_3D('',#403,#404,#405);
#403 = CARTESIAN_POINT('',(10.16,-1.110223024625E-16,-2.5));
#404 = DIRECTION('',(-0.,-2.22044604925E-16,-1.));
#405 = DIRECTION('',(-1.,0.,0.));
#406 = ORIENTED_EDGE('',*,*,#392,.F.);
#407 = ORIENTED_EDGE('',*,*,#350,.F.);
#408 = CYLINDRICAL_SURFACE('',#409,0.4);
#409 = AXIS2_PLACEMENT_3D('',#410,#411,#412);
#410 = CARTESIAN_POINT('',(10.16,6.772360450213E-16,1.05));
#411 = DIRECTION('',(0.,-2.22044604925E-16,-1.));
#412 = DIRECTION('',(-1.,-0.,0.));
#413 = ADVANCED_FACE('',(#414),#417,.T.);
#414 = FACE_BOUND('',#415,.F.);
#415 = EDGE_LOOP('',(#416));
#416 = ORIENTED_EDGE('',*,*,#377,.T.);
#417 = PLANE('',#418);
#418 = AXIS2_PLACEMENT_3D('',#419,#420,#421);
#419 = CARTESIAN_POINT('',(0.4,-1.110223024625E-16,-2.5));
#420 = DIRECTION('',(0.,0.,-1.));
#421 = DIRECTION('',(-1.,0.,0.));
#422 = ADVANCED_FACE('',(#423),#426,.F.);
#423 = FACE_BOUND('',#424,.T.);
#424 = EDGE_LOOP('',(#425));
#425 = ORIENTED_EDGE('',*,*,#400,.T.);
#426 = PLANE('',#427);
#427 = AXIS2_PLACEMENT_3D('',#428,#429,#430);
#428 = CARTESIAN_POINT('',(9.76,-1.110223024625E-16,-2.5));
#429 = DIRECTION('',(0.,0.,1.));
#430 = DIRECTION('',(1.,0.,-0.));
#431 = ( GEOMETRIC_REPRESENTATION_CONTEXT(3) 
GLOBAL_UNCERTAINTY_ASSIGNED_CONTEXT((#435)) GLOBAL_UNIT_ASSIGNED_CONTEXT
((#432,#433,#434)) REPRESENTATION_CONTEXT('Context #1',
  '3D Context with UNIT and UNCERTAINTY') );
#432 = ( LENGTH_UNIT() NAMED_UNIT(*) SI_UNIT(.MILLI.,.METRE.) );
#433 = ( NAMED_UNIT(*) PLANE_ANGLE_UNIT() SI_UNIT($,.RADIAN.) );
#434 = ( NAMED_UNIT(*) SI_UNIT($,.STERADIAN.) SOLID_ANGLE_UNIT() );
#435 = UNCERTAINTY_MEASURE_WITH_UNIT(LENGTH_MEASURE(1.E-07),#432,
  'distance_accuracy_value','confusion accuracy');
#436 = CONTEXT_DEPENDENT_SHAPE_REPRESENTATION(#437,#439);
#437 = ( REPRESENTATION_RELATIONSHIP('','',#95,#72) 
REPRESENTATION_RELATIONSHIP_WITH_TRANSFORMATION(#438) 
SHAPE_REPRESENTATION_RELATIONSHIP() );
#438 = ITEM_DEFINED_TRANSFORMATION('','',#11,#73);
#439 = PRODUCT_DEFINITION_SHAPE('Placement','Placement of an item',#440
  );
#440 = NEXT_ASSEMBLY_USAGE_OCCURRENCE('1','=>[0:1:1:3]','',#67,#90,$);
#441 = PRODUCT_RELATED_PRODUCT_CATEGORY('part',$,(#92));
#442 = SHAPE_DEFINITION_REPRESENTATION(#443,#449);
#443 = PRODUCT_DEFINITION_SHAPE('','',#444);
#444 = PRODUCT_DEFINITION('design','',#445,#448);
#445 = PRODUCT_DEFINITION_FORMATION('','',#446);
#446 = PRODUCT('39-28-8020','39-28-8020','',(#447));
#447 = PRODUCT_CONTEXT('',#2,'mechanical');
#448 = PRODUCT_DEFINITION_CONTEXT('part definition',#2,'design');
#449 = SHAPE_REPRESENTATION('',(#11,#450),#454);
#450 = AXIS2_PLACEMENT_3D('',#451,#452,#453);
#451 = CARTESIAN_POINT('',(0.,0.,0.));
#452 = DIRECTION('',(0.,0.,1.));
#453 = DIRECTION('',(1.,0.,-0.));
#454 = ( GEOMETRIC_REPRESENTATION_CONTEXT(3) 
GLOBAL_UNCERTAINTY_ASSIGNED_CONTEXT((#458)) GLOBAL_UNIT_ASSIGNED_CONTEXT
((#455,#456,#457)) REPRESENTATION_CONTEXT('Context #1',
  '3D Context with UNIT and UNCERTAINTY') );
#455 = ( LENGTH_UNIT() NAMED_UNIT(*) SI_UNIT(.MILLI.,.METRE.) );
#456 = ( NAMED_UNIT(*) PLANE_ANGLE_UNIT() SI_UNIT($,.RADIAN.) );
#457 = ( NAMED_UNIT(*) SI_UNIT($,.STERADIAN.) SOLID_ANGLE_UNIT() );
#458 = UNCERTAINTY_MEASURE_WITH_UNIT(LENGTH_MEASURE(1.E-07),#455,
  'distance_accuracy_value','confusion accuracy');
#459 = CONTEXT_DEPENDENT_SHAPE_REPRESENTATION(#460,#462);
#460 = ( REPRESENTATION_RELATIONSHIP('','',#449,#10) 
REPRESENTATION_RELATIONSHIP_WITH_TRANSFORMATION(#461) 
SHAPE_REPRESENTATION_RELATIONSHIP() );
#461 = ITEM_DEFINED_TRANSFORMATION('','',#11,#19);
#462 = PRODUCT_DEFINITION_SHAPE('Placement','Placement of an item',#463
  );
#463 = NEXT_ASSEMBLY_USAGE_OCCURRENCE('4','J4','',#5,#444,$);
#464 = PRODUCT_RELATED_PRODUCT_CATEGORY('part',$,(#446));
#465 = SHAPE_DEFINITION_REPRESENTATION(#466,#472);
#466 = PRODUCT_DEFINITION_SHAPE('','',#467);
#467 = PRODUCT_DEFINITION('design','',#468,#471);
#468 = PRODUCT_DEFINITION_FORMATION('','',#469);
#469 = PRODUCT('039288020','039288020','',(#470));
#470 = PRODUCT_CONTEXT('',#2,'mechanical');
#471 = PRODUCT_DEFINITION_CONTEXT('part definition',#2,'design');
#472 = SHAPE_REPRESENTATION('',(#11,#473,#2812,#2829),#2846);
#473 = MANIFOLD_SOLID_BREP('',#474);
#474 = CLOSED_SHELL('',(#475,#531,#587,#618,#649,#721,#810,#841,#888,
    #921,#945,#985,#1009,#1033,#1057,#1088,#1119,#1159,#1199,#1223,#1313
    ,#1382,#1452,#1469,#1498,#1512,#1524,#1536,#1562,#1595,#1613,#1732,
    #1763,#1787,#1811,#1828,#1840,#1866,#1878,#1890,#1902,#1933,#1957,
    #1981,#1998,#2044,#2134,#2156,#2173,#2190,#2207,#2224,#2236,#2275,
    #2314,#2353,#2392,#2416,#2448,#2487,#2526,#2565,#2582,#2599,#2611,
    #2628,#2645,#2662,#2674,#2691,#2708,#2725,#2737,#2754,#2771,#2788,
    #2800));
#475 = ADVANCED_FACE('',(#476),#526,.F.);
#476 = FACE_BOUND('',#477,.F.);
#477 = EDGE_LOOP('',(#478,#488,#496,#504,#512,#520));
#478 = ORIENTED_EDGE('',*,*,#479,.T.);
#479 = EDGE_CURVE('',#480,#482,#484,.T.);
#480 = VERTEX_POINT('',#481);
#481 = CARTESIAN_POINT('',(-2.7,0.2,-1.59));
#482 = VERTEX_POINT('',#483);
#483 = CARTESIAN_POINT('',(-2.7,12.8,-1.59));
#484 = LINE('',#485,#486);
#485 = CARTESIAN_POINT('',(-2.7,0.2,-1.59));
#486 = VECTOR('',#487,1.);
#487 = DIRECTION('',(0.,1.,0.));
#488 = ORIENTED_EDGE('',*,*,#489,.T.);
#489 = EDGE_CURVE('',#482,#490,#492,.T.);
#490 = VERTEX_POINT('',#491);
#491 = CARTESIAN_POINT('',(-2.7,12.8,4.8));
#492 = LINE('',#493,#494);
#493 = CARTESIAN_POINT('',(-2.7,12.8,-1.59));
#494 = VECTOR('',#495,1.);
#495 = DIRECTION('',(0.,0.,1.));
#496 = ORIENTED_EDGE('',*,*,#497,.T.);
#497 = EDGE_CURVE('',#490,#498,#500,.T.);
#498 = VERTEX_POINT('',#499);
#499 = CARTESIAN_POINT('',(-2.7,0.,4.8));
#500 = LINE('',#501,#502);
#501 = CARTESIAN_POINT('',(-2.7,12.8,4.8));
#502 = VECTOR('',#503,1.);
#503 = DIRECTION('',(0.,-1.,0.));
#504 = ORIENTED_EDGE('',*,*,#505,.T.);
#505 = EDGE_CURVE('',#498,#506,#508,.T.);
#506 = VERTEX_POINT('',#507);
#507 = CARTESIAN_POINT('',(-2.7,0.,3.8));
#508 = LINE('',#509,#510);
#509 = CARTESIAN_POINT('',(-2.7,0.,4.8));
#510 = VECTOR('',#511,1.);
#511 = DIRECTION('',(0.,0.,-1.));
#512 = ORIENTED_EDGE('',*,*,#513,.T.);
#513 = EDGE_CURVE('',#506,#514,#516,.T.);
#514 = VERTEX_POINT('',#515);
#515 = CARTESIAN_POINT('',(-2.7,0.2,3.8));
#516 = LINE('',#517,#518);
#517 = CARTESIAN_POINT('',(-2.7,0.,3.8));
#518 = VECTOR('',#519,1.);
#519 = DIRECTION('',(0.,1.,0.));
#520 = ORIENTED_EDGE('',*,*,#521,.F.);
#521 = EDGE_CURVE('',#480,#514,#522,.T.);
#522 = LINE('',#523,#524);
#523 = CARTESIAN_POINT('',(-2.7,0.2,-1.59));
#524 = VECTOR('',#525,1.);
#525 = DIRECTION('',(0.,0.,1.));
#526 = PLANE('',#527);
#527 = AXIS2_PLACEMENT_3D('',#528,#529,#530);
#528 = CARTESIAN_POINT('',(-2.7,0.,0.));
#529 = DIRECTION('',(1.,0.,0.));
#530 = DIRECTION('',(0.,0.,-1.));
#531 = ADVANCED_FACE('',(#532),#582,.F.);
#532 = FACE_BOUND('',#533,.F.);
#533 = EDGE_LOOP('',(#534,#544,#552,#560,#568,#576));
#534 = ORIENTED_EDGE('',*,*,#535,.F.);
#535 = EDGE_CURVE('',#536,#538,#540,.T.);
#536 = VERTEX_POINT('',#537);
#537 = CARTESIAN_POINT('',(-2.7,0.2,-3.39));
#538 = VERTEX_POINT('',#539);
#539 = CARTESIAN_POINT('',(-2.7,12.8,-3.39));
#540 = LINE('',#541,#542);
#541 = CARTESIAN_POINT('',(-2.7,0.2,-3.39));
#542 = VECTOR('',#543,1.);
#543 = DIRECTION('',(0.,1.,0.));
#544 = ORIENTED_EDGE('',*,*,#545,.F.);
#545 = EDGE_CURVE('',#546,#536,#548,.T.);
#546 = VERTEX_POINT('',#547);
#547 = CARTESIAN_POINT('',(-2.7,0.2,-3.8));
#548 = LINE('',#549,#550);
#549 = CARTESIAN_POINT('',(-2.7,0.2,-3.8));
#550 = VECTOR('',#551,1.);
#551 = DIRECTION('',(0.,0.,1.));
#552 = ORIENTED_EDGE('',*,*,#553,.F.);
#553 = EDGE_CURVE('',#554,#546,#556,.T.);
#554 = VERTEX_POINT('',#555);
#555 = CARTESIAN_POINT('',(-2.7,0.,-3.8));
#556 = LINE('',#557,#558);
#557 = CARTESIAN_POINT('',(-2.7,0.,-3.8));
#558 = VECTOR('',#559,1.);
#559 = DIRECTION('',(0.,1.,0.));
#560 = ORIENTED_EDGE('',*,*,#561,.T.);
#561 = EDGE_CURVE('',#554,#562,#564,.T.);
#562 = VERTEX_POINT('',#563);
#563 = CARTESIAN_POINT('',(-2.7,0.,-4.8));
#564 = LINE('',#565,#566);
#565 = CARTESIAN_POINT('',(-2.7,0.,-3.8));
#566 = VECTOR('',#567,1.);
#567 = DIRECTION('',(0.,0.,-1.));
#568 = ORIENTED_EDGE('',*,*,#569,.T.);
#569 = EDGE_CURVE('',#562,#570,#572,.T.);
#570 = VERTEX_POINT('',#571);
#571 = CARTESIAN_POINT('',(-2.7,12.8,-4.8));
#572 = LINE('',#573,#574);
#573 = CARTESIAN_POINT('',(-2.7,0.,-4.8));
#574 = VECTOR('',#575,1.);
#575 = DIRECTION('',(0.,1.,0.));
#576 = ORIENTED_EDGE('',*,*,#577,.T.);
#577 = EDGE_CURVE('',#570,#538,#578,.T.);
#578 = LINE('',#579,#580);
#579 = CARTESIAN_POINT('',(-2.7,12.8,-4.8));
#580 = VECTOR('',#581,1.);
#581 = DIRECTION('',(0.,0.,1.));
#582 = PLANE('',#583);
#583 = AXIS2_PLACEMENT_3D('',#584,#585,#586);
#584 = CARTESIAN_POINT('',(-2.7,0.,0.));
#585 = DIRECTION('',(1.,0.,0.));
#586 = DIRECTION('',(0.,0.,-1.));
#587 = ADVANCED_FACE('',(#588),#613,.T.);
#588 = FACE_BOUND('',#589,.F.);
#589 = EDGE_LOOP('',(#590,#600,#606,#607));
#590 = ORIENTED_EDGE('',*,*,#591,.F.);
#591 = EDGE_CURVE('',#592,#594,#596,.T.);
#592 = VERTEX_POINT('',#593);
#593 = CARTESIAN_POINT('',(-3.1,12.8,-1.99));
#594 = VERTEX_POINT('',#595);
#595 = CARTESIAN_POINT('',(-3.1,0.2,-1.99));
#596 = LINE('',#597,#598);
#597 = CARTESIAN_POINT('',(-3.1,12.8,-1.99));
#598 = VECTOR('',#599,1.);
#599 = DIRECTION('',(0.,-1.,0.));
#600 = ORIENTED_EDGE('',*,*,#601,.F.);
#601 = EDGE_CURVE('',#482,#592,#602,.T.);
#602 = LINE('',#603,#604);
#603 = CARTESIAN_POINT('',(-2.7,12.8,-1.59));
#604 = VECTOR('',#605,1.);
#605 = DIRECTION('',(-0.707106781187,0.,-0.707106781187));
#606 = ORIENTED_EDGE('',*,*,#479,.F.);
#607 = ORIENTED_EDGE('',*,*,#608,.T.);
#608 = EDGE_CURVE('',#480,#594,#609,.T.);
#609 = LINE('',#610,#611);
#610 = CARTESIAN_POINT('',(-2.7,0.2,-1.59));
#611 = VECTOR('',#612,1.);
#612 = DIRECTION('',(-0.707106781187,0.,-0.707106781187));
#613 = PLANE('',#614);
#614 = AXIS2_PLACEMENT_3D('',#615,#616,#617);
#615 = CARTESIAN_POINT('',(-2.7,12.8,-1.59));
#616 = DIRECTION('',(-0.707106781187,0.,0.707106781187));
#617 = DIRECTION('',(-0.707106781187,0.,-0.707106781187));
#618 = ADVANCED_FACE('',(#619),#644,.T.);
#619 = FACE_BOUND('',#620,.F.);
#620 = EDGE_LOOP('',(#621,#622,#630,#638));
#621 = ORIENTED_EDGE('',*,*,#591,.T.);
#622 = ORIENTED_EDGE('',*,*,#623,.T.);
#623 = EDGE_CURVE('',#594,#624,#626,.T.);
#624 = VERTEX_POINT('',#625);
#625 = CARTESIAN_POINT('',(-3.1,0.2,-2.99));
#626 = LINE('',#627,#628);
#627 = CARTESIAN_POINT('',(-3.1,0.2,-1.99));
#628 = VECTOR('',#629,1.);
#629 = DIRECTION('',(0.,0.,-1.));
#630 = ORIENTED_EDGE('',*,*,#631,.F.);
#631 = EDGE_CURVE('',#632,#624,#634,.T.);
#632 = VERTEX_POINT('',#633);
#633 = CARTESIAN_POINT('',(-3.1,12.8,-2.99));
#634 = LINE('',#635,#636);
#635 = CARTESIAN_POINT('',(-3.1,12.8,-2.99));
#636 = VECTOR('',#637,1.);
#637 = DIRECTION('',(0.,-1.,0.));
#638 = ORIENTED_EDGE('',*,*,#639,.F.);
#639 = EDGE_CURVE('',#592,#632,#640,.T.);
#640 = LINE('',#641,#642);
#641 = CARTESIAN_POINT('',(-3.1,12.8,-1.99));
#642 = VECTOR('',#643,1.);
#643 = DIRECTION('',(0.,0.,-1.));
#644 = PLANE('',#645);
#645 = AXIS2_PLACEMENT_3D('',#646,#647,#648);
#646 = CARTESIAN_POINT('',(-3.1,12.8,-1.99));
#647 = DIRECTION('',(-1.,0.,0.));
#648 = DIRECTION('',(0.,0.,-1.));
#649 = ADVANCED_FACE('',(#650),#716,.T.);
#650 = FACE_BOUND('',#651,.F.);
#651 = EDGE_LOOP('',(#652,#662,#670,#678,#686,#694,#700,#701,#707,#708,
    #709,#710));
#652 = ORIENTED_EDGE('',*,*,#653,.F.);
#653 = EDGE_CURVE('',#654,#656,#658,.T.);
#654 = VERTEX_POINT('',#655);
#655 = CARTESIAN_POINT('',(-1.3,0.2,0.5));
#656 = VERTEX_POINT('',#657);
#657 = CARTESIAN_POINT('',(-1.3,0.2,3.8));
#658 = LINE('',#659,#660);
#659 = CARTESIAN_POINT('',(-1.3,0.2,0.5));
#660 = VECTOR('',#661,1.);
#661 = DIRECTION('',(0.,0.,1.));
#662 = ORIENTED_EDGE('',*,*,#663,.F.);
#663 = EDGE_CURVE('',#664,#654,#666,.T.);
#664 = VERTEX_POINT('',#665);
#665 = CARTESIAN_POINT('',(-1.7,0.2,0.5));
#666 = LINE('',#667,#668);
#667 = CARTESIAN_POINT('',(-1.7,0.2,0.5));
#668 = VECTOR('',#669,1.);
#669 = DIRECTION('',(1.,0.,0.));
#670 = ORIENTED_EDGE('',*,*,#671,.F.);
#671 = EDGE_CURVE('',#672,#664,#674,.T.);
#672 = VERTEX_POINT('',#673);
#673 = CARTESIAN_POINT('',(-1.7,0.2,-0.5));
#674 = LINE('',#675,#676);
#675 = CARTESIAN_POINT('',(-1.7,0.2,-0.5));
#676 = VECTOR('',#677,1.);
#677 = DIRECTION('',(0.,0.,1.));
#678 = ORIENTED_EDGE('',*,*,#679,.F.);
#679 = EDGE_CURVE('',#680,#672,#682,.T.);
#680 = VERTEX_POINT('',#681);
#681 = CARTESIAN_POINT('',(-1.3,0.2,-0.5));
#682 = LINE('',#683,#684);
#683 = CARTESIAN_POINT('',(-1.3,0.2,-0.5));
#684 = VECTOR('',#685,1.);
#685 = DIRECTION('',(-1.,0.,0.));
#686 = ORIENTED_EDGE('',*,*,#687,.F.);
#687 = EDGE_CURVE('',#688,#680,#690,.T.);
#688 = VERTEX_POINT('',#689);
#689 = CARTESIAN_POINT('',(-1.3,0.2,-3.8));
#690 = LINE('',#691,#692);
#691 = CARTESIAN_POINT('',(-1.3,0.2,-3.8));
#692 = VECTOR('',#693,1.);
#693 = DIRECTION('',(0.,0.,1.));
#694 = ORIENTED_EDGE('',*,*,#695,.F.);
#695 = EDGE_CURVE('',#546,#688,#696,.T.);
#696 = LINE('',#697,#698);
#697 = CARTESIAN_POINT('',(-2.7,0.2,-3.8));
#698 = VECTOR('',#699,1.);
#699 = DIRECTION('',(1.,0.,0.));
#700 = ORIENTED_EDGE('',*,*,#545,.T.);
#701 = ORIENTED_EDGE('',*,*,#702,.F.);
#702 = EDGE_CURVE('',#624,#536,#703,.T.);
#703 = LINE('',#704,#705);
#704 = CARTESIAN_POINT('',(-3.1,0.2,-2.99));
#705 = VECTOR('',#706,1.);
#706 = DIRECTION('',(0.707106781187,0.,-0.707106781187));
#707 = ORIENTED_EDGE('',*,*,#623,.F.);
#708 = ORIENTED_EDGE('',*,*,#608,.F.);
#709 = ORIENTED_EDGE('',*,*,#521,.T.);
#710 = ORIENTED_EDGE('',*,*,#711,.F.);
#711 = EDGE_CURVE('',#656,#514,#712,.T.);
#712 = LINE('',#713,#714);
#713 = CARTESIAN_POINT('',(-1.3,0.2,3.8));
#714 = VECTOR('',#715,1.);
#715 = DIRECTION('',(-1.,0.,0.));
#716 = PLANE('',#717);
#717 = AXIS2_PLACEMENT_3D('',#718,#719,#720);
#718 = CARTESIAN_POINT('',(-2.7,0.2,0.));
#719 = DIRECTION('',(0.,-1.,0.));
#720 = DIRECTION('',(1.,0.,0.));
#721 = ADVANCED_FACE('',(#722),#805,.T.);
#722 = FACE_BOUND('',#723,.F.);
#723 = EDGE_LOOP('',(#724,#734,#742,#750,#759,#767,#775,#783,#791,#799)
  );
#724 = ORIENTED_EDGE('',*,*,#725,.T.);
#725 = EDGE_CURVE('',#726,#728,#730,.T.);
#726 = VERTEX_POINT('',#727);
#727 = CARTESIAN_POINT('',(1.3,0.2,0.5));
#728 = VERTEX_POINT('',#729);
#729 = CARTESIAN_POINT('',(1.3,0.2,3.8));
#730 = LINE('',#731,#732);
#731 = CARTESIAN_POINT('',(1.3,0.2,0.5));
#732 = VECTOR('',#733,1.);
#733 = DIRECTION('',(0.,0.,1.));
#734 = ORIENTED_EDGE('',*,*,#735,.F.);
#735 = EDGE_CURVE('',#736,#728,#738,.T.);
#736 = VERTEX_POINT('',#737);
#737 = CARTESIAN_POINT('',(2.7,0.2,3.8));
#738 = LINE('',#739,#740);
#739 = CARTESIAN_POINT('',(2.7,0.2,3.8));
#740 = VECTOR('',#741,1.);
#741 = DIRECTION('',(-1.,0.,0.));
#742 = ORIENTED_EDGE('',*,*,#743,.F.);
#743 = EDGE_CURVE('',#744,#736,#746,.T.);
#744 = VERTEX_POINT('',#745);
#745 = CARTESIAN_POINT('',(2.7,0.2,3.));
#746 = LINE('',#747,#748);
#747 = CARTESIAN_POINT('',(2.7,0.2,3.));
#748 = VECTOR('',#749,1.);
#749 = DIRECTION('',(0.,0.,1.));
#750 = ORIENTED_EDGE('',*,*,#751,.F.);
#751 = EDGE_CURVE('',#752,#744,#754,.T.);
#752 = VERTEX_POINT('',#753);
#753 = CARTESIAN_POINT('',(2.7,0.2,2.2));
#754 = CIRCLE('',#755,0.4);
#755 = AXIS2_PLACEMENT_3D('',#756,#757,#758);
#756 = CARTESIAN_POINT('',(2.7,0.2,2.6));
#757 = DIRECTION('',(0.,-1.,0.));
#758 = DIRECTION('',(0.,0.,-1.));
#759 = ORIENTED_EDGE('',*,*,#760,.F.);
#760 = EDGE_CURVE('',#761,#752,#763,.T.);
#761 = VERTEX_POINT('',#762);
#762 = CARTESIAN_POINT('',(2.7,0.2,-3.8));
#763 = LINE('',#764,#765);
#764 = CARTESIAN_POINT('',(2.7,0.2,-3.8));
#765 = VECTOR('',#766,1.);
#766 = DIRECTION('',(0.,0.,1.));
#767 = ORIENTED_EDGE('',*,*,#768,.F.);
#768 = EDGE_CURVE('',#769,#761,#771,.T.);
#769 = VERTEX_POINT('',#770);
#770 = CARTESIAN_POINT('',(1.3,0.2,-3.8));
#771 = LINE('',#772,#773);
#772 = CARTESIAN_POINT('',(1.3,0.2,-3.8));
#773 = VECTOR('',#774,1.);
#774 = DIRECTION('',(1.,0.,0.));
#775 = ORIENTED_EDGE('',*,*,#776,.T.);
#776 = EDGE_CURVE('',#769,#777,#779,.T.);
#777 = VERTEX_POINT('',#778);
#778 = CARTESIAN_POINT('',(1.3,0.2,-0.5));
#779 = LINE('',#780,#781);
#780 = CARTESIAN_POINT('',(1.3,0.2,-3.8));
#781 = VECTOR('',#782,1.);
#782 = DIRECTION('',(0.,0.,1.));
#783 = ORIENTED_EDGE('',*,*,#784,.F.);
#784 = EDGE_CURVE('',#785,#777,#787,.T.);
#785 = VERTEX_POINT('',#786);
#786 = CARTESIAN_POINT('',(1.7,0.2,-0.5));
#787 = LINE('',#788,#789);
#788 = CARTESIAN_POINT('',(1.7,0.2,-0.5));
#789 = VECTOR('',#790,1.);
#790 = DIRECTION('',(-1.,0.,0.));
#791 = ORIENTED_EDGE('',*,*,#792,.F.);
#792 = EDGE_CURVE('',#793,#785,#795,.T.);
#793 = VERTEX_POINT('',#794);
#794 = CARTESIAN_POINT('',(1.7,0.2,0.5));
#795 = LINE('',#796,#797);
#796 = CARTESIAN_POINT('',(1.7,0.2,0.5));
#797 = VECTOR('',#798,1.);
#798 = DIRECTION('',(0.,0.,-1.));
#799 = ORIENTED_EDGE('',*,*,#800,.F.);
#800 = EDGE_CURVE('',#726,#793,#801,.T.);
#801 = LINE('',#802,#803);
#802 = CARTESIAN_POINT('',(1.3,0.2,0.5));
#803 = VECTOR('',#804,1.);
#804 = DIRECTION('',(1.,0.,0.));
#805 = PLANE('',#806);
#806 = AXIS2_PLACEMENT_3D('',#807,#808,#809);
#807 = CARTESIAN_POINT('',(-2.7,0.2,0.));
#808 = DIRECTION('',(0.,-1.,0.));
#809 = DIRECTION('',(1.,0.,0.));
#810 = ADVANCED_FACE('',(#811),#836,.F.);
#811 = FACE_BOUND('',#812,.F.);
#812 = EDGE_LOOP('',(#813,#814,#822,#830));
#813 = ORIENTED_EDGE('',*,*,#653,.T.);
#814 = ORIENTED_EDGE('',*,*,#815,.T.);
#815 = EDGE_CURVE('',#656,#816,#818,.T.);
#816 = VERTEX_POINT('',#817);
#817 = CARTESIAN_POINT('',(-1.3,0.8,3.8));
#818 = LINE('',#819,#820);
#819 = CARTESIAN_POINT('',(-1.3,0.2,3.8));
#820 = VECTOR('',#821,1.);
#821 = DIRECTION('',(0.,1.,0.));
#822 = ORIENTED_EDGE('',*,*,#823,.T.);
#823 = EDGE_CURVE('',#816,#824,#826,.T.);
#824 = VERTEX_POINT('',#825);
#825 = CARTESIAN_POINT('',(-1.3,0.8,0.5));
#826 = LINE('',#827,#828);
#827 = CARTESIAN_POINT('',(-1.3,0.8,3.8));
#828 = VECTOR('',#829,1.);
#829 = DIRECTION('',(0.,0.,-1.));
#830 = ORIENTED_EDGE('',*,*,#831,.F.);
#831 = EDGE_CURVE('',#654,#824,#832,.T.);
#832 = LINE('',#833,#834);
#833 = CARTESIAN_POINT('',(-1.3,0.2,0.5));
#834 = VECTOR('',#835,1.);
#835 = DIRECTION('',(0.,1.,0.));
#836 = PLANE('',#837);
#837 = AXIS2_PLACEMENT_3D('',#838,#839,#840);
#838 = CARTESIAN_POINT('',(-1.3,0.,3.8));
#839 = DIRECTION('',(-1.,0.,0.));
#840 = DIRECTION('',(0.,0.,-1.));
#841 = ADVANCED_FACE('',(#842),#883,.F.);
#842 = FACE_BOUND('',#843,.F.);
#843 = EDGE_LOOP('',(#844,#845,#853,#861,#869,#877));
#844 = ORIENTED_EDGE('',*,*,#735,.T.);
#845 = ORIENTED_EDGE('',*,*,#846,.T.);
#846 = EDGE_CURVE('',#728,#847,#849,.T.);
#847 = VERTEX_POINT('',#848);
#848 = CARTESIAN_POINT('',(1.3,0.8,3.8));
#849 = LINE('',#850,#851);
#850 = CARTESIAN_POINT('',(1.3,0.2,3.8));
#851 = VECTOR('',#852,1.);
#852 = DIRECTION('',(0.,1.,0.));
#853 = ORIENTED_EDGE('',*,*,#854,.T.);
#854 = EDGE_CURVE('',#847,#855,#857,.T.);
#855 = VERTEX_POINT('',#856);
#856 = CARTESIAN_POINT('',(1.,0.8,3.8));
#857 = LINE('',#858,#859);
#858 = CARTESIAN_POINT('',(1.3,0.8,3.8));
#859 = VECTOR('',#860,1.);
#860 = DIRECTION('',(-1.,0.,0.));
#861 = ORIENTED_EDGE('',*,*,#862,.T.);
#862 = EDGE_CURVE('',#855,#863,#865,.T.);
#863 = VERTEX_POINT('',#864);
#864 = CARTESIAN_POINT('',(1.,0.,3.8));
#865 = LINE('',#866,#867);
#866 = CARTESIAN_POINT('',(1.,0.8,3.8));
#867 = VECTOR('',#868,1.);
#868 = DIRECTION('',(0.,-1.,0.));
#869 = ORIENTED_EDGE('',*,*,#870,.T.);
#870 = EDGE_CURVE('',#863,#871,#873,.T.);
#871 = VERTEX_POINT('',#872);
#872 = CARTESIAN_POINT('',(2.7,0.,3.8));
#873 = LINE('',#874,#875);
#874 = CARTESIAN_POINT('',(1.,0.,3.8));
#875 = VECTOR('',#876,1.);
#876 = DIRECTION('',(1.,0.,0.));
#877 = ORIENTED_EDGE('',*,*,#878,.T.);
#878 = EDGE_CURVE('',#871,#736,#879,.T.);
#879 = LINE('',#880,#881);
#880 = CARTESIAN_POINT('',(2.7,0.,3.8));
#881 = VECTOR('',#882,1.);
#882 = DIRECTION('',(0.,1.,0.));
#883 = PLANE('',#884);
#884 = AXIS2_PLACEMENT_3D('',#885,#886,#887);
#885 = CARTESIAN_POINT('',(-1.,0.,3.8));
#886 = DIRECTION('',(0.,0.,1.));
#887 = DIRECTION('',(-1.,0.,0.));
#888 = ADVANCED_FACE('',(#889),#916,.F.);
#889 = FACE_BOUND('',#890,.F.);
#890 = EDGE_LOOP('',(#891,#892,#893,#894,#902,#910));
#891 = ORIENTED_EDGE('',*,*,#815,.F.);
#892 = ORIENTED_EDGE('',*,*,#711,.T.);
#893 = ORIENTED_EDGE('',*,*,#513,.F.);
#894 = ORIENTED_EDGE('',*,*,#895,.T.);
#895 = EDGE_CURVE('',#506,#896,#898,.T.);
#896 = VERTEX_POINT('',#897);
#897 = CARTESIAN_POINT('',(-1.,0.,3.8));
#898 = LINE('',#899,#900);
#899 = CARTESIAN_POINT('',(-2.7,0.,3.8));
#900 = VECTOR('',#901,1.);
#901 = DIRECTION('',(1.,0.,0.));
#902 = ORIENTED_EDGE('',*,*,#903,.T.);
#903 = EDGE_CURVE('',#896,#904,#906,.T.);
#904 = VERTEX_POINT('',#905);
#905 = CARTESIAN_POINT('',(-1.,0.8,3.8));
#906 = LINE('',#907,#908);
#907 = CARTESIAN_POINT('',(-1.,0.,3.8));
#908 = VECTOR('',#909,1.);
#909 = DIRECTION('',(0.,1.,0.));
#910 = ORIENTED_EDGE('',*,*,#911,.T.);
#911 = EDGE_CURVE('',#904,#816,#912,.T.);
#912 = LINE('',#913,#914);
#913 = CARTESIAN_POINT('',(-1.,0.8,3.8));
#914 = VECTOR('',#915,1.);
#915 = DIRECTION('',(-1.,0.,0.));
#916 = PLANE('',#917);
#917 = AXIS2_PLACEMENT_3D('',#918,#919,#920);
#918 = CARTESIAN_POINT('',(-1.,0.,3.8));
#919 = DIRECTION('',(0.,0.,1.));
#920 = DIRECTION('',(-1.,0.,0.));
#921 = ADVANCED_FACE('',(#922),#940,.F.);
#922 = FACE_BOUND('',#923,.F.);
#923 = EDGE_LOOP('',(#924,#925,#933,#939));
#924 = ORIENTED_EDGE('',*,*,#725,.F.);
#925 = ORIENTED_EDGE('',*,*,#926,.T.);
#926 = EDGE_CURVE('',#726,#927,#929,.T.);
#927 = VERTEX_POINT('',#928);
#928 = CARTESIAN_POINT('',(1.3,0.8,0.5));
#929 = LINE('',#930,#931);
#930 = CARTESIAN_POINT('',(1.3,0.2,0.5));
#931 = VECTOR('',#932,1.);
#932 = DIRECTION('',(0.,1.,0.));
#933 = ORIENTED_EDGE('',*,*,#934,.T.);
#934 = EDGE_CURVE('',#927,#847,#935,.T.);
#935 = LINE('',#936,#937);
#936 = CARTESIAN_POINT('',(1.3,0.8,0.5));
#937 = VECTOR('',#938,1.);
#938 = DIRECTION('',(0.,0.,1.));
#939 = ORIENTED_EDGE('',*,*,#846,.F.);
#940 = PLANE('',#941);
#941 = AXIS2_PLACEMENT_3D('',#942,#943,#944);
#942 = CARTESIAN_POINT('',(1.3,0.,0.5));
#943 = DIRECTION('',(1.,0.,0.));
#944 = DIRECTION('',(0.,0.,1.));
#945 = ADVANCED_FACE('',(#946),#980,.F.);
#946 = FACE_BOUND('',#947,.F.);
#947 = EDGE_LOOP('',(#948,#949,#950,#958,#966,#972,#973,#974));
#948 = ORIENTED_EDGE('',*,*,#926,.F.);
#949 = ORIENTED_EDGE('',*,*,#800,.T.);
#950 = ORIENTED_EDGE('',*,*,#951,.F.);
#951 = EDGE_CURVE('',#952,#793,#954,.T.);
#952 = VERTEX_POINT('',#953);
#953 = CARTESIAN_POINT('',(1.7,0.,0.5));
#954 = LINE('',#955,#956);
#955 = CARTESIAN_POINT('',(1.7,0.,0.5));
#956 = VECTOR('',#957,1.);
#957 = DIRECTION('',(0.,1.,0.));
#958 = ORIENTED_EDGE('',*,*,#959,.F.);
#959 = EDGE_CURVE('',#960,#952,#962,.T.);
#960 = VERTEX_POINT('',#961);
#961 = CARTESIAN_POINT('',(-1.7,0.,0.5));
#962 = LINE('',#963,#964);
#963 = CARTESIAN_POINT('',(-1.7,0.,0.5));
#964 = VECTOR('',#965,1.);
#965 = DIRECTION('',(1.,0.,0.));
#966 = ORIENTED_EDGE('',*,*,#967,.T.);
#967 = EDGE_CURVE('',#960,#664,#968,.T.);
#968 = LINE('',#969,#970);
#969 = CARTESIAN_POINT('',(-1.7,0.,0.5));
#970 = VECTOR('',#971,1.);
#971 = DIRECTION('',(0.,1.,0.));
#972 = ORIENTED_EDGE('',*,*,#663,.T.);
#973 = ORIENTED_EDGE('',*,*,#831,.T.);
#974 = ORIENTED_EDGE('',*,*,#975,.T.);
#975 = EDGE_CURVE('',#824,#927,#976,.T.);
#976 = LINE('',#977,#978);
#977 = CARTESIAN_POINT('',(-1.3,0.8,0.5));
#978 = VECTOR('',#979,1.);
#979 = DIRECTION('',(1.,0.,0.));
#980 = PLANE('',#981);
#981 = AXIS2_PLACEMENT_3D('',#982,#983,#984);
#982 = CARTESIAN_POINT('',(-1.3,0.,0.5));
#983 = DIRECTION('',(0.,0.,-1.));
#984 = DIRECTION('',(1.,0.,0.));
#985 = ADVANCED_FACE('',(#986),#1004,.F.);
#986 = FACE_BOUND('',#987,.F.);
#987 = EDGE_LOOP('',(#988,#996,#997,#998));
#988 = ORIENTED_EDGE('',*,*,#989,.F.);
#989 = EDGE_CURVE('',#952,#990,#992,.T.);
#990 = VERTEX_POINT('',#991);
#991 = CARTESIAN_POINT('',(1.7,0.,-0.5));
#992 = LINE('',#993,#994);
#993 = CARTESIAN_POINT('',(1.7,0.,0.5));
#994 = VECTOR('',#995,1.);
#995 = DIRECTION('',(0.,0.,-1.));
#996 = ORIENTED_EDGE('',*,*,#951,.T.);
#997 = ORIENTED_EDGE('',*,*,#792,.T.);
#998 = ORIENTED_EDGE('',*,*,#999,.F.);
#999 = EDGE_CURVE('',#990,#785,#1000,.T.);
#1000 = LINE('',#1001,#1002);
#1001 = CARTESIAN_POINT('',(1.7,0.,-0.5));
#1002 = VECTOR('',#1003,1.);
#1003 = DIRECTION('',(0.,1.,0.));
#1004 = PLANE('',#1005);
#1005 = AXIS2_PLACEMENT_3D('',#1006,#1007,#1008);
#1006 = CARTESIAN_POINT('',(1.7,0.,0.5));
#1007 = DIRECTION('',(-1.,0.,0.));
#1008 = DIRECTION('',(0.,0.,-1.));
#1009 = ADVANCED_FACE('',(#1010),#1028,.T.);
#1010 = FACE_BOUND('',#1011,.F.);
#1011 = EDGE_LOOP('',(#1012,#1013,#1014,#1022));
#1012 = ORIENTED_EDGE('',*,*,#959,.T.);
#1013 = ORIENTED_EDGE('',*,*,#989,.T.);
#1014 = ORIENTED_EDGE('',*,*,#1015,.T.);
#1015 = EDGE_CURVE('',#990,#1016,#1018,.T.);
#1016 = VERTEX_POINT('',#1017);
#1017 = CARTESIAN_POINT('',(-1.7,0.,-0.5));
#1018 = LINE('',#1019,#1020);
#1019 = CARTESIAN_POINT('',(1.7,0.,-0.5));
#1020 = VECTOR('',#1021,1.);
#1021 = DIRECTION('',(-1.,0.,0.));
#1022 = ORIENTED_EDGE('',*,*,#1023,.T.);
#1023 = EDGE_CURVE('',#1016,#960,#1024,.T.);
#1024 = LINE('',#1025,#1026);
#1025 = CARTESIAN_POINT('',(-1.7,0.,-0.5));
#1026 = VECTOR('',#1027,1.);
#1027 = DIRECTION('',(0.,0.,1.));
#1028 = PLANE('',#1029);
#1029 = AXIS2_PLACEMENT_3D('',#1030,#1031,#1032);
#1030 = CARTESIAN_POINT('',(-2.7,0.,4.8));
#1031 = DIRECTION('',(0.,-1.,0.));
#1032 = DIRECTION('',(0.,0.,-1.));
#1033 = ADVANCED_FACE('',(#1034),#1052,.T.);
#1034 = FACE_BOUND('',#1035,.F.);
#1035 = EDGE_LOOP('',(#1036,#1044,#1050,#1051));
#1036 = ORIENTED_EDGE('',*,*,#1037,.T.);
#1037 = EDGE_CURVE('',#498,#1038,#1040,.T.);
#1038 = VERTEX_POINT('',#1039);
#1039 = CARTESIAN_POINT('',(-1.,0.,4.8));
#1040 = LINE('',#1041,#1042);
#1041 = CARTESIAN_POINT('',(-2.7,0.,4.8));
#1042 = VECTOR('',#1043,1.);
#1043 = DIRECTION('',(1.,0.,0.));
#1044 = ORIENTED_EDGE('',*,*,#1045,.T.);
#1045 = EDGE_CURVE('',#1038,#896,#1046,.T.);
#1046 = LINE('',#1047,#1048);
#1047 = CARTESIAN_POINT('',(-1.,0.,4.8));
#1048 = VECTOR('',#1049,1.);
#1049 = DIRECTION('',(0.,0.,-1.));
#1050 = ORIENTED_EDGE('',*,*,#895,.F.);
#1051 = ORIENTED_EDGE('',*,*,#505,.F.);
#1052 = PLANE('',#1053);
#1053 = AXIS2_PLACEMENT_3D('',#1054,#1055,#1056);
#1054 = CARTESIAN_POINT('',(-2.7,0.,4.8));
#1055 = DIRECTION('',(0.,-1.,0.));
#1056 = DIRECTION('',(0.,0.,-1.));
#1057 = ADVANCED_FACE('',(#1058),#1083,.T.);
#1058 = FACE_BOUND('',#1059,.F.);
#1059 = EDGE_LOOP('',(#1060,#1070,#1076,#1077));
#1060 = ORIENTED_EDGE('',*,*,#1061,.T.);
#1061 = EDGE_CURVE('',#1062,#1064,#1066,.T.);
#1062 = VERTEX_POINT('',#1063);
#1063 = CARTESIAN_POINT('',(1.,0.,4.8));
#1064 = VERTEX_POINT('',#1065);
#1065 = CARTESIAN_POINT('',(2.7,0.,4.8));
#1066 = LINE('',#1067,#1068);
#1067 = CARTESIAN_POINT('',(1.,0.,4.8));
#1068 = VECTOR('',#1069,1.);
#1069 = DIRECTION('',(1.,0.,0.));
#1070 = ORIENTED_EDGE('',*,*,#1071,.T.);
#1071 = EDGE_CURVE('',#1064,#871,#1072,.T.);
#1072 = LINE('',#1073,#1074);
#1073 = CARTESIAN_POINT('',(2.7,0.,4.8));
#1074 = VECTOR('',#1075,1.);
#1075 = DIRECTION('',(0.,0.,-1.));
#1076 = ORIENTED_EDGE('',*,*,#870,.F.);
#1077 = ORIENTED_EDGE('',*,*,#1078,.F.);
#1078 = EDGE_CURVE('',#1062,#863,#1079,.T.);
#1079 = LINE('',#1080,#1081);
#1080 = CARTESIAN_POINT('',(1.,0.,4.8));
#1081 = VECTOR('',#1082,1.);
#1082 = DIRECTION('',(0.,0.,-1.));
#1083 = PLANE('',#1084);
#1084 = AXIS2_PLACEMENT_3D('',#1085,#1086,#1087);
#1085 = CARTESIAN_POINT('',(-2.7,0.,4.8));
#1086 = DIRECTION('',(0.,-1.,0.));
#1087 = DIRECTION('',(0.,0.,-1.));
#1088 = ADVANCED_FACE('',(#1089),#1114,.T.);
#1089 = FACE_BOUND('',#1090,.F.);
#1090 = EDGE_LOOP('',(#1091,#1099,#1100,#1108));
#1091 = ORIENTED_EDGE('',*,*,#1092,.F.);
#1092 = EDGE_CURVE('',#562,#1093,#1095,.T.);
#1093 = VERTEX_POINT('',#1094);
#1094 = CARTESIAN_POINT('',(-1.,0.,-4.8));
#1095 = LINE('',#1096,#1097);
#1096 = CARTESIAN_POINT('',(-2.7,0.,-4.8));
#1097 = VECTOR('',#1098,1.);
#1098 = DIRECTION('',(1.,0.,0.));
#1099 = ORIENTED_EDGE('',*,*,#561,.F.);
#1100 = ORIENTED_EDGE('',*,*,#1101,.T.);
#1101 = EDGE_CURVE('',#554,#1102,#1104,.T.);
#1102 = VERTEX_POINT('',#1103);
#1103 = CARTESIAN_POINT('',(-1.,0.,-3.8));
#1104 = LINE('',#1105,#1106);
#1105 = CARTESIAN_POINT('',(-2.7,0.,-3.8));
#1106 = VECTOR('',#1107,1.);
#1107 = DIRECTION('',(1.,0.,0.));
#1108 = ORIENTED_EDGE('',*,*,#1109,.F.);
#1109 = EDGE_CURVE('',#1093,#1102,#1110,.T.);
#1110 = LINE('',#1111,#1112);
#1111 = CARTESIAN_POINT('',(-1.,0.,-4.8));
#1112 = VECTOR('',#1113,1.);
#1113 = DIRECTION('',(0.,0.,1.));
#1114 = PLANE('',#1115);
#1115 = AXIS2_PLACEMENT_3D('',#1116,#1117,#1118);
#1116 = CARTESIAN_POINT('',(-2.7,0.,4.8));
#1117 = DIRECTION('',(0.,-1.,0.));
#1118 = DIRECTION('',(0.,0.,-1.));
#1119 = ADVANCED_FACE('',(#1120),#1154,.T.);
#1120 = FACE_BOUND('',#1121,.F.);
#1121 = EDGE_LOOP('',(#1122,#1132,#1140,#1148));
#1122 = ORIENTED_EDGE('',*,*,#1123,.F.);
#1123 = EDGE_CURVE('',#1124,#1126,#1128,.T.);
#1124 = VERTEX_POINT('',#1125);
#1125 = CARTESIAN_POINT('',(1.,0.,-4.8));
#1126 = VERTEX_POINT('',#1127);
#1127 = CARTESIAN_POINT('',(2.7,0.,-4.8));
#1128 = LINE('',#1129,#1130);
#1129 = CARTESIAN_POINT('',(1.,0.,-4.8));
#1130 = VECTOR('',#1131,1.);
#1131 = DIRECTION('',(1.,0.,0.));
#1132 = ORIENTED_EDGE('',*,*,#1133,.T.);
#1133 = EDGE_CURVE('',#1124,#1134,#1136,.T.);
#1134 = VERTEX_POINT('',#1135);
#1135 = CARTESIAN_POINT('',(1.,0.,-3.8));
#1136 = LINE('',#1137,#1138);
#1137 = CARTESIAN_POINT('',(1.,0.,-4.8));
#1138 = VECTOR('',#1139,1.);
#1139 = DIRECTION('',(0.,0.,1.));
#1140 = ORIENTED_EDGE('',*,*,#1141,.T.);
#1141 = EDGE_CURVE('',#1134,#1142,#1144,.T.);
#1142 = VERTEX_POINT('',#1143);
#1143 = CARTESIAN_POINT('',(2.7,0.,-3.8));
#1144 = LINE('',#1145,#1146);
#1145 = CARTESIAN_POINT('',(1.,0.,-3.8));
#1146 = VECTOR('',#1147,1.);
#1147 = DIRECTION('',(1.,0.,0.));
#1148 = ORIENTED_EDGE('',*,*,#1149,.T.);
#1149 = EDGE_CURVE('',#1142,#1126,#1150,.T.);
#1150 = LINE('',#1151,#1152);
#1151 = CARTESIAN_POINT('',(2.7,0.,-3.8));
#1152 = VECTOR('',#1153,1.);
#1153 = DIRECTION('',(0.,0.,-1.));
#1154 = PLANE('',#1155);
#1155 = AXIS2_PLACEMENT_3D('',#1156,#1157,#1158);
#1156 = CARTESIAN_POINT('',(-2.7,0.,4.8));
#1157 = DIRECTION('',(0.,-1.,0.));
#1158 = DIRECTION('',(0.,0.,-1.));
#1159 = ADVANCED_FACE('',(#1160),#1194,.F.);
#1160 = FACE_BOUND('',#1161,.F.);
#1161 = EDGE_LOOP('',(#1162,#1170,#1171,#1177,#1178,#1179,#1180,#1188));
#1162 = ORIENTED_EDGE('',*,*,#1163,.F.);
#1163 = EDGE_CURVE('',#680,#1164,#1166,.T.);
#1164 = VERTEX_POINT('',#1165);
#1165 = CARTESIAN_POINT('',(-1.3,0.8,-0.5));
#1166 = LINE('',#1167,#1168);
#1167 = CARTESIAN_POINT('',(-1.3,0.2,-0.5));
#1168 = VECTOR('',#1169,1.);
#1169 = DIRECTION('',(0.,1.,0.));
#1170 = ORIENTED_EDGE('',*,*,#679,.T.);
#1171 = ORIENTED_EDGE('',*,*,#1172,.F.);
#1172 = EDGE_CURVE('',#1016,#672,#1173,.T.);
#1173 = LINE('',#1174,#1175);
#1174 = CARTESIAN_POINT('',(-1.7,0.,-0.5));
#1175 = VECTOR('',#1176,1.);
#1176 = DIRECTION('',(0.,1.,0.));
#1177 = ORIENTED_EDGE('',*,*,#1015,.F.);
#1178 = ORIENTED_EDGE('',*,*,#999,.T.);
#1179 = ORIENTED_EDGE('',*,*,#784,.T.);
#1180 = ORIENTED_EDGE('',*,*,#1181,.T.);
#1181 = EDGE_CURVE('',#777,#1182,#1184,.T.);
#1182 = VERTEX_POINT('',#1183);
#1183 = CARTESIAN_POINT('',(1.3,0.8,-0.5));
#1184 = LINE('',#1185,#1186);
#1185 = CARTESIAN_POINT('',(1.3,0.2,-0.5));
#1186 = VECTOR('',#1187,1.);
#1187 = DIRECTION('',(0.,1.,0.));
#1188 = ORIENTED_EDGE('',*,*,#1189,.T.);
#1189 = EDGE_CURVE('',#1182,#1164,#1190,.T.);
#1190 = LINE('',#1191,#1192);
#1191 = CARTESIAN_POINT('',(1.3,0.8,-0.5));
#1192 = VECTOR('',#1193,1.);
#1193 = DIRECTION('',(-1.,0.,0.));
#1194 = PLANE('',#1195);
#1195 = AXIS2_PLACEMENT_3D('',#1196,#1197,#1198);
#1196 = CARTESIAN_POINT('',(1.3,0.,-0.5));
#1197 = DIRECTION('',(0.,0.,1.));
#1198 = DIRECTION('',(-1.,0.,0.));
#1199 = ADVANCED_FACE('',(#1200),#1218,.F.);
#1200 = FACE_BOUND('',#1201,.F.);
#1201 = EDGE_LOOP('',(#1202,#1203,#1204,#1212));
#1202 = ORIENTED_EDGE('',*,*,#687,.T.);
#1203 = ORIENTED_EDGE('',*,*,#1163,.T.);
#1204 = ORIENTED_EDGE('',*,*,#1205,.T.);
#1205 = EDGE_CURVE('',#1164,#1206,#1208,.T.);
#1206 = VERTEX_POINT('',#1207);
#1207 = CARTESIAN_POINT('',(-1.3,0.8,-3.8));
#1208 = LINE('',#1209,#1210);
#1209 = CARTESIAN_POINT('',(-1.3,0.8,-0.5));
#1210 = VECTOR('',#1211,1.);
#1211 = DIRECTION('',(0.,0.,-1.));
#1212 = ORIENTED_EDGE('',*,*,#1213,.F.);
#1213 = EDGE_CURVE('',#688,#1206,#1214,.T.);
#1214 = LINE('',#1215,#1216);
#1215 = CARTESIAN_POINT('',(-1.3,0.2,-3.8));
#1216 = VECTOR('',#1217,1.);
#1217 = DIRECTION('',(0.,1.,0.));
#1218 = PLANE('',#1219);
#1219 = AXIS2_PLACEMENT_3D('',#1220,#1221,#1222);
#1220 = CARTESIAN_POINT('',(-1.3,0.,-0.5));
#1221 = DIRECTION('',(-1.,0.,0.));
#1222 = DIRECTION('',(0.,0.,-1.));
#1223 = ADVANCED_FACE('',(#1224,#1274),#1308,.T.);
#1224 = FACE_BOUND('',#1225,.F.);
#1225 = EDGE_LOOP('',(#1226,#1236,#1244,#1250,#1251,#1252,#1260,#1268));
#1226 = ORIENTED_EDGE('',*,*,#1227,.F.);
#1227 = EDGE_CURVE('',#1228,#1230,#1232,.T.);
#1228 = VERTEX_POINT('',#1229);
#1229 = CARTESIAN_POINT('',(-1.,0.8,-4.8));
#1230 = VERTEX_POINT('',#1231);
#1231 = CARTESIAN_POINT('',(1.,0.8,-4.8));
#1232 = LINE('',#1233,#1234);
#1233 = CARTESIAN_POINT('',(-1.,0.8,-4.8));
#1234 = VECTOR('',#1235,1.);
#1235 = DIRECTION('',(1.,0.,0.));
#1236 = ORIENTED_EDGE('',*,*,#1237,.F.);
#1237 = EDGE_CURVE('',#1238,#1228,#1240,.T.);
#1238 = VERTEX_POINT('',#1239);
#1239 = CARTESIAN_POINT('',(-1.,0.8,-3.8));
#1240 = LINE('',#1241,#1242);
#1241 = CARTESIAN_POINT('',(-1.,0.8,-3.8));
#1242 = VECTOR('',#1243,1.);
#1243 = DIRECTION('',(0.,0.,-1.));
#1244 = ORIENTED_EDGE('',*,*,#1245,.F.);
#1245 = EDGE_CURVE('',#1206,#1238,#1246,.T.);
#1246 = LINE('',#1247,#1248);
#1247 = CARTESIAN_POINT('',(-1.3,0.8,-3.8));
#1248 = VECTOR('',#1249,1.);
#1249 = DIRECTION('',(1.,0.,0.));
#1250 = ORIENTED_EDGE('',*,*,#1205,.F.);
#1251 = ORIENTED_EDGE('',*,*,#1189,.F.);
#1252 = ORIENTED_EDGE('',*,*,#1253,.F.);
#1253 = EDGE_CURVE('',#1254,#1182,#1256,.T.);
#1254 = VERTEX_POINT('',#1255);
#1255 = CARTESIAN_POINT('',(1.3,0.8,-3.8));
#1256 = LINE('',#1257,#1258);
#1257 = CARTESIAN_POINT('',(1.3,0.8,-3.8));
#1258 = VECTOR('',#1259,1.);
#1259 = DIRECTION('',(0.,0.,1.));
#1260 = ORIENTED_EDGE('',*,*,#1261,.F.);
#1261 = EDGE_CURVE('',#1262,#1254,#1264,.T.);
#1262 = VERTEX_POINT('',#1263);
#1263 = CARTESIAN_POINT('',(1.,0.8,-3.8));
#1264 = LINE('',#1265,#1266);
#1265 = CARTESIAN_POINT('',(1.,0.8,-3.8));
#1266 = VECTOR('',#1267,1.);
#1267 = DIRECTION('',(1.,0.,0.));
#1268 = ORIENTED_EDGE('',*,*,#1269,.F.);
#1269 = EDGE_CURVE('',#1230,#1262,#1270,.T.);
#1270 = LINE('',#1271,#1272);
#1271 = CARTESIAN_POINT('',(1.,0.8,-4.8));
#1272 = VECTOR('',#1273,1.);
#1273 = DIRECTION('',(0.,0.,1.));
#1274 = FACE_BOUND('',#1275,.F.);
#1275 = EDGE_LOOP('',(#1276,#1286,#1294,#1302));
#1276 = ORIENTED_EDGE('',*,*,#1277,.T.);
#1277 = EDGE_CURVE('',#1278,#1280,#1282,.T.);
#1278 = VERTEX_POINT('',#1279);
#1279 = CARTESIAN_POINT('',(0.57,0.8,-3.25));
#1280 = VERTEX_POINT('',#1281);
#1281 = CARTESIAN_POINT('',(0.57,0.8,-2.65));
#1282 = LINE('',#1283,#1284);
#1283 = CARTESIAN_POINT('',(0.57,0.8,-3.25));
#1284 = VECTOR('',#1285,1.);
#1285 = DIRECTION('',(0.,0.,1.));
#1286 = ORIENTED_EDGE('',*,*,#1287,.T.);
#1287 = EDGE_CURVE('',#1280,#1288,#1290,.T.);
#1288 = VERTEX_POINT('',#1289);
#1289 = CARTESIAN_POINT('',(-0.57,0.8,-2.65));
#1290 = LINE('',#1291,#1292);
#1291 = CARTESIAN_POINT('',(0.57,0.8,-2.65));
#1292 = VECTOR('',#1293,1.);
#1293 = DIRECTION('',(-1.,0.,0.));
#1294 = ORIENTED_EDGE('',*,*,#1295,.F.);
#1295 = EDGE_CURVE('',#1296,#1288,#1298,.T.);
#1296 = VERTEX_POINT('',#1297);
#1297 = CARTESIAN_POINT('',(-0.57,0.8,-3.25));
#1298 = LINE('',#1299,#1300);
#1299 = CARTESIAN_POINT('',(-0.57,0.8,-3.25));
#1300 = VECTOR('',#1301,1.);
#1301 = DIRECTION('',(0.,0.,1.));
#1302 = ORIENTED_EDGE('',*,*,#1303,.F.);
#1303 = EDGE_CURVE('',#1278,#1296,#1304,.T.);
#1304 = LINE('',#1305,#1306);
#1305 = CARTESIAN_POINT('',(0.57,0.8,-3.25));
#1306 = VECTOR('',#1307,1.);
#1307 = DIRECTION('',(-1.,0.,0.));
#1308 = PLANE('',#1309);
#1309 = AXIS2_PLACEMENT_3D('',#1310,#1311,#1312);
#1310 = CARTESIAN_POINT('',(-2.7,0.8,4.8));
#1311 = DIRECTION('',(0.,-1.,0.));
#1312 = DIRECTION('',(1.,0.,0.));
#1313 = ADVANCED_FACE('',(#1314,#1343),#1377,.T.);
#1314 = FACE_BOUND('',#1315,.F.);
#1315 = EDGE_LOOP('',(#1316,#1326,#1332,#1333,#1334,#1335,#1336,#1337));
#1316 = ORIENTED_EDGE('',*,*,#1317,.T.);
#1317 = EDGE_CURVE('',#1318,#1320,#1322,.T.);
#1318 = VERTEX_POINT('',#1319);
#1319 = CARTESIAN_POINT('',(-1.,0.8,4.8));
#1320 = VERTEX_POINT('',#1321);
#1321 = CARTESIAN_POINT('',(1.,0.8,4.8));
#1322 = LINE('',#1323,#1324);
#1323 = CARTESIAN_POINT('',(-1.,0.8,4.8));
#1324 = VECTOR('',#1325,1.);
#1325 = DIRECTION('',(1.,0.,0.));
#1326 = ORIENTED_EDGE('',*,*,#1327,.F.);
#1327 = EDGE_CURVE('',#855,#1320,#1328,.T.);
#1328 = LINE('',#1329,#1330);
#1329 = CARTESIAN_POINT('',(1.,0.8,3.8));
#1330 = VECTOR('',#1331,1.);
#1331 = DIRECTION('',(0.,0.,1.));
#1332 = ORIENTED_EDGE('',*,*,#854,.F.);
#1333 = ORIENTED_EDGE('',*,*,#934,.F.);
#1334 = ORIENTED_EDGE('',*,*,#975,.F.);
#1335 = ORIENTED_EDGE('',*,*,#823,.F.);
#1336 = ORIENTED_EDGE('',*,*,#911,.F.);
#1337 = ORIENTED_EDGE('',*,*,#1338,.F.);
#1338 = EDGE_CURVE('',#1318,#904,#1339,.T.);
#1339 = LINE('',#1340,#1341);
#1340 = CARTESIAN_POINT('',(-1.,0.8,4.8));
#1341 = VECTOR('',#1342,1.);
#1342 = DIRECTION('',(0.,0.,-1.));
#1343 = FACE_BOUND('',#1344,.F.);
#1344 = EDGE_LOOP('',(#1345,#1355,#1363,#1371));
#1345 = ORIENTED_EDGE('',*,*,#1346,.T.);
#1346 = EDGE_CURVE('',#1347,#1349,#1351,.T.);
#1347 = VERTEX_POINT('',#1348);
#1348 = CARTESIAN_POINT('',(0.57,0.8,2.25));
#1349 = VERTEX_POINT('',#1350);
#1350 = CARTESIAN_POINT('',(0.57,0.8,2.85));
#1351 = LINE('',#1352,#1353);
#1352 = CARTESIAN_POINT('',(0.57,0.8,2.25));
#1353 = VECTOR('',#1354,1.);
#1354 = DIRECTION('',(0.,0.,1.));
#1355 = ORIENTED_EDGE('',*,*,#1356,.T.);
#1356 = EDGE_CURVE('',#1349,#1357,#1359,.T.);
#1357 = VERTEX_POINT('',#1358);
#1358 = CARTESIAN_POINT('',(-0.57,0.8,2.85));
#1359 = LINE('',#1360,#1361);
#1360 = CARTESIAN_POINT('',(0.57,0.8,2.85));
#1361 = VECTOR('',#1362,1.);
#1362 = DIRECTION('',(-1.,0.,0.));
#1363 = ORIENTED_EDGE('',*,*,#1364,.F.);
#1364 = EDGE_CURVE('',#1365,#1357,#1367,.T.);
#1365 = VERTEX_POINT('',#1366);
#1366 = CARTESIAN_POINT('',(-0.57,0.8,2.25));
#1367 = LINE('',#1368,#1369);
#1368 = CARTESIAN_POINT('',(-0.57,0.8,2.25));
#1369 = VECTOR('',#1370,1.);
#1370 = DIRECTION('',(0.,0.,1.));
#1371 = ORIENTED_EDGE('',*,*,#1372,.F.);
#1372 = EDGE_CURVE('',#1347,#1365,#1373,.T.);
#1373 = LINE('',#1374,#1375);
#1374 = CARTESIAN_POINT('',(0.57,0.8,2.25));
#1375 = VECTOR('',#1376,1.);
#1376 = DIRECTION('',(-1.,0.,0.));
#1377 = PLANE('',#1378);
#1378 = AXIS2_PLACEMENT_3D('',#1379,#1380,#1381);
#1379 = CARTESIAN_POINT('',(-2.7,0.8,4.8));
#1380 = DIRECTION('',(0.,-1.,0.));
#1381 = DIRECTION('',(1.,0.,0.));
#1382 = ADVANCED_FACE('',(#1383),#1447,.T.);
#1383 = FACE_BOUND('',#1384,.F.);
#1384 = EDGE_LOOP('',(#1385,#1386,#1392,#1393,#1399,#1400,#1408,#1416,
    #1424,#1432,#1440,#1446));
#1385 = ORIENTED_EDGE('',*,*,#1092,.T.);
#1386 = ORIENTED_EDGE('',*,*,#1387,.T.);
#1387 = EDGE_CURVE('',#1093,#1228,#1388,.T.);
#1388 = LINE('',#1389,#1390);
#1389 = CARTESIAN_POINT('',(-1.,0.,-4.8));
#1390 = VECTOR('',#1391,1.);
#1391 = DIRECTION('',(0.,1.,0.));
#1392 = ORIENTED_EDGE('',*,*,#1227,.T.);
#1393 = ORIENTED_EDGE('',*,*,#1394,.F.);
#1394 = EDGE_CURVE('',#1124,#1230,#1395,.T.);
#1395 = LINE('',#1396,#1397);
#1396 = CARTESIAN_POINT('',(1.,0.,-4.8));
#1397 = VECTOR('',#1398,1.);
#1398 = DIRECTION('',(0.,1.,0.));
#1399 = ORIENTED_EDGE('',*,*,#1123,.T.);
#1400 = ORIENTED_EDGE('',*,*,#1401,.T.);
#1401 = EDGE_CURVE('',#1126,#1402,#1404,.T.);
#1402 = VERTEX_POINT('',#1403);
#1403 = CARTESIAN_POINT('',(2.7,12.8,-4.8));
#1404 = LINE('',#1405,#1406);
#1405 = CARTESIAN_POINT('',(2.7,0.,-4.8));
#1406 = VECTOR('',#1407,1.);
#1407 = DIRECTION('',(0.,1.,0.));
#1408 = ORIENTED_EDGE('',*,*,#1409,.F.);
#1409 = EDGE_CURVE('',#1410,#1402,#1412,.T.);
#1410 = VERTEX_POINT('',#1411);
#1411 = CARTESIAN_POINT('',(1.7,12.8,-4.8));
#1412 = LINE('',#1413,#1414);
#1413 = CARTESIAN_POINT('',(1.7,12.8,-4.8));
#1414 = VECTOR('',#1415,1.);
#1415 = DIRECTION('',(1.,0.,0.));
#1416 = ORIENTED_EDGE('',*,*,#1417,.T.);
#1417 = EDGE_CURVE('',#1410,#1418,#1420,.T.);
#1418 = VERTEX_POINT('',#1419);
#1419 = CARTESIAN_POINT('',(1.7,9.75,-4.8));
#1420 = LINE('',#1421,#1422);
#1421 = CARTESIAN_POINT('',(1.7,12.8,-4.8));
#1422 = VECTOR('',#1423,1.);
#1423 = DIRECTION('',(0.,-1.,0.));
#1424 = ORIENTED_EDGE('',*,*,#1425,.F.);
#1425 = EDGE_CURVE('',#1426,#1418,#1428,.T.);
#1426 = VERTEX_POINT('',#1427);
#1427 = CARTESIAN_POINT('',(-1.7,9.75,-4.8));
#1428 = LINE('',#1429,#1430);
#1429 = CARTESIAN_POINT('',(-1.7,9.75,-4.8));
#1430 = VECTOR('',#1431,1.);
#1431 = DIRECTION('',(1.,0.,0.));
#1432 = ORIENTED_EDGE('',*,*,#1433,.F.);
#1433 = EDGE_CURVE('',#1434,#1426,#1436,.T.);
#1434 = VERTEX_POINT('',#1435);
#1435 = CARTESIAN_POINT('',(-1.7,12.8,-4.8));
#1436 = LINE('',#1437,#1438);
#1437 = CARTESIAN_POINT('',(-1.7,12.8,-4.8));
#1438 = VECTOR('',#1439,1.);
#1439 = DIRECTION('',(0.,-1.,0.));
#1440 = ORIENTED_EDGE('',*,*,#1441,.F.);
#1441 = EDGE_CURVE('',#570,#1434,#1442,.T.);
#1442 = LINE('',#1443,#1444);
#1443 = CARTESIAN_POINT('',(-2.7,12.8,-4.8));
#1444 = VECTOR('',#1445,1.);
#1445 = DIRECTION('',(1.,0.,0.));
#1446 = ORIENTED_EDGE('',*,*,#569,.F.);
#1447 = PLANE('',#1448);
#1448 = AXIS2_PLACEMENT_3D('',#1449,#1450,#1451);
#1449 = CARTESIAN_POINT('',(-2.7,0.,-4.8));
#1450 = DIRECTION('',(0.,0.,-1.));
#1451 = DIRECTION('',(0.,1.,0.));
#1452 = ADVANCED_FACE('',(#1453),#1464,.F.);
#1453 = FACE_BOUND('',#1454,.F.);
#1454 = EDGE_LOOP('',(#1455,#1456,#1462,#1463));
#1455 = ORIENTED_EDGE('',*,*,#1109,.T.);
#1456 = ORIENTED_EDGE('',*,*,#1457,.F.);
#1457 = EDGE_CURVE('',#1238,#1102,#1458,.T.);
#1458 = LINE('',#1459,#1460);
#1459 = CARTESIAN_POINT('',(-1.,0.8,-3.8));
#1460 = VECTOR('',#1461,1.);
#1461 = DIRECTION('',(0.,-1.,0.));
#1462 = ORIENTED_EDGE('',*,*,#1237,.T.);
#1463 = ORIENTED_EDGE('',*,*,#1387,.F.);
#1464 = PLANE('',#1465);
#1465 = AXIS2_PLACEMENT_3D('',#1466,#1467,#1468);
#1466 = CARTESIAN_POINT('',(-1.,0.,-3.8));
#1467 = DIRECTION('',(-1.,0.,0.));
#1468 = DIRECTION('',(0.,0.,-1.));
#1469 = ADVANCED_FACE('',(#1470),#1493,.F.);
#1470 = FACE_BOUND('',#1471,.F.);
#1471 = EDGE_LOOP('',(#1472,#1478,#1479,#1485,#1486,#1492));
#1472 = ORIENTED_EDGE('',*,*,#1473,.T.);
#1473 = EDGE_CURVE('',#1134,#1262,#1474,.T.);
#1474 = LINE('',#1475,#1476);
#1475 = CARTESIAN_POINT('',(1.,0.,-3.8));
#1476 = VECTOR('',#1477,1.);
#1477 = DIRECTION('',(0.,1.,0.));
#1478 = ORIENTED_EDGE('',*,*,#1261,.T.);
#1479 = ORIENTED_EDGE('',*,*,#1480,.F.);
#1480 = EDGE_CURVE('',#769,#1254,#1481,.T.);
#1481 = LINE('',#1482,#1483);
#1482 = CARTESIAN_POINT('',(1.3,0.2,-3.8));
#1483 = VECTOR('',#1484,1.);
#1484 = DIRECTION('',(0.,1.,0.));
#1485 = ORIENTED_EDGE('',*,*,#768,.T.);
#1486 = ORIENTED_EDGE('',*,*,#1487,.F.);
#1487 = EDGE_CURVE('',#1142,#761,#1488,.T.);
#1488 = LINE('',#1489,#1490);
#1489 = CARTESIAN_POINT('',(2.7,0.,-3.8));
#1490 = VECTOR('',#1491,1.);
#1491 = DIRECTION('',(0.,1.,0.));
#1492 = ORIENTED_EDGE('',*,*,#1141,.F.);
#1493 = PLANE('',#1494);
#1494 = AXIS2_PLACEMENT_3D('',#1495,#1496,#1497);
#1495 = CARTESIAN_POINT('',(-1.3,0.,-3.8));
#1496 = DIRECTION('',(0.,0.,-1.));
#1497 = DIRECTION('',(1.,0.,0.));
#1498 = ADVANCED_FACE('',(#1499),#1507,.F.);
#1499 = FACE_BOUND('',#1500,.F.);
#1500 = EDGE_LOOP('',(#1501,#1502,#1503,#1504,#1505,#1506));
#1501 = ORIENTED_EDGE('',*,*,#1457,.T.);
#1502 = ORIENTED_EDGE('',*,*,#1101,.F.);
#1503 = ORIENTED_EDGE('',*,*,#553,.T.);
#1504 = ORIENTED_EDGE('',*,*,#695,.T.);
#1505 = ORIENTED_EDGE('',*,*,#1213,.T.);
#1506 = ORIENTED_EDGE('',*,*,#1245,.T.);
#1507 = PLANE('',#1508);
#1508 = AXIS2_PLACEMENT_3D('',#1509,#1510,#1511);
#1509 = CARTESIAN_POINT('',(-1.3,0.,-3.8));
#1510 = DIRECTION('',(0.,0.,-1.));
#1511 = DIRECTION('',(1.,0.,0.));
#1512 = ADVANCED_FACE('',(#1513),#1519,.F.);
#1513 = FACE_BOUND('',#1514,.F.);
#1514 = EDGE_LOOP('',(#1515,#1516,#1517,#1518));
#1515 = ORIENTED_EDGE('',*,*,#1133,.F.);
#1516 = ORIENTED_EDGE('',*,*,#1394,.T.);
#1517 = ORIENTED_EDGE('',*,*,#1269,.T.);
#1518 = ORIENTED_EDGE('',*,*,#1473,.F.);
#1519 = PLANE('',#1520);
#1520 = AXIS2_PLACEMENT_3D('',#1521,#1522,#1523);
#1521 = CARTESIAN_POINT('',(1.,0.,-4.8));
#1522 = DIRECTION('',(1.,0.,0.));
#1523 = DIRECTION('',(0.,0.,1.));
#1524 = ADVANCED_FACE('',(#1525),#1531,.F.);
#1525 = FACE_BOUND('',#1526,.F.);
#1526 = EDGE_LOOP('',(#1527,#1528,#1529,#1530));
#1527 = ORIENTED_EDGE('',*,*,#776,.F.);
#1528 = ORIENTED_EDGE('',*,*,#1480,.T.);
#1529 = ORIENTED_EDGE('',*,*,#1253,.T.);
#1530 = ORIENTED_EDGE('',*,*,#1181,.F.);
#1531 = PLANE('',#1532);
#1532 = AXIS2_PLACEMENT_3D('',#1533,#1534,#1535);
#1533 = CARTESIAN_POINT('',(1.3,0.,-3.8));
#1534 = DIRECTION('',(1.,0.,0.));
#1535 = DIRECTION('',(0.,0.,1.));
#1536 = ADVANCED_FACE('',(#1537),#1557,.T.);
#1537 = FACE_BOUND('',#1538,.F.);
#1538 = EDGE_LOOP('',(#1539,#1547,#1553,#1554,#1555,#1556));
#1539 = ORIENTED_EDGE('',*,*,#1540,.F.);
#1540 = EDGE_CURVE('',#1541,#752,#1543,.T.);
#1541 = VERTEX_POINT('',#1542);
#1542 = CARTESIAN_POINT('',(2.7,12.8,2.2));
#1543 = LINE('',#1544,#1545);
#1544 = CARTESIAN_POINT('',(2.7,12.8,2.2));
#1545 = VECTOR('',#1546,1.);
#1546 = DIRECTION('',(0.,-1.,0.));
#1547 = ORIENTED_EDGE('',*,*,#1548,.F.);
#1548 = EDGE_CURVE('',#1402,#1541,#1549,.T.);
#1549 = LINE('',#1550,#1551);
#1550 = CARTESIAN_POINT('',(2.7,12.8,-4.8));
#1551 = VECTOR('',#1552,1.);
#1552 = DIRECTION('',(0.,0.,1.));
#1553 = ORIENTED_EDGE('',*,*,#1401,.F.);
#1554 = ORIENTED_EDGE('',*,*,#1149,.F.);
#1555 = ORIENTED_EDGE('',*,*,#1487,.T.);
#1556 = ORIENTED_EDGE('',*,*,#760,.T.);
#1557 = PLANE('',#1558);
#1558 = AXIS2_PLACEMENT_3D('',#1559,#1560,#1561);
#1559 = CARTESIAN_POINT('',(2.7,0.,0.));
#1560 = DIRECTION('',(1.,0.,0.));
#1561 = DIRECTION('',(0.,0.,-1.));
#1562 = ADVANCED_FACE('',(#1563),#1590,.T.);
#1563 = FACE_BOUND('',#1564,.F.);
#1564 = EDGE_LOOP('',(#1565,#1573,#1574,#1575,#1576,#1584));
#1565 = ORIENTED_EDGE('',*,*,#1566,.T.);
#1566 = EDGE_CURVE('',#1567,#744,#1569,.T.);
#1567 = VERTEX_POINT('',#1568);
#1568 = CARTESIAN_POINT('',(2.7,12.8,3.));
#1569 = LINE('',#1570,#1571);
#1570 = CARTESIAN_POINT('',(2.7,12.8,3.));
#1571 = VECTOR('',#1572,1.);
#1572 = DIRECTION('',(0.,-1.,0.));
#1573 = ORIENTED_EDGE('',*,*,#743,.T.);
#1574 = ORIENTED_EDGE('',*,*,#878,.F.);
#1575 = ORIENTED_EDGE('',*,*,#1071,.F.);
#1576 = ORIENTED_EDGE('',*,*,#1577,.F.);
#1577 = EDGE_CURVE('',#1578,#1064,#1580,.T.);
#1578 = VERTEX_POINT('',#1579);
#1579 = CARTESIAN_POINT('',(2.7,12.8,4.8));
#1580 = LINE('',#1581,#1582);
#1581 = CARTESIAN_POINT('',(2.7,12.8,4.8));
#1582 = VECTOR('',#1583,1.);
#1583 = DIRECTION('',(0.,-1.,0.));
#1584 = ORIENTED_EDGE('',*,*,#1585,.F.);
#1585 = EDGE_CURVE('',#1567,#1578,#1586,.T.);
#1586 = LINE('',#1587,#1588);
#1587 = CARTESIAN_POINT('',(2.7,12.8,3.));
#1588 = VECTOR('',#1589,1.);
#1589 = DIRECTION('',(0.,0.,1.));
#1590 = PLANE('',#1591);
#1591 = AXIS2_PLACEMENT_3D('',#1592,#1593,#1594);
#1592 = CARTESIAN_POINT('',(2.7,0.,0.));
#1593 = DIRECTION('',(1.,0.,0.));
#1594 = DIRECTION('',(0.,0.,-1.));
#1595 = ADVANCED_FACE('',(#1596),#1608,.T.);
#1596 = FACE_BOUND('',#1597,.T.);
#1597 = EDGE_LOOP('',(#1598,#1605,#1606,#1607));
#1598 = ORIENTED_EDGE('',*,*,#1599,.T.);
#1599 = EDGE_CURVE('',#1541,#1567,#1600,.T.);
#1600 = CIRCLE('',#1601,0.4);
#1601 = AXIS2_PLACEMENT_3D('',#1602,#1603,#1604);
#1602 = CARTESIAN_POINT('',(2.7,12.8,2.6));
#1603 = DIRECTION('',(0.,-1.,0.));
#1604 = DIRECTION('',(0.,0.,-1.));
#1605 = ORIENTED_EDGE('',*,*,#1566,.T.);
#1606 = ORIENTED_EDGE('',*,*,#751,.F.);
#1607 = ORIENTED_EDGE('',*,*,#1540,.F.);
#1608 = CYLINDRICAL_SURFACE('',#1609,0.4);
#1609 = AXIS2_PLACEMENT_3D('',#1610,#1611,#1612);
#1610 = CARTESIAN_POINT('',(2.7,12.8,2.6));
#1611 = DIRECTION('',(0.,-1.,0.));
#1612 = DIRECTION('',(1.,0.,0.));
#1613 = ADVANCED_FACE('',(#1614,#1643,#1677),#1727,.T.);
#1614 = FACE_BOUND('',#1615,.F.);
#1615 = EDGE_LOOP('',(#1616,#1622,#1623,#1624,#1625,#1626,#1632,#1633,
    #1634,#1635,#1641,#1642));
#1616 = ORIENTED_EDGE('',*,*,#1617,.T.);
#1617 = EDGE_CURVE('',#1434,#1410,#1618,.T.);
#1618 = LINE('',#1619,#1620);
#1619 = CARTESIAN_POINT('',(-1.7,12.8,-4.8));
#1620 = VECTOR('',#1621,1.);
#1621 = DIRECTION('',(1.,0.,0.));
#1622 = ORIENTED_EDGE('',*,*,#1409,.T.);
#1623 = ORIENTED_EDGE('',*,*,#1548,.T.);
#1624 = ORIENTED_EDGE('',*,*,#1599,.T.);
#1625 = ORIENTED_EDGE('',*,*,#1585,.T.);
#1626 = ORIENTED_EDGE('',*,*,#1627,.F.);
#1627 = EDGE_CURVE('',#490,#1578,#1628,.T.);
#1628 = LINE('',#1629,#1630);
#1629 = CARTESIAN_POINT('',(-2.7,12.8,4.8));
#1630 = VECTOR('',#1631,1.);
#1631 = DIRECTION('',(1.,0.,0.));
#1632 = ORIENTED_EDGE('',*,*,#489,.F.);
#1633 = ORIENTED_EDGE('',*,*,#601,.T.);
#1634 = ORIENTED_EDGE('',*,*,#639,.T.);
#1635 = ORIENTED_EDGE('',*,*,#1636,.T.);
#1636 = EDGE_CURVE('',#632,#538,#1637,.T.);
#1637 = LINE('',#1638,#1639);
#1638 = CARTESIAN_POINT('',(-3.1,12.8,-2.99));
#1639 = VECTOR('',#1640,1.);
#1640 = DIRECTION('',(0.707106781187,0.,-0.707106781187));
#1641 = ORIENTED_EDGE('',*,*,#577,.F.);
#1642 = ORIENTED_EDGE('',*,*,#1441,.T.);
#1643 = FACE_BOUND('',#1644,.F.);
#1644 = EDGE_LOOP('',(#1645,#1655,#1663,#1671));
#1645 = ORIENTED_EDGE('',*,*,#1646,.T.);
#1646 = EDGE_CURVE('',#1647,#1649,#1651,.T.);
#1647 = VERTEX_POINT('',#1648);
#1648 = CARTESIAN_POINT('',(1.8,12.8,3.9));
#1649 = VERTEX_POINT('',#1650);
#1650 = CARTESIAN_POINT('',(1.8,12.8,0.3));
#1651 = LINE('',#1652,#1653);
#1652 = CARTESIAN_POINT('',(1.8,12.8,3.9));
#1653 = VECTOR('',#1654,1.);
#1654 = DIRECTION('',(0.,0.,-1.));
#1655 = ORIENTED_EDGE('',*,*,#1656,.T.);
#1656 = EDGE_CURVE('',#1649,#1657,#1659,.T.);
#1657 = VERTEX_POINT('',#1658);
#1658 = CARTESIAN_POINT('',(-1.8,12.8,0.3));
#1659 = LINE('',#1660,#1661);
#1660 = CARTESIAN_POINT('',(1.8,12.8,0.3));
#1661 = VECTOR('',#1662,1.);
#1662 = DIRECTION('',(-1.,0.,0.));
#1663 = ORIENTED_EDGE('',*,*,#1664,.T.);
#1664 = EDGE_CURVE('',#1657,#1665,#1667,.T.);
#1665 = VERTEX_POINT('',#1666);
#1666 = CARTESIAN_POINT('',(-1.8,12.8,3.9));
#1667 = LINE('',#1668,#1669);
#1668 = CARTESIAN_POINT('',(-1.8,12.8,0.3));
#1669 = VECTOR('',#1670,1.);
#1670 = DIRECTION('',(0.,0.,1.));
#1671 = ORIENTED_EDGE('',*,*,#1672,.T.);
#1672 = EDGE_CURVE('',#1665,#1647,#1673,.T.);
#1673 = LINE('',#1674,#1675);
#1674 = CARTESIAN_POINT('',(-1.8,12.8,3.9));
#1675 = VECTOR('',#1676,1.);
#1676 = DIRECTION('',(1.,0.,0.));
#1677 = FACE_BOUND('',#1678,.F.);
#1678 = EDGE_LOOP('',(#1679,#1689,#1697,#1705,#1713,#1721));
#1679 = ORIENTED_EDGE('',*,*,#1680,.T.);
#1680 = EDGE_CURVE('',#1681,#1683,#1685,.T.);
#1681 = VERTEX_POINT('',#1682);
#1682 = CARTESIAN_POINT('',(1.8,12.8,-1.2));
#1683 = VERTEX_POINT('',#1684);
#1684 = CARTESIAN_POINT('',(1.8,12.8,-3.9));
#1685 = LINE('',#1686,#1687);
#1686 = CARTESIAN_POINT('',(1.8,12.8,-1.2));
#1687 = VECTOR('',#1688,1.);
#1688 = DIRECTION('',(0.,0.,-1.));
#1689 = ORIENTED_EDGE('',*,*,#1690,.T.);
#1690 = EDGE_CURVE('',#1683,#1691,#1693,.T.);
#1691 = VERTEX_POINT('',#1692);
#1692 = CARTESIAN_POINT('',(-1.8,12.8,-3.9));
#1693 = LINE('',#1694,#1695);
#1694 = CARTESIAN_POINT('',(1.8,12.8,-3.9));
#1695 = VECTOR('',#1696,1.);
#1696 = DIRECTION('',(-1.,0.,0.));
#1697 = ORIENTED_EDGE('',*,*,#1698,.T.);
#1698 = EDGE_CURVE('',#1691,#1699,#1701,.T.);
#1699 = VERTEX_POINT('',#1700);
#1700 = CARTESIAN_POINT('',(-1.8,12.8,-1.2));
#1701 = LINE('',#1702,#1703);
#1702 = CARTESIAN_POINT('',(-1.8,12.8,-3.9));
#1703 = VECTOR('',#1704,1.);
#1704 = DIRECTION('',(0.,0.,1.));
#1705 = ORIENTED_EDGE('',*,*,#1706,.T.);
#1706 = EDGE_CURVE('',#1699,#1707,#1709,.T.);
#1707 = VERTEX_POINT('',#1708);
#1708 = CARTESIAN_POINT('',(-0.9,12.8,-0.3));
#1709 = LINE('',#1710,#1711);
#1710 = CARTESIAN_POINT('',(-1.8,12.8,-1.2));
#1711 = VECTOR('',#1712,1.);
#1712 = DIRECTION('',(0.707106781187,0.,0.707106781187));
#1713 = ORIENTED_EDGE('',*,*,#1714,.T.);
#1714 = EDGE_CURVE('',#1707,#1715,#1717,.T.);
#1715 = VERTEX_POINT('',#1716);
#1716 = CARTESIAN_POINT('',(0.9,12.8,-0.3));
#1717 = LINE('',#1718,#1719);
#1718 = CARTESIAN_POINT('',(-0.9,12.8,-0.3));
#1719 = VECTOR('',#1720,1.);
#1720 = DIRECTION('',(1.,0.,0.));
#1721 = ORIENTED_EDGE('',*,*,#1722,.T.);
#1722 = EDGE_CURVE('',#1715,#1681,#1723,.T.);
#1723 = LINE('',#1724,#1725);
#1724 = CARTESIAN_POINT('',(0.9,12.8,-0.3));
#1725 = VECTOR('',#1726,1.);
#1726 = DIRECTION('',(0.707106781187,0.,-0.707106781187));
#1727 = PLANE('',#1728);
#1728 = AXIS2_PLACEMENT_3D('',#1729,#1730,#1731);
#1729 = CARTESIAN_POINT('',(-2.7,12.8,-4.8));
#1730 = DIRECTION('',(0.,1.,0.));
#1731 = DIRECTION('',(0.,-0.,1.));
#1732 = ADVANCED_FACE('',(#1733),#1758,.T.);
#1733 = FACE_BOUND('',#1734,.F.);
#1734 = EDGE_LOOP('',(#1735,#1736,#1744,#1752));
#1735 = ORIENTED_EDGE('',*,*,#1617,.F.);
#1736 = ORIENTED_EDGE('',*,*,#1737,.F.);
#1737 = EDGE_CURVE('',#1738,#1434,#1740,.T.);
#1738 = VERTEX_POINT('',#1739);
#1739 = CARTESIAN_POINT('',(-1.7,10.45,-6.2));
#1740 = LINE('',#1741,#1742);
#1741 = CARTESIAN_POINT('',(-1.7,10.45,-6.2));
#1742 = VECTOR('',#1743,1.);
#1743 = DIRECTION('',(0.,0.859101543909,0.511805175095));
#1744 = ORIENTED_EDGE('',*,*,#1745,.T.);
#1745 = EDGE_CURVE('',#1738,#1746,#1748,.T.);
#1746 = VERTEX_POINT('',#1747);
#1747 = CARTESIAN_POINT('',(1.7,10.45,-6.2));
#1748 = LINE('',#1749,#1750);
#1749 = CARTESIAN_POINT('',(-1.7,10.45,-6.2));
#1750 = VECTOR('',#1751,1.);
#1751 = DIRECTION('',(1.,0.,0.));
#1752 = ORIENTED_EDGE('',*,*,#1753,.T.);
#1753 = EDGE_CURVE('',#1746,#1410,#1754,.T.);
#1754 = LINE('',#1755,#1756);
#1755 = CARTESIAN_POINT('',(1.7,10.45,-6.2));
#1756 = VECTOR('',#1757,1.);
#1757 = DIRECTION('',(0.,0.859101543909,0.511805175095));
#1758 = PLANE('',#1759);
#1759 = AXIS2_PLACEMENT_3D('',#1760,#1761,#1762);
#1760 = CARTESIAN_POINT('',(-1.7,10.45,-6.2));
#1761 = DIRECTION('',(0.,0.511805175095,-0.859101543909));
#1762 = DIRECTION('',(0.,0.859101543909,0.511805175095));
#1763 = ADVANCED_FACE('',(#1764),#1782,.F.);
#1764 = FACE_BOUND('',#1765,.F.);
#1765 = EDGE_LOOP('',(#1766,#1767,#1775,#1781));
#1766 = ORIENTED_EDGE('',*,*,#1433,.T.);
#1767 = ORIENTED_EDGE('',*,*,#1768,.T.);
#1768 = EDGE_CURVE('',#1426,#1769,#1771,.T.);
#1769 = VERTEX_POINT('',#1770);
#1770 = CARTESIAN_POINT('',(-1.7,9.75,-6.2));
#1771 = LINE('',#1772,#1773);
#1772 = CARTESIAN_POINT('',(-1.7,9.75,-4.8));
#1773 = VECTOR('',#1774,1.);
#1774 = DIRECTION('',(0.,0.,-1.));
#1775 = ORIENTED_EDGE('',*,*,#1776,.T.);
#1776 = EDGE_CURVE('',#1769,#1738,#1777,.T.);
#1777 = LINE('',#1778,#1779);
#1778 = CARTESIAN_POINT('',(-1.7,9.75,-6.2));
#1779 = VECTOR('',#1780,1.);
#1780 = DIRECTION('',(0.,1.,0.));
#1781 = ORIENTED_EDGE('',*,*,#1737,.T.);
#1782 = PLANE('',#1783);
#1783 = AXIS2_PLACEMENT_3D('',#1784,#1785,#1786);
#1784 = CARTESIAN_POINT('',(-1.7,0.,0.));
#1785 = DIRECTION('',(1.,0.,0.));
#1786 = DIRECTION('',(-0.,1.,0.));
#1787 = ADVANCED_FACE('',(#1788),#1806,.T.);
#1788 = FACE_BOUND('',#1789,.F.);
#1789 = EDGE_LOOP('',(#1790,#1791,#1799,#1805));
#1790 = ORIENTED_EDGE('',*,*,#1425,.T.);
#1791 = ORIENTED_EDGE('',*,*,#1792,.T.);
#1792 = EDGE_CURVE('',#1418,#1793,#1795,.T.);
#1793 = VERTEX_POINT('',#1794);
#1794 = CARTESIAN_POINT('',(1.7,9.75,-6.2));
#1795 = LINE('',#1796,#1797);
#1796 = CARTESIAN_POINT('',(1.7,9.75,-4.8));
#1797 = VECTOR('',#1798,1.);
#1798 = DIRECTION('',(0.,0.,-1.));
#1799 = ORIENTED_EDGE('',*,*,#1800,.F.);
#1800 = EDGE_CURVE('',#1769,#1793,#1801,.T.);
#1801 = LINE('',#1802,#1803);
#1802 = CARTESIAN_POINT('',(-1.7,9.75,-6.2));
#1803 = VECTOR('',#1804,1.);
#1804 = DIRECTION('',(1.,0.,0.));
#1805 = ORIENTED_EDGE('',*,*,#1768,.F.);
#1806 = PLANE('',#1807);
#1807 = AXIS2_PLACEMENT_3D('',#1808,#1809,#1810);
#1808 = CARTESIAN_POINT('',(-1.7,9.75,-4.8));
#1809 = DIRECTION('',(0.,-1.,0.));
#1810 = DIRECTION('',(0.,0.,-1.));
#1811 = ADVANCED_FACE('',(#1812),#1823,.T.);
#1812 = FACE_BOUND('',#1813,.F.);
#1813 = EDGE_LOOP('',(#1814,#1815,#1816,#1822));
#1814 = ORIENTED_EDGE('',*,*,#1417,.F.);
#1815 = ORIENTED_EDGE('',*,*,#1753,.F.);
#1816 = ORIENTED_EDGE('',*,*,#1817,.F.);
#1817 = EDGE_CURVE('',#1793,#1746,#1818,.T.);
#1818 = LINE('',#1819,#1820);
#1819 = CARTESIAN_POINT('',(1.7,9.75,-6.2));
#1820 = VECTOR('',#1821,1.);
#1821 = DIRECTION('',(0.,1.,0.));
#1822 = ORIENTED_EDGE('',*,*,#1792,.F.);
#1823 = PLANE('',#1824);
#1824 = AXIS2_PLACEMENT_3D('',#1825,#1826,#1827);
#1825 = CARTESIAN_POINT('',(1.7,0.,0.));
#1826 = DIRECTION('',(1.,0.,0.));
#1827 = DIRECTION('',(-0.,1.,0.));
#1828 = ADVANCED_FACE('',(#1829),#1835,.T.);
#1829 = FACE_BOUND('',#1830,.F.);
#1830 = EDGE_LOOP('',(#1831,#1832,#1833,#1834));
#1831 = ORIENTED_EDGE('',*,*,#1776,.F.);
#1832 = ORIENTED_EDGE('',*,*,#1800,.T.);
#1833 = ORIENTED_EDGE('',*,*,#1817,.T.);
#1834 = ORIENTED_EDGE('',*,*,#1745,.F.);
#1835 = PLANE('',#1836);
#1836 = AXIS2_PLACEMENT_3D('',#1837,#1838,#1839);
#1837 = CARTESIAN_POINT('',(-1.7,9.75,-6.2));
#1838 = DIRECTION('',(0.,0.,-1.));
#1839 = DIRECTION('',(0.,1.,0.));
#1840 = ADVANCED_FACE('',(#1841),#1861,.T.);
#1841 = FACE_BOUND('',#1842,.F.);
#1842 = EDGE_LOOP('',(#1843,#1844,#1845,#1846,#1847,#1848,#1854,#1855));
#1843 = ORIENTED_EDGE('',*,*,#1037,.F.);
#1844 = ORIENTED_EDGE('',*,*,#497,.F.);
#1845 = ORIENTED_EDGE('',*,*,#1627,.T.);
#1846 = ORIENTED_EDGE('',*,*,#1577,.T.);
#1847 = ORIENTED_EDGE('',*,*,#1061,.F.);
#1848 = ORIENTED_EDGE('',*,*,#1849,.T.);
#1849 = EDGE_CURVE('',#1062,#1320,#1850,.T.);
#1850 = LINE('',#1851,#1852);
#1851 = CARTESIAN_POINT('',(1.,0.,4.8));
#1852 = VECTOR('',#1853,1.);
#1853 = DIRECTION('',(0.,1.,0.));
#1854 = ORIENTED_EDGE('',*,*,#1317,.F.);
#1855 = ORIENTED_EDGE('',*,*,#1856,.F.);
#1856 = EDGE_CURVE('',#1038,#1318,#1857,.T.);
#1857 = LINE('',#1858,#1859);
#1858 = CARTESIAN_POINT('',(-1.,0.,4.8));
#1859 = VECTOR('',#1860,1.);
#1860 = DIRECTION('',(0.,1.,0.));
#1861 = PLANE('',#1862);
#1862 = AXIS2_PLACEMENT_3D('',#1863,#1864,#1865);
#1863 = CARTESIAN_POINT('',(-2.7,12.8,4.8));
#1864 = DIRECTION('',(0.,0.,1.));
#1865 = DIRECTION('',(0.,-1.,0.));
#1866 = ADVANCED_FACE('',(#1867),#1873,.F.);
#1867 = FACE_BOUND('',#1868,.F.);
#1868 = EDGE_LOOP('',(#1869,#1870,#1871,#1872));
#1869 = ORIENTED_EDGE('',*,*,#1078,.T.);
#1870 = ORIENTED_EDGE('',*,*,#862,.F.);
#1871 = ORIENTED_EDGE('',*,*,#1327,.T.);
#1872 = ORIENTED_EDGE('',*,*,#1849,.F.);
#1873 = PLANE('',#1874);
#1874 = AXIS2_PLACEMENT_3D('',#1875,#1876,#1877);
#1875 = CARTESIAN_POINT('',(1.,0.,3.8));
#1876 = DIRECTION('',(1.,0.,0.));
#1877 = DIRECTION('',(0.,0.,1.));
#1878 = ADVANCED_FACE('',(#1879),#1885,.F.);
#1879 = FACE_BOUND('',#1880,.F.);
#1880 = EDGE_LOOP('',(#1881,#1882,#1883,#1884));
#1881 = ORIENTED_EDGE('',*,*,#1045,.F.);
#1882 = ORIENTED_EDGE('',*,*,#1856,.T.);
#1883 = ORIENTED_EDGE('',*,*,#1338,.T.);
#1884 = ORIENTED_EDGE('',*,*,#903,.F.);
#1885 = PLANE('',#1886);
#1886 = AXIS2_PLACEMENT_3D('',#1887,#1888,#1889);
#1887 = CARTESIAN_POINT('',(-1.,0.,4.8));
#1888 = DIRECTION('',(-1.,0.,0.));
#1889 = DIRECTION('',(0.,0.,-1.));
#1890 = ADVANCED_FACE('',(#1891),#1897,.T.);
#1891 = FACE_BOUND('',#1892,.F.);
#1892 = EDGE_LOOP('',(#1893,#1894,#1895,#1896));
#1893 = ORIENTED_EDGE('',*,*,#631,.T.);
#1894 = ORIENTED_EDGE('',*,*,#702,.T.);
#1895 = ORIENTED_EDGE('',*,*,#535,.T.);
#1896 = ORIENTED_EDGE('',*,*,#1636,.F.);
#1897 = PLANE('',#1898);
#1898 = AXIS2_PLACEMENT_3D('',#1899,#1900,#1901);
#1899 = CARTESIAN_POINT('',(-3.1,12.8,-2.99));
#1900 = DIRECTION('',(-0.707106781187,0.,-0.707106781187));
#1901 = DIRECTION('',(0.707106781187,0.,-0.707106781187));
#1902 = ADVANCED_FACE('',(#1903),#1928,.F.);
#1903 = FACE_BOUND('',#1904,.F.);
#1904 = EDGE_LOOP('',(#1905,#1906,#1914,#1922));
#1905 = ORIENTED_EDGE('',*,*,#1646,.F.);
#1906 = ORIENTED_EDGE('',*,*,#1907,.T.);
#1907 = EDGE_CURVE('',#1647,#1908,#1910,.T.);
#1908 = VERTEX_POINT('',#1909);
#1909 = CARTESIAN_POINT('',(1.8,3.7,3.9));
#1910 = LINE('',#1911,#1912);
#1911 = CARTESIAN_POINT('',(1.8,12.8,3.9));
#1912 = VECTOR('',#1913,1.);
#1913 = DIRECTION('',(0.,-1.,0.));
#1914 = ORIENTED_EDGE('',*,*,#1915,.T.);
#1915 = EDGE_CURVE('',#1908,#1916,#1918,.T.);
#1916 = VERTEX_POINT('',#1917);
#1917 = CARTESIAN_POINT('',(1.8,3.7,0.3));
#1918 = LINE('',#1919,#1920);
#1919 = CARTESIAN_POINT('',(1.8,3.7,3.9));
#1920 = VECTOR('',#1921,1.);
#1921 = DIRECTION('',(0.,0.,-1.));
#1922 = ORIENTED_EDGE('',*,*,#1923,.F.);
#1923 = EDGE_CURVE('',#1649,#1916,#1924,.T.);
#1924 = LINE('',#1925,#1926);
#1925 = CARTESIAN_POINT('',(1.8,12.8,0.3));
#1926 = VECTOR('',#1927,1.);
#1927 = DIRECTION('',(0.,-1.,0.));
#1928 = PLANE('',#1929);
#1929 = AXIS2_PLACEMENT_3D('',#1930,#1931,#1932);
#1930 = CARTESIAN_POINT('',(1.8,12.8,3.9));
#1931 = DIRECTION('',(1.,0.,0.));
#1932 = DIRECTION('',(0.,0.,-1.));
#1933 = ADVANCED_FACE('',(#1934),#1952,.F.);
#1934 = FACE_BOUND('',#1935,.F.);
#1935 = EDGE_LOOP('',(#1936,#1937,#1945,#1951));
#1936 = ORIENTED_EDGE('',*,*,#1672,.F.);
#1937 = ORIENTED_EDGE('',*,*,#1938,.T.);
#1938 = EDGE_CURVE('',#1665,#1939,#1941,.T.);
#1939 = VERTEX_POINT('',#1940);
#1940 = CARTESIAN_POINT('',(-1.8,3.7,3.9));
#1941 = LINE('',#1942,#1943);
#1942 = CARTESIAN_POINT('',(-1.8,12.8,3.9));
#1943 = VECTOR('',#1944,1.);
#1944 = DIRECTION('',(0.,-1.,0.));
#1945 = ORIENTED_EDGE('',*,*,#1946,.T.);
#1946 = EDGE_CURVE('',#1939,#1908,#1947,.T.);
#1947 = LINE('',#1948,#1949);
#1948 = CARTESIAN_POINT('',(-1.8,3.7,3.9));
#1949 = VECTOR('',#1950,1.);
#1950 = DIRECTION('',(1.,0.,0.));
#1951 = ORIENTED_EDGE('',*,*,#1907,.F.);
#1952 = PLANE('',#1953);
#1953 = AXIS2_PLACEMENT_3D('',#1954,#1955,#1956);
#1954 = CARTESIAN_POINT('',(-1.8,12.8,3.9));
#1955 = DIRECTION('',(0.,0.,1.));
#1956 = DIRECTION('',(1.,0.,-0.));
#1957 = ADVANCED_FACE('',(#1958),#1976,.F.);
#1958 = FACE_BOUND('',#1959,.F.);
#1959 = EDGE_LOOP('',(#1960,#1961,#1969,#1975));
#1960 = ORIENTED_EDGE('',*,*,#1664,.F.);
#1961 = ORIENTED_EDGE('',*,*,#1962,.T.);
#1962 = EDGE_CURVE('',#1657,#1963,#1965,.T.);
#1963 = VERTEX_POINT('',#1964);
#1964 = CARTESIAN_POINT('',(-1.8,3.7,0.3));
#1965 = LINE('',#1966,#1967);
#1966 = CARTESIAN_POINT('',(-1.8,12.8,0.3));
#1967 = VECTOR('',#1968,1.);
#1968 = DIRECTION('',(0.,-1.,0.));
#1969 = ORIENTED_EDGE('',*,*,#1970,.T.);
#1970 = EDGE_CURVE('',#1963,#1939,#1971,.T.);
#1971 = LINE('',#1972,#1973);
#1972 = CARTESIAN_POINT('',(-1.8,3.7,0.3));
#1973 = VECTOR('',#1974,1.);
#1974 = DIRECTION('',(0.,0.,1.));
#1975 = ORIENTED_EDGE('',*,*,#1938,.F.);
#1976 = PLANE('',#1977);
#1977 = AXIS2_PLACEMENT_3D('',#1978,#1979,#1980);
#1978 = CARTESIAN_POINT('',(-1.8,12.8,0.3));
#1979 = DIRECTION('',(-1.,0.,0.));
#1980 = DIRECTION('',(0.,0.,1.));
#1981 = ADVANCED_FACE('',(#1982),#1993,.F.);
#1982 = FACE_BOUND('',#1983,.F.);
#1983 = EDGE_LOOP('',(#1984,#1985,#1986,#1992));
#1984 = ORIENTED_EDGE('',*,*,#1656,.F.);
#1985 = ORIENTED_EDGE('',*,*,#1923,.T.);
#1986 = ORIENTED_EDGE('',*,*,#1987,.T.);
#1987 = EDGE_CURVE('',#1916,#1963,#1988,.T.);
#1988 = LINE('',#1989,#1990);
#1989 = CARTESIAN_POINT('',(1.8,3.7,0.3));
#1990 = VECTOR('',#1991,1.);
#1991 = DIRECTION('',(-1.,0.,0.));
#1992 = ORIENTED_EDGE('',*,*,#1962,.F.);
#1993 = PLANE('',#1994);
#1994 = AXIS2_PLACEMENT_3D('',#1995,#1996,#1997);
#1995 = CARTESIAN_POINT('',(1.8,12.8,0.3));
#1996 = DIRECTION('',(0.,0.,-1.));
#1997 = DIRECTION('',(-1.,0.,0.));
#1998 = ADVANCED_FACE('',(#1999,#2005),#2039,.T.);
#1999 = FACE_BOUND('',#2000,.F.);
#2000 = EDGE_LOOP('',(#2001,#2002,#2003,#2004));
#2001 = ORIENTED_EDGE('',*,*,#1915,.F.);
#2002 = ORIENTED_EDGE('',*,*,#1946,.F.);
#2003 = ORIENTED_EDGE('',*,*,#1970,.F.);
#2004 = ORIENTED_EDGE('',*,*,#1987,.F.);
#2005 = FACE_BOUND('',#2006,.F.);
#2006 = EDGE_LOOP('',(#2007,#2017,#2025,#2033));
#2007 = ORIENTED_EDGE('',*,*,#2008,.F.);
#2008 = EDGE_CURVE('',#2009,#2011,#2013,.T.);
#2009 = VERTEX_POINT('',#2010);
#2010 = CARTESIAN_POINT('',(0.57,3.7,1.31));
#2011 = VERTEX_POINT('',#2012);
#2012 = CARTESIAN_POINT('',(0.57,3.7,2.85));
#2013 = LINE('',#2014,#2015);
#2014 = CARTESIAN_POINT('',(0.57,3.7,1.31));
#2015 = VECTOR('',#2016,1.);
#2016 = DIRECTION('',(0.,0.,1.));
#2017 = ORIENTED_EDGE('',*,*,#2018,.T.);
#2018 = EDGE_CURVE('',#2009,#2019,#2021,.T.);
#2019 = VERTEX_POINT('',#2020);
#2020 = CARTESIAN_POINT('',(-0.57,3.7,1.31));
#2021 = LINE('',#2022,#2023);
#2022 = CARTESIAN_POINT('',(0.57,3.7,1.31));
#2023 = VECTOR('',#2024,1.);
#2024 = DIRECTION('',(-1.,0.,0.));
#2025 = ORIENTED_EDGE('',*,*,#2026,.T.);
#2026 = EDGE_CURVE('',#2019,#2027,#2029,.T.);
#2027 = VERTEX_POINT('',#2028);
#2028 = CARTESIAN_POINT('',(-0.57,3.7,2.85));
#2029 = LINE('',#2030,#2031);
#2030 = CARTESIAN_POINT('',(-0.57,3.7,1.31));
#2031 = VECTOR('',#2032,1.);
#2032 = DIRECTION('',(0.,0.,1.));
#2033 = ORIENTED_EDGE('',*,*,#2034,.F.);
#2034 = EDGE_CURVE('',#2011,#2027,#2035,.T.);
#2035 = LINE('',#2036,#2037);
#2036 = CARTESIAN_POINT('',(0.57,3.7,2.85));
#2037 = VECTOR('',#2038,1.);
#2038 = DIRECTION('',(-1.,0.,0.));
#2039 = PLANE('',#2040);
#2040 = AXIS2_PLACEMENT_3D('',#2041,#2042,#2043);
#2041 = CARTESIAN_POINT('',(-2.7,3.7,-4.8));
#2042 = DIRECTION('',(0.,1.,0.));
#2043 = DIRECTION('',(-1.,0.,0.));
#2044 = ADVANCED_FACE('',(#2045,#2095),#2129,.T.);
#2045 = FACE_BOUND('',#2046,.F.);
#2046 = EDGE_LOOP('',(#2047,#2057,#2065,#2073,#2081,#2089));
#2047 = ORIENTED_EDGE('',*,*,#2048,.F.);
#2048 = EDGE_CURVE('',#2049,#2051,#2053,.T.);
#2049 = VERTEX_POINT('',#2050);
#2050 = CARTESIAN_POINT('',(1.8,3.7,-1.2));
#2051 = VERTEX_POINT('',#2052);
#2052 = CARTESIAN_POINT('',(1.8,3.7,-3.9));
#2053 = LINE('',#2054,#2055);
#2054 = CARTESIAN_POINT('',(1.8,3.7,-1.2));
#2055 = VECTOR('',#2056,1.);
#2056 = DIRECTION('',(0.,0.,-1.));
#2057 = ORIENTED_EDGE('',*,*,#2058,.F.);
#2058 = EDGE_CURVE('',#2059,#2049,#2061,.T.);
#2059 = VERTEX_POINT('',#2060);
#2060 = CARTESIAN_POINT('',(0.9,3.7,-0.3));
#2061 = LINE('',#2062,#2063);
#2062 = CARTESIAN_POINT('',(0.9,3.7,-0.3));
#2063 = VECTOR('',#2064,1.);
#2064 = DIRECTION('',(0.707106781187,0.,-0.707106781187));
#2065 = ORIENTED_EDGE('',*,*,#2066,.F.);
#2066 = EDGE_CURVE('',#2067,#2059,#2069,.T.);
#2067 = VERTEX_POINT('',#2068);
#2068 = CARTESIAN_POINT('',(-0.9,3.7,-0.3));
#2069 = LINE('',#2070,#2071);
#2070 = CARTESIAN_POINT('',(-0.9,3.7,-0.3));
#2071 = VECTOR('',#2072,1.);
#2072 = DIRECTION('',(1.,0.,0.));
#2073 = ORIENTED_EDGE('',*,*,#2074,.F.);
#2074 = EDGE_CURVE('',#2075,#2067,#2077,.T.);
#2075 = VERTEX_POINT('',#2076);
#2076 = CARTESIAN_POINT('',(-1.8,3.7,-1.2));
#2077 = LINE('',#2078,#2079);
#2078 = CARTESIAN_POINT('',(-1.8,3.7,-1.2));
#2079 = VECTOR('',#2080,1.);
#2080 = DIRECTION('',(0.707106781187,0.,0.707106781187));
#2081 = ORIENTED_EDGE('',*,*,#2082,.F.);
#2082 = EDGE_CURVE('',#2083,#2075,#2085,.T.);
#2083 = VERTEX_POINT('',#2084);
#2084 = CARTESIAN_POINT('',(-1.8,3.7,-3.9));
#2085 = LINE('',#2086,#2087);
#2086 = CARTESIAN_POINT('',(-1.8,3.7,-3.9));
#2087 = VECTOR('',#2088,1.);
#2088 = DIRECTION('',(0.,0.,1.));
#2089 = ORIENTED_EDGE('',*,*,#2090,.F.);
#2090 = EDGE_CURVE('',#2051,#2083,#2091,.T.);
#2091 = LINE('',#2092,#2093);
#2092 = CARTESIAN_POINT('',(1.8,3.7,-3.9));
#2093 = VECTOR('',#2094,1.);
#2094 = DIRECTION('',(-1.,0.,0.));
#2095 = FACE_BOUND('',#2096,.F.);
#2096 = EDGE_LOOP('',(#2097,#2107,#2115,#2123));
#2097 = ORIENTED_EDGE('',*,*,#2098,.F.);
#2098 = EDGE_CURVE('',#2099,#2101,#2103,.T.);
#2099 = VERTEX_POINT('',#2100);
#2100 = CARTESIAN_POINT('',(0.57,3.7,-3.25));
#2101 = VERTEX_POINT('',#2102);
#2102 = CARTESIAN_POINT('',(0.57,3.7,-1.71));
#2103 = LINE('',#2104,#2105);
#2104 = CARTESIAN_POINT('',(0.57,3.7,-3.25));
#2105 = VECTOR('',#2106,1.);
#2106 = DIRECTION('',(0.,0.,1.));
#2107 = ORIENTED_EDGE('',*,*,#2108,.T.);
#2108 = EDGE_CURVE('',#2099,#2109,#2111,.T.);
#2109 = VERTEX_POINT('',#2110);
#2110 = CARTESIAN_POINT('',(-0.57,3.7,-3.25));
#2111 = LINE('',#2112,#2113);
#2112 = CARTESIAN_POINT('',(0.57,3.7,-3.25));
#2113 = VECTOR('',#2114,1.);
#2114 = DIRECTION('',(-1.,0.,0.));
#2115 = ORIENTED_EDGE('',*,*,#2116,.T.);
#2116 = EDGE_CURVE('',#2109,#2117,#2119,.T.);
#2117 = VERTEX_POINT('',#2118);
#2118 = CARTESIAN_POINT('',(-0.57,3.7,-1.71));
#2119 = LINE('',#2120,#2121);
#2120 = CARTESIAN_POINT('',(-0.57,3.7,-3.25));
#2121 = VECTOR('',#2122,1.);
#2122 = DIRECTION('',(0.,0.,1.));
#2123 = ORIENTED_EDGE('',*,*,#2124,.F.);
#2124 = EDGE_CURVE('',#2101,#2117,#2125,.T.);
#2125 = LINE('',#2126,#2127);
#2126 = CARTESIAN_POINT('',(0.57,3.7,-1.71));
#2127 = VECTOR('',#2128,1.);
#2128 = DIRECTION('',(-1.,0.,0.));
#2129 = PLANE('',#2130);
#2130 = AXIS2_PLACEMENT_3D('',#2131,#2132,#2133);
#2131 = CARTESIAN_POINT('',(-2.7,3.7,-4.8));
#2132 = DIRECTION('',(0.,1.,0.));
#2133 = DIRECTION('',(-1.,0.,0.));
#2134 = ADVANCED_FACE('',(#2135),#2151,.F.);
#2135 = FACE_BOUND('',#2136,.F.);
#2136 = EDGE_LOOP('',(#2137,#2138,#2144,#2145));
#2137 = ORIENTED_EDGE('',*,*,#1680,.F.);
#2138 = ORIENTED_EDGE('',*,*,#2139,.T.);
#2139 = EDGE_CURVE('',#1681,#2049,#2140,.T.);
#2140 = LINE('',#2141,#2142);
#2141 = CARTESIAN_POINT('',(1.8,12.8,-1.2));
#2142 = VECTOR('',#2143,1.);
#2143 = DIRECTION('',(0.,-1.,0.));
#2144 = ORIENTED_EDGE('',*,*,#2048,.T.);
#2145 = ORIENTED_EDGE('',*,*,#2146,.F.);
#2146 = EDGE_CURVE('',#1683,#2051,#2147,.T.);
#2147 = LINE('',#2148,#2149);
#2148 = CARTESIAN_POINT('',(1.8,12.8,-3.9));
#2149 = VECTOR('',#2150,1.);
#2150 = DIRECTION('',(0.,-1.,0.));
#2151 = PLANE('',#2152);
#2152 = AXIS2_PLACEMENT_3D('',#2153,#2154,#2155);
#2153 = CARTESIAN_POINT('',(1.8,12.8,-1.2));
#2154 = DIRECTION('',(1.,0.,0.));
#2155 = DIRECTION('',(0.,0.,-1.));
#2156 = ADVANCED_FACE('',(#2157),#2168,.F.);
#2157 = FACE_BOUND('',#2158,.F.);
#2158 = EDGE_LOOP('',(#2159,#2160,#2166,#2167));
#2159 = ORIENTED_EDGE('',*,*,#1722,.F.);
#2160 = ORIENTED_EDGE('',*,*,#2161,.T.);
#2161 = EDGE_CURVE('',#1715,#2059,#2162,.T.);
#2162 = LINE('',#2163,#2164);
#2163 = CARTESIAN_POINT('',(0.9,12.8,-0.3));
#2164 = VECTOR('',#2165,1.);
#2165 = DIRECTION('',(0.,-1.,0.));
#2166 = ORIENTED_EDGE('',*,*,#2058,.T.);
#2167 = ORIENTED_EDGE('',*,*,#2139,.F.);
#2168 = PLANE('',#2169);
#2169 = AXIS2_PLACEMENT_3D('',#2170,#2171,#2172);
#2170 = CARTESIAN_POINT('',(0.9,12.8,-0.3));
#2171 = DIRECTION('',(0.707106781187,0.,0.707106781187));
#2172 = DIRECTION('',(0.707106781187,0.,-0.707106781187));
#2173 = ADVANCED_FACE('',(#2174),#2185,.F.);
#2174 = FACE_BOUND('',#2175,.F.);
#2175 = EDGE_LOOP('',(#2176,#2177,#2183,#2184));
#2176 = ORIENTED_EDGE('',*,*,#1714,.F.);
#2177 = ORIENTED_EDGE('',*,*,#2178,.T.);
#2178 = EDGE_CURVE('',#1707,#2067,#2179,.T.);
#2179 = LINE('',#2180,#2181);
#2180 = CARTESIAN_POINT('',(-0.9,12.8,-0.3));
#2181 = VECTOR('',#2182,1.);
#2182 = DIRECTION('',(0.,-1.,0.));
#2183 = ORIENTED_EDGE('',*,*,#2066,.T.);
#2184 = ORIENTED_EDGE('',*,*,#2161,.F.);
#2185 = PLANE('',#2186);
#2186 = AXIS2_PLACEMENT_3D('',#2187,#2188,#2189);
#2187 = CARTESIAN_POINT('',(-0.9,12.8,-0.3));
#2188 = DIRECTION('',(0.,0.,1.));
#2189 = DIRECTION('',(1.,0.,-0.));
#2190 = ADVANCED_FACE('',(#2191),#2202,.F.);
#2191 = FACE_BOUND('',#2192,.F.);
#2192 = EDGE_LOOP('',(#2193,#2194,#2200,#2201));
#2193 = ORIENTED_EDGE('',*,*,#1706,.F.);
#2194 = ORIENTED_EDGE('',*,*,#2195,.T.);
#2195 = EDGE_CURVE('',#1699,#2075,#2196,.T.);
#2196 = LINE('',#2197,#2198);
#2197 = CARTESIAN_POINT('',(-1.8,12.8,-1.2));
#2198 = VECTOR('',#2199,1.);
#2199 = DIRECTION('',(0.,-1.,0.));
#2200 = ORIENTED_EDGE('',*,*,#2074,.T.);
#2201 = ORIENTED_EDGE('',*,*,#2178,.F.);
#2202 = PLANE('',#2203);
#2203 = AXIS2_PLACEMENT_3D('',#2204,#2205,#2206);
#2204 = CARTESIAN_POINT('',(-1.8,12.8,-1.2));
#2205 = DIRECTION('',(-0.707106781187,0.,0.707106781187));
#2206 = DIRECTION('',(0.707106781187,0.,0.707106781187));
#2207 = ADVANCED_FACE('',(#2208),#2219,.F.);
#2208 = FACE_BOUND('',#2209,.F.);
#2209 = EDGE_LOOP('',(#2210,#2211,#2217,#2218));
#2210 = ORIENTED_EDGE('',*,*,#1698,.F.);
#2211 = ORIENTED_EDGE('',*,*,#2212,.T.);
#2212 = EDGE_CURVE('',#1691,#2083,#2213,.T.);
#2213 = LINE('',#2214,#2215);
#2214 = CARTESIAN_POINT('',(-1.8,12.8,-3.9));
#2215 = VECTOR('',#2216,1.);
#2216 = DIRECTION('',(0.,-1.,0.));
#2217 = ORIENTED_EDGE('',*,*,#2082,.T.);
#2218 = ORIENTED_EDGE('',*,*,#2195,.F.);
#2219 = PLANE('',#2220);
#2220 = AXIS2_PLACEMENT_3D('',#2221,#2222,#2223);
#2221 = CARTESIAN_POINT('',(-1.8,12.8,-3.9));
#2222 = DIRECTION('',(-1.,0.,0.));
#2223 = DIRECTION('',(0.,0.,1.));
#2224 = ADVANCED_FACE('',(#2225),#2231,.F.);
#2225 = FACE_BOUND('',#2226,.F.);
#2226 = EDGE_LOOP('',(#2227,#2228,#2229,#2230));
#2227 = ORIENTED_EDGE('',*,*,#1690,.F.);
#2228 = ORIENTED_EDGE('',*,*,#2146,.T.);
#2229 = ORIENTED_EDGE('',*,*,#2090,.T.);
#2230 = ORIENTED_EDGE('',*,*,#2212,.F.);
#2231 = PLANE('',#2232);
#2232 = AXIS2_PLACEMENT_3D('',#2233,#2234,#2235);
#2233 = CARTESIAN_POINT('',(1.8,12.8,-3.9));
#2234 = DIRECTION('',(0.,0.,-1.));
#2235 = DIRECTION('',(-1.,0.,0.));
#2236 = ADVANCED_FACE('',(#2237),#2270,.F.);
#2237 = FACE_BOUND('',#2238,.F.);
#2238 = EDGE_LOOP('',(#2239,#2240,#2248,#2256,#2264));
#2239 = ORIENTED_EDGE('',*,*,#2098,.T.);
#2240 = ORIENTED_EDGE('',*,*,#2241,.T.);
#2241 = EDGE_CURVE('',#2101,#2242,#2244,.T.);
#2242 = VERTEX_POINT('',#2243);
#2243 = CARTESIAN_POINT('',(0.57,9.2,-1.71));
#2244 = LINE('',#2245,#2246);
#2245 = CARTESIAN_POINT('',(0.57,3.7,-1.71));
#2246 = VECTOR('',#2247,1.);
#2247 = DIRECTION('',(0.,1.,0.));
#2248 = ORIENTED_EDGE('',*,*,#2249,.T.);
#2249 = EDGE_CURVE('',#2242,#2250,#2252,.T.);
#2250 = VERTEX_POINT('',#2251);
#2251 = CARTESIAN_POINT('',(0.57,9.2,-2.85));
#2252 = LINE('',#2253,#2254);
#2253 = CARTESIAN_POINT('',(0.57,9.2,-1.71));
#2254 = VECTOR('',#2255,1.);
#2255 = DIRECTION('',(0.,0.,-1.));
#2256 = ORIENTED_EDGE('',*,*,#2257,.T.);
#2257 = EDGE_CURVE('',#2250,#2258,#2260,.T.);
#2258 = VERTEX_POINT('',#2259);
#2259 = CARTESIAN_POINT('',(0.57,4.3,-2.85));
#2260 = LINE('',#2261,#2262);
#2261 = CARTESIAN_POINT('',(0.57,9.2,-2.85));
#2262 = VECTOR('',#2263,1.);
#2263 = DIRECTION('',(0.,-1.,0.));
#2264 = ORIENTED_EDGE('',*,*,#2265,.T.);
#2265 = EDGE_CURVE('',#2258,#2099,#2266,.T.);
#2266 = LINE('',#2267,#2268);
#2267 = CARTESIAN_POINT('',(0.57,4.3,-2.85));
#2268 = VECTOR('',#2269,1.);
#2269 = DIRECTION('',(0.,-0.832050294338,-0.554700196225));
#2270 = PLANE('',#2271);
#2271 = AXIS2_PLACEMENT_3D('',#2272,#2273,#2274);
#2272 = CARTESIAN_POINT('',(0.57,0.,0.));
#2273 = DIRECTION('',(-1.,0.,0.));
#2274 = DIRECTION('',(0.,-1.,0.));
#2275 = ADVANCED_FACE('',(#2276),#2309,.F.);
#2276 = FACE_BOUND('',#2277,.F.);
#2277 = EDGE_LOOP('',(#2278,#2279,#2287,#2295,#2303));
#2278 = ORIENTED_EDGE('',*,*,#2008,.T.);
#2279 = ORIENTED_EDGE('',*,*,#2280,.T.);
#2280 = EDGE_CURVE('',#2011,#2281,#2283,.T.);
#2281 = VERTEX_POINT('',#2282);
#2282 = CARTESIAN_POINT('',(0.57,4.3,2.45));
#2283 = LINE('',#2284,#2285);
#2284 = CARTESIAN_POINT('',(0.57,3.7,2.85));
#2285 = VECTOR('',#2286,1.);
#2286 = DIRECTION('',(0.,0.832050294338,-0.554700196225));
#2287 = ORIENTED_EDGE('',*,*,#2288,.T.);
#2288 = EDGE_CURVE('',#2281,#2289,#2291,.T.);
#2289 = VERTEX_POINT('',#2290);
#2290 = CARTESIAN_POINT('',(0.57,9.2,2.45));
#2291 = LINE('',#2292,#2293);
#2292 = CARTESIAN_POINT('',(0.57,4.3,2.45));
#2293 = VECTOR('',#2294,1.);
#2294 = DIRECTION('',(0.,1.,0.));
#2295 = ORIENTED_EDGE('',*,*,#2296,.T.);
#2296 = EDGE_CURVE('',#2289,#2297,#2299,.T.);
#2297 = VERTEX_POINT('',#2298);
#2298 = CARTESIAN_POINT('',(0.57,9.2,1.31));
#2299 = LINE('',#2300,#2301);
#2300 = CARTESIAN_POINT('',(0.57,9.2,2.45));
#2301 = VECTOR('',#2302,1.);
#2302 = DIRECTION('',(0.,0.,-1.));
#2303 = ORIENTED_EDGE('',*,*,#2304,.T.);
#2304 = EDGE_CURVE('',#2297,#2009,#2305,.T.);
#2305 = LINE('',#2306,#2307);
#2306 = CARTESIAN_POINT('',(0.57,9.2,1.31));
#2307 = VECTOR('',#2308,1.);
#2308 = DIRECTION('',(0.,-1.,0.));
#2309 = PLANE('',#2310);
#2310 = AXIS2_PLACEMENT_3D('',#2311,#2312,#2313);
#2311 = CARTESIAN_POINT('',(0.57,0.,0.));
#2312 = DIRECTION('',(-1.,0.,0.));
#2313 = DIRECTION('',(0.,-1.,0.));
#2314 = ADVANCED_FACE('',(#2315),#2348,.F.);
#2315 = FACE_BOUND('',#2316,.F.);
#2316 = EDGE_LOOP('',(#2317,#2325,#2333,#2341,#2347));
#2317 = ORIENTED_EDGE('',*,*,#2318,.T.);
#2318 = EDGE_CURVE('',#1347,#2319,#2321,.T.);
#2319 = VERTEX_POINT('',#2320);
#2320 = CARTESIAN_POINT('',(0.57,-2.23,2.25));
#2321 = LINE('',#2322,#2323);
#2322 = CARTESIAN_POINT('',(0.57,0.8,2.25));
#2323 = VECTOR('',#2324,1.);
#2324 = DIRECTION('',(0.,-1.,0.));
#2325 = ORIENTED_EDGE('',*,*,#2326,.T.);
#2326 = EDGE_CURVE('',#2319,#2327,#2329,.T.);
#2327 = VERTEX_POINT('',#2328);
#2328 = CARTESIAN_POINT('',(0.57,-3.5,2.7));
#2329 = LINE('',#2330,#2331);
#2330 = CARTESIAN_POINT('',(0.57,-2.23,2.25));
#2331 = VECTOR('',#2332,1.);
#2332 = DIRECTION('',(0.,-0.942578556478,0.333984527886));
#2333 = ORIENTED_EDGE('',*,*,#2334,.T.);
#2334 = EDGE_CURVE('',#2327,#2335,#2337,.T.);
#2335 = VERTEX_POINT('',#2336);
#2336 = CARTESIAN_POINT('',(0.57,-3.5,2.85));
#2337 = LINE('',#2338,#2339);
#2338 = CARTESIAN_POINT('',(0.57,-3.5,2.7));
#2339 = VECTOR('',#2340,1.);
#2340 = DIRECTION('',(0.,0.,1.));
#2341 = ORIENTED_EDGE('',*,*,#2342,.T.);
#2342 = EDGE_CURVE('',#2335,#1349,#2343,.T.);
#2343 = LINE('',#2344,#2345);
#2344 = CARTESIAN_POINT('',(0.57,-3.5,2.85));
#2345 = VECTOR('',#2346,1.);
#2346 = DIRECTION('',(0.,1.,0.));
#2347 = ORIENTED_EDGE('',*,*,#1346,.F.);
#2348 = PLANE('',#2349);
#2349 = AXIS2_PLACEMENT_3D('',#2350,#2351,#2352);
#2350 = CARTESIAN_POINT('',(0.57,0.,0.));
#2351 = DIRECTION('',(-1.,0.,0.));
#2352 = DIRECTION('',(0.,-1.,0.));
#2353 = ADVANCED_FACE('',(#2354),#2387,.F.);
#2354 = FACE_BOUND('',#2355,.F.);
#2355 = EDGE_LOOP('',(#2356,#2357,#2365,#2373,#2381));
#2356 = ORIENTED_EDGE('',*,*,#1277,.F.);
#2357 = ORIENTED_EDGE('',*,*,#2358,.T.);
#2358 = EDGE_CURVE('',#1278,#2359,#2361,.T.);
#2359 = VERTEX_POINT('',#2360);
#2360 = CARTESIAN_POINT('',(0.57,-3.5,-3.25));
#2361 = LINE('',#2362,#2363);
#2362 = CARTESIAN_POINT('',(0.57,0.8,-3.25));
#2363 = VECTOR('',#2364,1.);
#2364 = DIRECTION('',(0.,-1.,0.));
#2365 = ORIENTED_EDGE('',*,*,#2366,.T.);
#2366 = EDGE_CURVE('',#2359,#2367,#2369,.T.);
#2367 = VERTEX_POINT('',#2368);
#2368 = CARTESIAN_POINT('',(0.57,-3.5,-3.1));
#2369 = LINE('',#2370,#2371);
#2370 = CARTESIAN_POINT('',(0.57,-3.5,-3.25));
#2371 = VECTOR('',#2372,1.);
#2372 = DIRECTION('',(0.,0.,1.));
#2373 = ORIENTED_EDGE('',*,*,#2374,.T.);
#2374 = EDGE_CURVE('',#2367,#2375,#2377,.T.);
#2375 = VERTEX_POINT('',#2376);
#2376 = CARTESIAN_POINT('',(0.57,-2.23,-2.65));
#2377 = LINE('',#2378,#2379);
#2378 = CARTESIAN_POINT('',(0.57,-3.5,-3.1));
#2379 = VECTOR('',#2380,1.);
#2380 = DIRECTION('',(0.,0.942578556478,0.333984527886));
#2381 = ORIENTED_EDGE('',*,*,#2382,.T.);
#2382 = EDGE_CURVE('',#2375,#1280,#2383,.T.);
#2383 = LINE('',#2384,#2385);
#2384 = CARTESIAN_POINT('',(0.57,-2.23,-2.65));
#2385 = VECTOR('',#2386,1.);
#2386 = DIRECTION('',(0.,1.,0.));
#2387 = PLANE('',#2388);
#2388 = AXIS2_PLACEMENT_3D('',#2389,#2390,#2391);
#2389 = CARTESIAN_POINT('',(0.57,0.,0.));
#2390 = DIRECTION('',(-1.,0.,0.));
#2391 = DIRECTION('',(0.,-1.,0.));
#2392 = ADVANCED_FACE('',(#2393),#2411,.T.);
#2393 = FACE_BOUND('',#2394,.F.);
#2394 = EDGE_LOOP('',(#2395,#2396,#2404,#2410));
#2395 = ORIENTED_EDGE('',*,*,#2124,.T.);
#2396 = ORIENTED_EDGE('',*,*,#2397,.T.);
#2397 = EDGE_CURVE('',#2117,#2398,#2400,.T.);
#2398 = VERTEX_POINT('',#2399);
#2399 = CARTESIAN_POINT('',(-0.57,9.2,-1.71));
#2400 = LINE('',#2401,#2402);
#2401 = CARTESIAN_POINT('',(-0.57,3.7,-1.71));
#2402 = VECTOR('',#2403,1.);
#2403 = DIRECTION('',(0.,1.,0.));
#2404 = ORIENTED_EDGE('',*,*,#2405,.F.);
#2405 = EDGE_CURVE('',#2242,#2398,#2406,.T.);
#2406 = LINE('',#2407,#2408);
#2407 = CARTESIAN_POINT('',(0.57,9.2,-1.71));
#2408 = VECTOR('',#2409,1.);
#2409 = DIRECTION('',(-1.,0.,0.));
#2410 = ORIENTED_EDGE('',*,*,#2241,.F.);
#2411 = PLANE('',#2412);
#2412 = AXIS2_PLACEMENT_3D('',#2413,#2414,#2415);
#2413 = CARTESIAN_POINT('',(0.57,3.7,-1.71));
#2414 = DIRECTION('',(0.,0.,1.));
#2415 = DIRECTION('',(0.,1.,0.));
#2416 = ADVANCED_FACE('',(#2417),#2443,.T.);
#2417 = FACE_BOUND('',#2418,.F.);
#2418 = EDGE_LOOP('',(#2419,#2420,#2428,#2436,#2442));
#2419 = ORIENTED_EDGE('',*,*,#2116,.F.);
#2420 = ORIENTED_EDGE('',*,*,#2421,.F.);
#2421 = EDGE_CURVE('',#2422,#2109,#2424,.T.);
#2422 = VERTEX_POINT('',#2423);
#2423 = CARTESIAN_POINT('',(-0.57,4.3,-2.85));
#2424 = LINE('',#2425,#2426);
#2425 = CARTESIAN_POINT('',(-0.57,4.3,-2.85));
#2426 = VECTOR('',#2427,1.);
#2427 = DIRECTION('',(0.,-0.832050294338,-0.554700196225));
#2428 = ORIENTED_EDGE('',*,*,#2429,.F.);
#2429 = EDGE_CURVE('',#2430,#2422,#2432,.T.);
#2430 = VERTEX_POINT('',#2431);
#2431 = CARTESIAN_POINT('',(-0.57,9.2,-2.85));
#2432 = LINE('',#2433,#2434);
#2433 = CARTESIAN_POINT('',(-0.57,9.2,-2.85));
#2434 = VECTOR('',#2435,1.);
#2435 = DIRECTION('',(0.,-1.,0.));
#2436 = ORIENTED_EDGE('',*,*,#2437,.F.);
#2437 = EDGE_CURVE('',#2398,#2430,#2438,.T.);
#2438 = LINE('',#2439,#2440);
#2439 = CARTESIAN_POINT('',(-0.57,9.2,-1.71));
#2440 = VECTOR('',#2441,1.);
#2441 = DIRECTION('',(0.,0.,-1.));
#2442 = ORIENTED_EDGE('',*,*,#2397,.F.);
#2443 = PLANE('',#2444);
#2444 = AXIS2_PLACEMENT_3D('',#2445,#2446,#2447);
#2445 = CARTESIAN_POINT('',(-0.57,0.,0.));
#2446 = DIRECTION('',(-1.,0.,0.));
#2447 = DIRECTION('',(0.,-1.,0.));
#2448 = ADVANCED_FACE('',(#2449),#2482,.T.);
#2449 = FACE_BOUND('',#2450,.F.);
#2450 = EDGE_LOOP('',(#2451,#2452,#2460,#2468,#2476));
#2451 = ORIENTED_EDGE('',*,*,#2026,.F.);
#2452 = ORIENTED_EDGE('',*,*,#2453,.F.);
#2453 = EDGE_CURVE('',#2454,#2019,#2456,.T.);
#2454 = VERTEX_POINT('',#2455);
#2455 = CARTESIAN_POINT('',(-0.57,9.2,1.31));
#2456 = LINE('',#2457,#2458);
#2457 = CARTESIAN_POINT('',(-0.57,9.2,1.31));
#2458 = VECTOR('',#2459,1.);
#2459 = DIRECTION('',(0.,-1.,0.));
#2460 = ORIENTED_EDGE('',*,*,#2461,.F.);
#2461 = EDGE_CURVE('',#2462,#2454,#2464,.T.);
#2462 = VERTEX_POINT('',#2463);
#2463 = CARTESIAN_POINT('',(-0.57,9.2,2.45));
#2464 = LINE('',#2465,#2466);
#2465 = CARTESIAN_POINT('',(-0.57,9.2,2.45));
#2466 = VECTOR('',#2467,1.);
#2467 = DIRECTION('',(0.,0.,-1.));
#2468 = ORIENTED_EDGE('',*,*,#2469,.F.);
#2469 = EDGE_CURVE('',#2470,#2462,#2472,.T.);
#2470 = VERTEX_POINT('',#2471);
#2471 = CARTESIAN_POINT('',(-0.57,4.3,2.45));
#2472 = LINE('',#2473,#2474);
#2473 = CARTESIAN_POINT('',(-0.57,4.3,2.45));
#2474 = VECTOR('',#2475,1.);
#2475 = DIRECTION('',(0.,1.,0.));
#2476 = ORIENTED_EDGE('',*,*,#2477,.F.);
#2477 = EDGE_CURVE('',#2027,#2470,#2478,.T.);
#2478 = LINE('',#2479,#2480);
#2479 = CARTESIAN_POINT('',(-0.57,3.7,2.85));
#2480 = VECTOR('',#2481,1.);
#2481 = DIRECTION('',(0.,0.832050294338,-0.554700196225));
#2482 = PLANE('',#2483);
#2483 = AXIS2_PLACEMENT_3D('',#2484,#2485,#2486);
#2484 = CARTESIAN_POINT('',(-0.57,0.,0.));
#2485 = DIRECTION('',(-1.,0.,0.));
#2486 = DIRECTION('',(0.,-1.,0.));
#2487 = ADVANCED_FACE('',(#2488),#2521,.T.);
#2488 = FACE_BOUND('',#2489,.F.);
#2489 = EDGE_LOOP('',(#2490,#2498,#2499,#2507,#2515));
#2490 = ORIENTED_EDGE('',*,*,#2491,.F.);
#2491 = EDGE_CURVE('',#1365,#2492,#2494,.T.);
#2492 = VERTEX_POINT('',#2493);
#2493 = CARTESIAN_POINT('',(-0.57,-2.23,2.25));
#2494 = LINE('',#2495,#2496);
#2495 = CARTESIAN_POINT('',(-0.57,0.8,2.25));
#2496 = VECTOR('',#2497,1.);
#2497 = DIRECTION('',(0.,-1.,0.));
#2498 = ORIENTED_EDGE('',*,*,#1364,.T.);
#2499 = ORIENTED_EDGE('',*,*,#2500,.F.);
#2500 = EDGE_CURVE('',#2501,#1357,#2503,.T.);
#2501 = VERTEX_POINT('',#2502);
#2502 = CARTESIAN_POINT('',(-0.57,-3.5,2.85));
#2503 = LINE('',#2504,#2505);
#2504 = CARTESIAN_POINT('',(-0.57,-3.5,2.85));
#2505 = VECTOR('',#2506,1.);
#2506 = DIRECTION('',(0.,1.,0.));
#2507 = ORIENTED_EDGE('',*,*,#2508,.F.);
#2508 = EDGE_CURVE('',#2509,#2501,#2511,.T.);
#2509 = VERTEX_POINT('',#2510);
#2510 = CARTESIAN_POINT('',(-0.57,-3.5,2.7));
#2511 = LINE('',#2512,#2513);
#2512 = CARTESIAN_POINT('',(-0.57,-3.5,2.7));
#2513 = VECTOR('',#2514,1.);
#2514 = DIRECTION('',(0.,0.,1.));
#2515 = ORIENTED_EDGE('',*,*,#2516,.F.);
#2516 = EDGE_CURVE('',#2492,#2509,#2517,.T.);
#2517 = LINE('',#2518,#2519);
#2518 = CARTESIAN_POINT('',(-0.57,-2.23,2.25));
#2519 = VECTOR('',#2520,1.);
#2520 = DIRECTION('',(0.,-0.942578556478,0.333984527886));
#2521 = PLANE('',#2522);
#2522 = AXIS2_PLACEMENT_3D('',#2523,#2524,#2525);
#2523 = CARTESIAN_POINT('',(-0.57,0.,0.));
#2524 = DIRECTION('',(-1.,0.,0.));
#2525 = DIRECTION('',(0.,-1.,0.));
#2526 = ADVANCED_FACE('',(#2527),#2560,.T.);
#2527 = FACE_BOUND('',#2528,.F.);
#2528 = EDGE_LOOP('',(#2529,#2530,#2538,#2546,#2554));
#2529 = ORIENTED_EDGE('',*,*,#1295,.T.);
#2530 = ORIENTED_EDGE('',*,*,#2531,.F.);
#2531 = EDGE_CURVE('',#2532,#1288,#2534,.T.);
#2532 = VERTEX_POINT('',#2533);
#2533 = CARTESIAN_POINT('',(-0.57,-2.23,-2.65));
#2534 = LINE('',#2535,#2536);
#2535 = CARTESIAN_POINT('',(-0.57,-2.23,-2.65));
#2536 = VECTOR('',#2537,1.);
#2537 = DIRECTION('',(0.,1.,0.));
#2538 = ORIENTED_EDGE('',*,*,#2539,.F.);
#2539 = EDGE_CURVE('',#2540,#2532,#2542,.T.);
#2540 = VERTEX_POINT('',#2541);
#2541 = CARTESIAN_POINT('',(-0.57,-3.5,-3.1));
#2542 = LINE('',#2543,#2544);
#2543 = CARTESIAN_POINT('',(-0.57,-3.5,-3.1));
#2544 = VECTOR('',#2545,1.);
#2545 = DIRECTION('',(0.,0.942578556478,0.333984527886));
#2546 = ORIENTED_EDGE('',*,*,#2547,.F.);
#2547 = EDGE_CURVE('',#2548,#2540,#2550,.T.);
#2548 = VERTEX_POINT('',#2549);
#2549 = CARTESIAN_POINT('',(-0.57,-3.5,-3.25));
#2550 = LINE('',#2551,#2552);
#2551 = CARTESIAN_POINT('',(-0.57,-3.5,-3.25));
#2552 = VECTOR('',#2553,1.);
#2553 = DIRECTION('',(0.,0.,1.));
#2554 = ORIENTED_EDGE('',*,*,#2555,.F.);
#2555 = EDGE_CURVE('',#1296,#2548,#2556,.T.);
#2556 = LINE('',#2557,#2558);
#2557 = CARTESIAN_POINT('',(-0.57,0.8,-3.25));
#2558 = VECTOR('',#2559,1.);
#2559 = DIRECTION('',(0.,-1.,0.));
#2560 = PLANE('',#2561);
#2561 = AXIS2_PLACEMENT_3D('',#2562,#2563,#2564);
#2562 = CARTESIAN_POINT('',(-0.57,0.,0.));
#2563 = DIRECTION('',(-1.,0.,0.));
#2564 = DIRECTION('',(0.,-1.,0.));
#2565 = ADVANCED_FACE('',(#2566),#2577,.T.);
#2566 = FACE_BOUND('',#2567,.F.);
#2567 = EDGE_LOOP('',(#2568,#2569,#2570,#2576));
#2568 = ORIENTED_EDGE('',*,*,#2108,.F.);
#2569 = ORIENTED_EDGE('',*,*,#2265,.F.);
#2570 = ORIENTED_EDGE('',*,*,#2571,.T.);
#2571 = EDGE_CURVE('',#2258,#2422,#2572,.T.);
#2572 = LINE('',#2573,#2574);
#2573 = CARTESIAN_POINT('',(0.57,4.3,-2.85));
#2574 = VECTOR('',#2575,1.);
#2575 = DIRECTION('',(-1.,0.,0.));
#2576 = ORIENTED_EDGE('',*,*,#2421,.T.);
#2577 = PLANE('',#2578);
#2578 = AXIS2_PLACEMENT_3D('',#2579,#2580,#2581);
#2579 = CARTESIAN_POINT('',(0.57,4.3,-2.85));
#2580 = DIRECTION('',(0.,0.554700196225,-0.832050294338));
#2581 = DIRECTION('',(0.,-0.832050294338,-0.554700196225));
#2582 = ADVANCED_FACE('',(#2583),#2594,.T.);
#2583 = FACE_BOUND('',#2584,.F.);
#2584 = EDGE_LOOP('',(#2585,#2586,#2592,#2593));
#2585 = ORIENTED_EDGE('',*,*,#2257,.F.);
#2586 = ORIENTED_EDGE('',*,*,#2587,.T.);
#2587 = EDGE_CURVE('',#2250,#2430,#2588,.T.);
#2588 = LINE('',#2589,#2590);
#2589 = CARTESIAN_POINT('',(0.57,9.2,-2.85));
#2590 = VECTOR('',#2591,1.);
#2591 = DIRECTION('',(-1.,0.,0.));
#2592 = ORIENTED_EDGE('',*,*,#2429,.T.);
#2593 = ORIENTED_EDGE('',*,*,#2571,.F.);
#2594 = PLANE('',#2595);
#2595 = AXIS2_PLACEMENT_3D('',#2596,#2597,#2598);
#2596 = CARTESIAN_POINT('',(0.57,9.2,-2.85));
#2597 = DIRECTION('',(0.,0.,-1.));
#2598 = DIRECTION('',(0.,-1.,0.));
#2599 = ADVANCED_FACE('',(#2600),#2606,.T.);
#2600 = FACE_BOUND('',#2601,.F.);
#2601 = EDGE_LOOP('',(#2602,#2603,#2604,#2605));
#2602 = ORIENTED_EDGE('',*,*,#2249,.F.);
#2603 = ORIENTED_EDGE('',*,*,#2405,.T.);
#2604 = ORIENTED_EDGE('',*,*,#2437,.T.);
#2605 = ORIENTED_EDGE('',*,*,#2587,.F.);
#2606 = PLANE('',#2607);
#2607 = AXIS2_PLACEMENT_3D('',#2608,#2609,#2610);
#2608 = CARTESIAN_POINT('',(0.57,9.2,-1.71));
#2609 = DIRECTION('',(0.,1.,0.));
#2610 = DIRECTION('',(0.,0.,-1.));
#2611 = ADVANCED_FACE('',(#2612),#2623,.T.);
#2612 = FACE_BOUND('',#2613,.F.);
#2613 = EDGE_LOOP('',(#2614,#2615,#2616,#2622));
#2614 = ORIENTED_EDGE('',*,*,#2018,.F.);
#2615 = ORIENTED_EDGE('',*,*,#2304,.F.);
#2616 = ORIENTED_EDGE('',*,*,#2617,.T.);
#2617 = EDGE_CURVE('',#2297,#2454,#2618,.T.);
#2618 = LINE('',#2619,#2620);
#2619 = CARTESIAN_POINT('',(0.57,9.2,1.31));
#2620 = VECTOR('',#2621,1.);
#2621 = DIRECTION('',(-1.,0.,0.));
#2622 = ORIENTED_EDGE('',*,*,#2453,.T.);
#2623 = PLANE('',#2624);
#2624 = AXIS2_PLACEMENT_3D('',#2625,#2626,#2627);
#2625 = CARTESIAN_POINT('',(0.57,9.2,1.31));
#2626 = DIRECTION('',(0.,0.,-1.));
#2627 = DIRECTION('',(0.,-1.,0.));
#2628 = ADVANCED_FACE('',(#2629),#2640,.T.);
#2629 = FACE_BOUND('',#2630,.F.);
#2630 = EDGE_LOOP('',(#2631,#2632,#2638,#2639));
#2631 = ORIENTED_EDGE('',*,*,#2296,.F.);
#2632 = ORIENTED_EDGE('',*,*,#2633,.T.);
#2633 = EDGE_CURVE('',#2289,#2462,#2634,.T.);
#2634 = LINE('',#2635,#2636);
#2635 = CARTESIAN_POINT('',(0.57,9.2,2.45));
#2636 = VECTOR('',#2637,1.);
#2637 = DIRECTION('',(-1.,0.,0.));
#2638 = ORIENTED_EDGE('',*,*,#2461,.T.);
#2639 = ORIENTED_EDGE('',*,*,#2617,.F.);
#2640 = PLANE('',#2641);
#2641 = AXIS2_PLACEMENT_3D('',#2642,#2643,#2644);
#2642 = CARTESIAN_POINT('',(0.57,9.2,2.45));
#2643 = DIRECTION('',(0.,1.,0.));
#2644 = DIRECTION('',(0.,0.,-1.));
#2645 = ADVANCED_FACE('',(#2646),#2657,.T.);
#2646 = FACE_BOUND('',#2647,.F.);
#2647 = EDGE_LOOP('',(#2648,#2649,#2655,#2656));
#2648 = ORIENTED_EDGE('',*,*,#2288,.F.);
#2649 = ORIENTED_EDGE('',*,*,#2650,.T.);
#2650 = EDGE_CURVE('',#2281,#2470,#2651,.T.);
#2651 = LINE('',#2652,#2653);
#2652 = CARTESIAN_POINT('',(0.57,4.3,2.45));
#2653 = VECTOR('',#2654,1.);
#2654 = DIRECTION('',(-1.,0.,0.));
#2655 = ORIENTED_EDGE('',*,*,#2469,.T.);
#2656 = ORIENTED_EDGE('',*,*,#2633,.F.);
#2657 = PLANE('',#2658);
#2658 = AXIS2_PLACEMENT_3D('',#2659,#2660,#2661);
#2659 = CARTESIAN_POINT('',(0.57,4.3,2.45));
#2660 = DIRECTION('',(0.,0.,1.));
#2661 = DIRECTION('',(0.,1.,0.));
#2662 = ADVANCED_FACE('',(#2663),#2669,.T.);
#2663 = FACE_BOUND('',#2664,.F.);
#2664 = EDGE_LOOP('',(#2665,#2666,#2667,#2668));
#2665 = ORIENTED_EDGE('',*,*,#2034,.T.);
#2666 = ORIENTED_EDGE('',*,*,#2477,.T.);
#2667 = ORIENTED_EDGE('',*,*,#2650,.F.);
#2668 = ORIENTED_EDGE('',*,*,#2280,.F.);
#2669 = PLANE('',#2670);
#2670 = AXIS2_PLACEMENT_3D('',#2671,#2672,#2673);
#2671 = CARTESIAN_POINT('',(0.57,3.7,2.85));
#2672 = DIRECTION('',(0.,0.554700196225,0.832050294338));
#2673 = DIRECTION('',(0.,0.832050294338,-0.554700196225));
#2674 = ADVANCED_FACE('',(#2675),#2686,.T.);
#2675 = FACE_BOUND('',#2676,.F.);
#2676 = EDGE_LOOP('',(#2677,#2678,#2679,#2680));
#2677 = ORIENTED_EDGE('',*,*,#2318,.F.);
#2678 = ORIENTED_EDGE('',*,*,#1372,.T.);
#2679 = ORIENTED_EDGE('',*,*,#2491,.T.);
#2680 = ORIENTED_EDGE('',*,*,#2681,.F.);
#2681 = EDGE_CURVE('',#2319,#2492,#2682,.T.);
#2682 = LINE('',#2683,#2684);
#2683 = CARTESIAN_POINT('',(0.57,-2.23,2.25));
#2684 = VECTOR('',#2685,1.);
#2685 = DIRECTION('',(-1.,0.,0.));
#2686 = PLANE('',#2687);
#2687 = AXIS2_PLACEMENT_3D('',#2688,#2689,#2690);
#2688 = CARTESIAN_POINT('',(0.57,3.7,2.25));
#2689 = DIRECTION('',(0.,0.,-1.));
#2690 = DIRECTION('',(0.,-1.,0.));
#2691 = ADVANCED_FACE('',(#2692),#2703,.T.);
#2692 = FACE_BOUND('',#2693,.F.);
#2693 = EDGE_LOOP('',(#2694,#2695,#2696,#2697));
#2694 = ORIENTED_EDGE('',*,*,#2326,.F.);
#2695 = ORIENTED_EDGE('',*,*,#2681,.T.);
#2696 = ORIENTED_EDGE('',*,*,#2516,.T.);
#2697 = ORIENTED_EDGE('',*,*,#2698,.F.);
#2698 = EDGE_CURVE('',#2327,#2509,#2699,.T.);
#2699 = LINE('',#2700,#2701);
#2700 = CARTESIAN_POINT('',(0.57,-3.5,2.7));
#2701 = VECTOR('',#2702,1.);
#2702 = DIRECTION('',(-1.,0.,0.));
#2703 = PLANE('',#2704);
#2704 = AXIS2_PLACEMENT_3D('',#2705,#2706,#2707);
#2705 = CARTESIAN_POINT('',(0.57,-2.23,2.25));
#2706 = DIRECTION('',(0.,-0.333984527886,-0.942578556478));
#2707 = DIRECTION('',(0.,-0.942578556478,0.333984527886));
#2708 = ADVANCED_FACE('',(#2709),#2720,.T.);
#2709 = FACE_BOUND('',#2710,.F.);
#2710 = EDGE_LOOP('',(#2711,#2712,#2713,#2714));
#2711 = ORIENTED_EDGE('',*,*,#2334,.F.);
#2712 = ORIENTED_EDGE('',*,*,#2698,.T.);
#2713 = ORIENTED_EDGE('',*,*,#2508,.T.);
#2714 = ORIENTED_EDGE('',*,*,#2715,.F.);
#2715 = EDGE_CURVE('',#2335,#2501,#2716,.T.);
#2716 = LINE('',#2717,#2718);
#2717 = CARTESIAN_POINT('',(0.57,-3.5,2.85));
#2718 = VECTOR('',#2719,1.);
#2719 = DIRECTION('',(-1.,0.,0.));
#2720 = PLANE('',#2721);
#2721 = AXIS2_PLACEMENT_3D('',#2722,#2723,#2724);
#2722 = CARTESIAN_POINT('',(0.57,-3.5,2.7));
#2723 = DIRECTION('',(0.,-1.,0.));
#2724 = DIRECTION('',(0.,0.,1.));
#2725 = ADVANCED_FACE('',(#2726),#2732,.T.);
#2726 = FACE_BOUND('',#2727,.F.);
#2727 = EDGE_LOOP('',(#2728,#2729,#2730,#2731));
#2728 = ORIENTED_EDGE('',*,*,#2342,.F.);
#2729 = ORIENTED_EDGE('',*,*,#2715,.T.);
#2730 = ORIENTED_EDGE('',*,*,#2500,.T.);
#2731 = ORIENTED_EDGE('',*,*,#1356,.F.);
#2732 = PLANE('',#2733);
#2733 = AXIS2_PLACEMENT_3D('',#2734,#2735,#2736);
#2734 = CARTESIAN_POINT('',(0.57,-3.5,2.85));
#2735 = DIRECTION('',(0.,0.,1.));
#2736 = DIRECTION('',(0.,1.,0.));
#2737 = ADVANCED_FACE('',(#2738),#2749,.T.);
#2738 = FACE_BOUND('',#2739,.F.);
#2739 = EDGE_LOOP('',(#2740,#2741,#2742,#2748));
#2740 = ORIENTED_EDGE('',*,*,#1287,.F.);
#2741 = ORIENTED_EDGE('',*,*,#2382,.F.);
#2742 = ORIENTED_EDGE('',*,*,#2743,.T.);
#2743 = EDGE_CURVE('',#2375,#2532,#2744,.T.);
#2744 = LINE('',#2745,#2746);
#2745 = CARTESIAN_POINT('',(0.57,-2.23,-2.65));
#2746 = VECTOR('',#2747,1.);
#2747 = DIRECTION('',(-1.,0.,0.));
#2748 = ORIENTED_EDGE('',*,*,#2531,.T.);
#2749 = PLANE('',#2750);
#2750 = AXIS2_PLACEMENT_3D('',#2751,#2752,#2753);
#2751 = CARTESIAN_POINT('',(0.57,-2.23,-2.65));
#2752 = DIRECTION('',(0.,0.,1.));
#2753 = DIRECTION('',(0.,1.,0.));
#2754 = ADVANCED_FACE('',(#2755),#2766,.T.);
#2755 = FACE_BOUND('',#2756,.F.);
#2756 = EDGE_LOOP('',(#2757,#2758,#2764,#2765));
#2757 = ORIENTED_EDGE('',*,*,#2374,.F.);
#2758 = ORIENTED_EDGE('',*,*,#2759,.T.);
#2759 = EDGE_CURVE('',#2367,#2540,#2760,.T.);
#2760 = LINE('',#2761,#2762);
#2761 = CARTESIAN_POINT('',(0.57,-3.5,-3.1));
#2762 = VECTOR('',#2763,1.);
#2763 = DIRECTION('',(-1.,0.,0.));
#2764 = ORIENTED_EDGE('',*,*,#2539,.T.);
#2765 = ORIENTED_EDGE('',*,*,#2743,.F.);
#2766 = PLANE('',#2767);
#2767 = AXIS2_PLACEMENT_3D('',#2768,#2769,#2770);
#2768 = CARTESIAN_POINT('',(0.57,-3.5,-3.1));
#2769 = DIRECTION('',(0.,-0.333984527886,0.942578556478));
#2770 = DIRECTION('',(0.,0.942578556478,0.333984527886));
#2771 = ADVANCED_FACE('',(#2772),#2783,.T.);
#2772 = FACE_BOUND('',#2773,.F.);
#2773 = EDGE_LOOP('',(#2774,#2775,#2781,#2782));
#2774 = ORIENTED_EDGE('',*,*,#2366,.F.);
#2775 = ORIENTED_EDGE('',*,*,#2776,.T.);
#2776 = EDGE_CURVE('',#2359,#2548,#2777,.T.);
#2777 = LINE('',#2778,#2779);
#2778 = CARTESIAN_POINT('',(0.57,-3.5,-3.25));
#2779 = VECTOR('',#2780,1.);
#2780 = DIRECTION('',(-1.,0.,0.));
#2781 = ORIENTED_EDGE('',*,*,#2547,.T.);
#2782 = ORIENTED_EDGE('',*,*,#2759,.F.);
#2783 = PLANE('',#2784);
#2784 = AXIS2_PLACEMENT_3D('',#2785,#2786,#2787);
#2785 = CARTESIAN_POINT('',(0.57,-3.5,-3.25));
#2786 = DIRECTION('',(0.,-1.,0.));
#2787 = DIRECTION('',(0.,0.,1.));
#2788 = ADVANCED_FACE('',(#2789),#2795,.T.);
#2789 = FACE_BOUND('',#2790,.F.);
#2790 = EDGE_LOOP('',(#2791,#2792,#2793,#2794));
#2791 = ORIENTED_EDGE('',*,*,#1303,.T.);
#2792 = ORIENTED_EDGE('',*,*,#2555,.T.);
#2793 = ORIENTED_EDGE('',*,*,#2776,.F.);
#2794 = ORIENTED_EDGE('',*,*,#2358,.F.);
#2795 = PLANE('',#2796);
#2796 = AXIS2_PLACEMENT_3D('',#2797,#2798,#2799);
#2797 = CARTESIAN_POINT('',(0.57,3.7,-3.25));
#2798 = DIRECTION('',(0.,0.,-1.));
#2799 = DIRECTION('',(0.,-1.,0.));
#2800 = ADVANCED_FACE('',(#2801),#2807,.F.);
#2801 = FACE_BOUND('',#2802,.F.);
#2802 = EDGE_LOOP('',(#2803,#2804,#2805,#2806));
#2803 = ORIENTED_EDGE('',*,*,#1023,.F.);
#2804 = ORIENTED_EDGE('',*,*,#1172,.T.);
#2805 = ORIENTED_EDGE('',*,*,#671,.T.);
#2806 = ORIENTED_EDGE('',*,*,#967,.F.);
#2807 = PLANE('',#2808);
#2808 = AXIS2_PLACEMENT_3D('',#2809,#2810,#2811);
#2809 = CARTESIAN_POINT('',(-1.7,0.,-0.5));
#2810 = DIRECTION('',(1.,0.,0.));
#2811 = DIRECTION('',(0.,0.,1.));
#2812 = GEOMETRIC_CURVE_SET('',(#2813,#2821));
#2813 = TRIMMED_CURVE('',#2814,(#2819,PARAMETER_VALUE(0.)),(#2820,
    PARAMETER_VALUE(3.141592653589)),.T.,.PARAMETER.);
#2814 = CIRCLE('',#2815,0.7);
#2815 = AXIS2_PLACEMENT_3D('',#2816,#2817,#2818);
#2816 = CARTESIAN_POINT('',(0.,0.,-2.95));
#2817 = DIRECTION('',(0.,-1.,0.));
#2818 = DIRECTION('',(1.,0.,0.));
#2819 = CARTESIAN_POINT('',(0.7,0.,-2.95));
#2820 = CARTESIAN_POINT('',(-0.7,0.,-2.95));
#2821 = TRIMMED_CURVE('',#2822,(#2827,PARAMETER_VALUE(0.)),(#2828,
    PARAMETER_VALUE(3.141592653589)),.T.,.PARAMETER.);
#2822 = CIRCLE('',#2823,0.7);
#2823 = AXIS2_PLACEMENT_3D('',#2824,#2825,#2826);
#2824 = CARTESIAN_POINT('',(0.,0.,-2.95));
#2825 = DIRECTION('',(0.,-1.,0.));
#2826 = DIRECTION('',(-1.,0.,0.));
#2827 = CARTESIAN_POINT('',(-0.7,0.,-2.95));
#2828 = CARTESIAN_POINT('',(0.7,0.,-2.95));
#2829 = GEOMETRIC_CURVE_SET('',(#2830,#2838));
#2830 = TRIMMED_CURVE('',#2831,(#2836,PARAMETER_VALUE(0.)),(#2837,
    PARAMETER_VALUE(3.141592653589)),.T.,.PARAMETER.);
#2831 = CIRCLE('',#2832,0.7);
#2832 = AXIS2_PLACEMENT_3D('',#2833,#2834,#2835);
#2833 = CARTESIAN_POINT('',(0.,0.,2.55));
#2834 = DIRECTION('',(0.,-1.,0.));
#2835 = DIRECTION('',(1.,0.,0.));
#2836 = CARTESIAN_POINT('',(0.7,0.,2.55));
#2837 = CARTESIAN_POINT('',(-0.7,0.,2.55));
#2838 = TRIMMED_CURVE('',#2839,(#2844,PARAMETER_VALUE(0.)),(#2845,
    PARAMETER_VALUE(3.141592653589)),.T.,.PARAMETER.);
#2839 = CIRCLE('',#2840,0.7);
#2840 = AXIS2_PLACEMENT_3D('',#2841,#2842,#2843);
#2841 = CARTESIAN_POINT('',(0.,0.,2.55));
#2842 = DIRECTION('',(0.,-1.,0.));
#2843 = DIRECTION('',(-1.,0.,0.));
#2844 = CARTESIAN_POINT('',(-0.7,0.,2.55));
#2845 = CARTESIAN_POINT('',(0.7,0.,2.55));
#2846 = ( GEOMETRIC_REPRESENTATION_CONTEXT(3) 
GLOBAL_UNCERTAINTY_ASSIGNED_CONTEXT((#2850)) 
GLOBAL_UNIT_ASSIGNED_CONTEXT((#2847,#2848,#2849)) REPRESENTATION_CONTEXT
('Context #1','3D Context with UNIT and UNCERTAINTY') );
#2847 = ( LENGTH_UNIT() NAMED_UNIT(*) SI_UNIT(.MILLI.,.METRE.) );
#2848 = ( NAMED_UNIT(*) PLANE_ANGLE_UNIT() SI_UNIT($,.RADIAN.) );
#2849 = ( NAMED_UNIT(*) SI_UNIT($,.STERADIAN.) SOLID_ANGLE_UNIT() );
#2850 = UNCERTAINTY_MEASURE_WITH_UNIT(LENGTH_MEASURE(1.E-07),#2847,
  'distance_accuracy_value','confusion accuracy');
#2851 = CONTEXT_DEPENDENT_SHAPE_REPRESENTATION(#2852,#2854);
#2852 = ( REPRESENTATION_RELATIONSHIP('','',#472,#449) 
REPRESENTATION_RELATIONSHIP_WITH_TRANSFORMATION(#2853) 
SHAPE_REPRESENTATION_RELATIONSHIP() );
#2853 = ITEM_DEFINED_TRANSFORMATION('','',#11,#450);
#2854 = PRODUCT_DEFINITION_SHAPE('Placement','Placement of an item',
  #2855);
#2855 = NEXT_ASSEMBLY_USAGE_OCCURRENCE('3','=>[0:1:1:5]','',#444,#467,$
  );
#2856 = PRODUCT_RELATED_PRODUCT_CATEGORY('part',$,(#469));
#2857 = SHAPE_DEFINITION_REPRESENTATION(#2858,#2864);
#2858 = PRODUCT_DEFINITION_SHAPE('','',#2859);
#2859 = PRODUCT_DEFINITION('design','',#2860,#2863);
#2860 = PRODUCT_DEFINITION_FORMATION('','',#2861);
#2861 = PRODUCT('SW_PUSH_6mm','SW_PUSH_6mm','',(#2862));
#2862 = PRODUCT_CONTEXT('',#2,'mechanical');
#2863 = PRODUCT_DEFINITION_CONTEXT('part definition',#2,'design');
#2864 = SHAPE_REPRESENTATION('',(#11,#2865),#2869);
#2865 = AXIS2_PLACEMENT_3D('',#2866,#2867,#2868);
#2866 = CARTESIAN_POINT('',(0.,0.,0.));
#2867 = DIRECTION('',(0.,0.,1.));
#2868 = DIRECTION('',(1.,0.,-0.));
#2869 = ( GEOMETRIC_REPRESENTATION_CONTEXT(3) 
GLOBAL_UNCERTAINTY_ASSIGNED_CONTEXT((#2873)) 
GLOBAL_UNIT_ASSIGNED_CONTEXT((#2870,#2871,#2872)) REPRESENTATION_CONTEXT
('Context #1','3D Context with UNIT and UNCERTAINTY') );
#2870 = ( LENGTH_UNIT() NAMED_UNIT(*) SI_UNIT(.MILLI.,.METRE.) );
#2871 = ( NAMED_UNIT(*) PLANE_ANGLE_UNIT() SI_UNIT($,.RADIAN.) );
#2872 = ( NAMED_UNIT(*) SI_UNIT($,.STERADIAN.) SOLID_ANGLE_UNIT() );
#2873 = UNCERTAINTY_MEASURE_WITH_UNIT(LENGTH_MEASURE(1.E-07),#2870,
  'distance_accuracy_value','confusion accuracy');
#2874 = CONTEXT_DEPENDENT_SHAPE_REPRESENTATION(#2875,#2877);
#2875 = ( REPRESENTATION_RELATIONSHIP('','',#2864,#10) 
REPRESENTATION_RELATIONSHIP_WITH_TRANSFORMATION(#2876) 
SHAPE_REPRESENTATION_RELATIONSHIP() );
#2876 = ITEM_DEFINED_TRANSFORMATION('','',#11,#23);
#2877 = PRODUCT_DEFINITION_SHAPE('Placement','Placement of an item',
  #2878);
#2878 = NEXT_ASSEMBLY_USAGE_OCCURRENCE('6','SW1','',#5,#2859,$);
#2879 = PRODUCT_RELATED_PRODUCT_CATEGORY('part',$,(#2861));
#2880 = SHAPE_DEFINITION_REPRESENTATION(#2881,#2887);
#2881 = PRODUCT_DEFINITION_SHAPE('','',#2882);
#2882 = PRODUCT_DEFINITION('design','',#2883,#2886);
#2883 = PRODUCT_DEFINITION_FORMATION('','',#2884);
#2884 = PRODUCT('SW_PUSH_6mm','SW_PUSH_6mm','',(#2885));
#2885 = PRODUCT_CONTEXT('',#2,'mechanical');
#2886 = PRODUCT_DEFINITION_CONTEXT('part definition',#2,'design');
#2887 = ADVANCED_BREP_SHAPE_REPRESENTATION('',(#11,#2888),#6117);
#2888 = MANIFOLD_SOLID_BREP('',#2889);
#2889 = CLOSED_SHELL('',(#2890,#2907,#2932,#3055,#3086,#3111,#3136,#3160
    ,#3184,#3209,#3234,#3251,#3276,#3301,#3326,#3351,#3382,#3407,#3432,
    #3520,#3608,#3633,#3658,#3675,#3684,#3710,#3719,#3728,#3772,#3922,
    #3946,#4089,#4239,#4389,#4406,#4556,#4580,#4723,#4873,#5023,#5040,
    #5049,#5066,#5083,#5100,#5117,#5139,#5156,#5173,#5190,#5207,#5219,
    #5236,#5253,#5270,#5287,#5304,#5321,#5338,#5355,#5367,#5389,#5406,
    #5423,#5440,#5457,#5469,#5486,#5503,#5520,#5537,#5554,#5571,#5588,
    #5605,#5617,#5639,#5656,#5673,#5690,#5707,#5719,#5736,#5753,#5770,
    #5787,#5804,#5821,#5838,#5855,#5867,#5889,#5906,#5923,#5940,#5957,
    #5969,#5986,#6003,#6020,#6037,#6054,#6071,#6088,#6105));
#2890 = ADVANCED_FACE('',(#2891),#2902,.F.);
#2891 = FACE_BOUND('',#2892,.T.);
#2892 = EDGE_LOOP('',(#2893));
#2893 = ORIENTED_EDGE('',*,*,#2894,.T.);
#2894 = EDGE_CURVE('',#2895,#2895,#2897,.T.);
#2895 = VERTEX_POINT('',#2896);
#2896 = CARTESIAN_POINT('',(1.65,-4.25,4.1));
#2897 = CIRCLE('',#2898,0.5);
#2898 = AXIS2_PLACEMENT_3D('',#2899,#2900,#2901);
#2899 = CARTESIAN_POINT('',(1.15,-4.25,4.1));
#2900 = DIRECTION('',(0.,0.,1.));
#2901 = DIRECTION('',(1.,0.,-0.));
#2902 = PLANE('',#2903);
#2903 = AXIS2_PLACEMENT_3D('',#2904,#2905,#2906);
#2904 = CARTESIAN_POINT('',(1.65,-4.25,4.1));
#2905 = DIRECTION('',(0.,0.,-1.));
#2906 = DIRECTION('',(-1.,0.,0.));
#2907 = ADVANCED_FACE('',(#2908),#2927,.T.);
#2908 = FACE_BOUND('',#2909,.T.);
#2909 = EDGE_LOOP('',(#2910,#2918,#2919,#2920));
#2910 = ORIENTED_EDGE('',*,*,#2911,.T.);
#2911 = EDGE_CURVE('',#2912,#2895,#2914,.T.);
#2912 = VERTEX_POINT('',#2913);
#2913 = CARTESIAN_POINT('',(1.65,-4.25,3.6));
#2914 = LINE('',#2915,#2916);
#2915 = CARTESIAN_POINT('',(1.65,-4.25,3.5));
#2916 = VECTOR('',#2917,1.);
#2917 = DIRECTION('',(0.,0.,1.));
#2918 = ORIENTED_EDGE('',*,*,#2894,.F.);
#2919 = ORIENTED_EDGE('',*,*,#2911,.F.);
#2920 = ORIENTED_EDGE('',*,*,#2921,.F.);
#2921 = EDGE_CURVE('',#2912,#2912,#2922,.T.);
#2922 = CIRCLE('',#2923,0.5);
#2923 = AXIS2_PLACEMENT_3D('',#2924,#2925,#2926);
#2924 = CARTESIAN_POINT('',(1.15,-4.25,3.6));
#2925 = DIRECTION('',(0.,0.,-1.));
#2926 = DIRECTION('',(1.,0.,0.));
#2927 = CYLINDRICAL_SURFACE('',#2928,0.5);
#2928 = AXIS2_PLACEMENT_3D('',#2929,#2930,#2931);
#2929 = CARTESIAN_POINT('',(1.15,-4.25,3.5));
#2930 = DIRECTION('',(-0.,-0.,-1.));
#2931 = DIRECTION('',(1.,0.,0.));
#2932 = ADVANCED_FACE('',(#2933,#3003,#3014,#3025,#3036,#3047),#3050,.F.
  );
#2933 = FACE_BOUND('',#2934,.F.);
#2934 = EDGE_LOOP('',(#2935,#2945,#2954,#2962,#2971,#2979,#2988,#2996));
#2935 = ORIENTED_EDGE('',*,*,#2936,.F.);
#2936 = EDGE_CURVE('',#2937,#2939,#2941,.T.);
#2937 = VERTEX_POINT('',#2938);
#2938 = CARTESIAN_POINT('',(0.45,-5.25,3.6));
#2939 = VERTEX_POINT('',#2940);
#2940 = CARTESIAN_POINT('',(5.85,-5.25,3.6));
#2941 = LINE('',#2942,#2943);
#2942 = CARTESIAN_POINT('',(0.15,-5.25,3.6));
#2943 = VECTOR('',#2944,1.);
#2944 = DIRECTION('',(1.,0.,0.));
#2945 = ORIENTED_EDGE('',*,*,#2946,.T.);
#2946 = EDGE_CURVE('',#2937,#2947,#2949,.T.);
#2947 = VERTEX_POINT('',#2948);
#2948 = CARTESIAN_POINT('',(0.15,-4.95,3.6));
#2949 = CIRCLE('',#2950,0.3);
#2950 = AXIS2_PLACEMENT_3D('',#2951,#2952,#2953);
#2951 = CARTESIAN_POINT('',(0.45,-4.95,3.6));
#2952 = DIRECTION('',(-0.,-0.,-1.));
#2953 = DIRECTION('',(0.,-1.,0.));
#2954 = ORIENTED_EDGE('',*,*,#2955,.F.);
#2955 = EDGE_CURVE('',#2956,#2947,#2958,.T.);
#2956 = VERTEX_POINT('',#2957);
#2957 = CARTESIAN_POINT('',(0.15,0.45,3.6));
#2958 = LINE('',#2959,#2960);
#2959 = CARTESIAN_POINT('',(0.15,0.75,3.6));
#2960 = VECTOR('',#2961,1.);
#2961 = DIRECTION('',(0.,-1.,0.));
#2962 = ORIENTED_EDGE('',*,*,#2963,.F.);
#2963 = EDGE_CURVE('',#2964,#2956,#2966,.T.);
#2964 = VERTEX_POINT('',#2965);
#2965 = CARTESIAN_POINT('',(0.45,0.75,3.6));
#2966 = CIRCLE('',#2967,0.3);
#2967 = AXIS2_PLACEMENT_3D('',#2968,#2969,#2970);
#2968 = CARTESIAN_POINT('',(0.45,0.45,3.6));
#2969 = DIRECTION('',(-0.,0.,1.));
#2970 = DIRECTION('',(0.,-1.,0.));
#2971 = ORIENTED_EDGE('',*,*,#2972,.F.);
#2972 = EDGE_CURVE('',#2973,#2964,#2975,.T.);
#2973 = VERTEX_POINT('',#2974);
#2974 = CARTESIAN_POINT('',(5.85,0.75,3.6));
#2975 = LINE('',#2976,#2977);
#2976 = CARTESIAN_POINT('',(6.15,0.75,3.6));
#2977 = VECTOR('',#2978,1.);
#2978 = DIRECTION('',(-1.,0.,0.));
#2979 = ORIENTED_EDGE('',*,*,#2980,.F.);
#2980 = EDGE_CURVE('',#2981,#2973,#2983,.T.);
#2981 = VERTEX_POINT('',#2982);
#2982 = CARTESIAN_POINT('',(6.15,0.45,3.6));
#2983 = CIRCLE('',#2984,0.3);
#2984 = AXIS2_PLACEMENT_3D('',#2985,#2986,#2987);
#2985 = CARTESIAN_POINT('',(5.85,0.45,3.6));
#2986 = DIRECTION('',(-0.,0.,1.));
#2987 = DIRECTION('',(0.,-1.,0.));
#2988 = ORIENTED_EDGE('',*,*,#2989,.F.);
#2989 = EDGE_CURVE('',#2990,#2981,#2992,.T.);
#2990 = VERTEX_POINT('',#2991);
#2991 = CARTESIAN_POINT('',(6.15,-4.95,3.6));
#2992 = LINE('',#2993,#2994);
#2993 = CARTESIAN_POINT('',(6.15,-5.25,3.6));
#2994 = VECTOR('',#2995,1.);
#2995 = DIRECTION('',(0.,1.,0.));
#2996 = ORIENTED_EDGE('',*,*,#2997,.F.);
#2997 = EDGE_CURVE('',#2939,#2990,#2998,.T.);
#2998 = CIRCLE('',#2999,0.3);
#2999 = AXIS2_PLACEMENT_3D('',#3000,#3001,#3002);
#3000 = CARTESIAN_POINT('',(5.85,-4.95,3.6));
#3001 = DIRECTION('',(-0.,0.,1.));
#3002 = DIRECTION('',(0.,-1.,0.));
#3003 = FACE_BOUND('',#3004,.F.);
#3004 = EDGE_LOOP('',(#3005));
#3005 = ORIENTED_EDGE('',*,*,#3006,.F.);
#3006 = EDGE_CURVE('',#3007,#3007,#3009,.T.);
#3007 = VERTEX_POINT('',#3008);
#3008 = CARTESIAN_POINT('',(5.65,-4.25,3.6));
#3009 = CIRCLE('',#3010,0.5);
#3010 = AXIS2_PLACEMENT_3D('',#3011,#3012,#3013);
#3011 = CARTESIAN_POINT('',(5.15,-4.25,3.6));
#3012 = DIRECTION('',(0.,0.,-1.));
#3013 = DIRECTION('',(1.,0.,0.));
#3014 = FACE_BOUND('',#3015,.F.);
#3015 = EDGE_LOOP('',(#3016));
#3016 = ORIENTED_EDGE('',*,*,#3017,.F.);
#3017 = EDGE_CURVE('',#3018,#3018,#3020,.T.);
#3018 = VERTEX_POINT('',#3019);
#3019 = CARTESIAN_POINT('',(4.9,-2.25,3.6));
#3020 = CIRCLE('',#3021,1.75);
#3021 = AXIS2_PLACEMENT_3D('',#3022,#3023,#3024);
#3022 = CARTESIAN_POINT('',(3.15,-2.25,3.6));
#3023 = DIRECTION('',(0.,0.,-1.));
#3024 = DIRECTION('',(1.,0.,0.));
#3025 = FACE_BOUND('',#3026,.F.);
#3026 = EDGE_LOOP('',(#3027));
#3027 = ORIENTED_EDGE('',*,*,#3028,.F.);
#3028 = EDGE_CURVE('',#3029,#3029,#3031,.T.);
#3029 = VERTEX_POINT('',#3030);
#3030 = CARTESIAN_POINT('',(1.65,-0.25,3.6));
#3031 = CIRCLE('',#3032,0.5);
#3032 = AXIS2_PLACEMENT_3D('',#3033,#3034,#3035);
#3033 = CARTESIAN_POINT('',(1.15,-0.25,3.6));
#3034 = DIRECTION('',(0.,0.,-1.));
#3035 = DIRECTION('',(1.,0.,0.));
#3036 = FACE_BOUND('',#3037,.F.);
#3037 = EDGE_LOOP('',(#3038));
#3038 = ORIENTED_EDGE('',*,*,#3039,.F.);
#3039 = EDGE_CURVE('',#3040,#3040,#3042,.T.);
#3040 = VERTEX_POINT('',#3041);
#3041 = CARTESIAN_POINT('',(5.65,-0.25,3.6));
#3042 = CIRCLE('',#3043,0.5);
#3043 = AXIS2_PLACEMENT_3D('',#3044,#3045,#3046);
#3044 = CARTESIAN_POINT('',(5.15,-0.25,3.6));
#3045 = DIRECTION('',(0.,0.,-1.));
#3046 = DIRECTION('',(1.,0.,0.));
#3047 = FACE_BOUND('',#3048,.F.);
#3048 = EDGE_LOOP('',(#3049));
#3049 = ORIENTED_EDGE('',*,*,#2921,.F.);
#3050 = PLANE('',#3051);
#3051 = AXIS2_PLACEMENT_3D('',#3052,#3053,#3054);
#3052 = CARTESIAN_POINT('',(0.15,-5.25,3.6));
#3053 = DIRECTION('',(0.,0.,-1.));
#3054 = DIRECTION('',(-1.,0.,0.));
#3055 = ADVANCED_FACE('',(#3056),#3081,.F.);
#3056 = FACE_BOUND('',#3057,.F.);
#3057 = EDGE_LOOP('',(#3058,#3068,#3074,#3075));
#3058 = ORIENTED_EDGE('',*,*,#3059,.F.);
#3059 = EDGE_CURVE('',#3060,#3062,#3064,.T.);
#3060 = VERTEX_POINT('',#3061);
#3061 = CARTESIAN_POINT('',(0.45,-5.25,3.5));
#3062 = VERTEX_POINT('',#3063);
#3063 = CARTESIAN_POINT('',(5.85,-5.25,3.5));
#3064 = LINE('',#3065,#3066);
#3065 = CARTESIAN_POINT('',(0.15,-5.25,3.5));
#3066 = VECTOR('',#3067,1.);
#3067 = DIRECTION('',(1.,0.,0.));
#3068 = ORIENTED_EDGE('',*,*,#3069,.T.);
#3069 = EDGE_CURVE('',#3060,#2937,#3070,.T.);
#3070 = LINE('',#3071,#3072);
#3071 = CARTESIAN_POINT('',(0.45,-5.25,3.5));
#3072 = VECTOR('',#3073,1.);
#3073 = DIRECTION('',(0.,0.,1.));
#3074 = ORIENTED_EDGE('',*,*,#2936,.T.);
#3075 = ORIENTED_EDGE('',*,*,#3076,.F.);
#3076 = EDGE_CURVE('',#3062,#2939,#3077,.T.);
#3077 = LINE('',#3078,#3079);
#3078 = CARTESIAN_POINT('',(5.85,-5.25,3.5));
#3079 = VECTOR('',#3080,1.);
#3080 = DIRECTION('',(0.,0.,1.));
#3081 = PLANE('',#3082);
#3082 = AXIS2_PLACEMENT_3D('',#3083,#3084,#3085);
#3083 = CARTESIAN_POINT('',(0.15,-5.25,3.5));
#3084 = DIRECTION('',(0.,1.,0.));
#3085 = DIRECTION('',(1.,0.,0.));
#3086 = ADVANCED_FACE('',(#3087),#3106,.T.);
#3087 = FACE_BOUND('',#3088,.T.);
#3088 = EDGE_LOOP('',(#3089,#3090,#3091,#3099));
#3089 = ORIENTED_EDGE('',*,*,#3069,.T.);
#3090 = ORIENTED_EDGE('',*,*,#2946,.T.);
#3091 = ORIENTED_EDGE('',*,*,#3092,.F.);
#3092 = EDGE_CURVE('',#3093,#2947,#3095,.T.);
#3093 = VERTEX_POINT('',#3094);
#3094 = CARTESIAN_POINT('',(0.15,-4.95,3.5));
#3095 = LINE('',#3096,#3097);
#3096 = CARTESIAN_POINT('',(0.15,-4.95,3.5));
#3097 = VECTOR('',#3098,1.);
#3098 = DIRECTION('',(0.,0.,1.));
#3099 = ORIENTED_EDGE('',*,*,#3100,.F.);
#3100 = EDGE_CURVE('',#3060,#3093,#3101,.T.);
#3101 = CIRCLE('',#3102,0.3);
#3102 = AXIS2_PLACEMENT_3D('',#3103,#3104,#3105);
#3103 = CARTESIAN_POINT('',(0.45,-4.95,3.5));
#3104 = DIRECTION('',(-0.,-0.,-1.));
#3105 = DIRECTION('',(0.,-1.,0.));
#3106 = CYLINDRICAL_SURFACE('',#3107,0.3);
#3107 = AXIS2_PLACEMENT_3D('',#3108,#3109,#3110);
#3108 = CARTESIAN_POINT('',(0.45,-4.95,3.5));
#3109 = DIRECTION('',(0.,0.,1.));
#3110 = DIRECTION('',(0.,-1.,0.));
#3111 = ADVANCED_FACE('',(#3112),#3131,.T.);
#3112 = FACE_BOUND('',#3113,.T.);
#3113 = EDGE_LOOP('',(#3114,#3123,#3129,#3130));
#3114 = ORIENTED_EDGE('',*,*,#3115,.T.);
#3115 = EDGE_CURVE('',#3062,#3116,#3118,.T.);
#3116 = VERTEX_POINT('',#3117);
#3117 = CARTESIAN_POINT('',(6.15,-4.95,3.5));
#3118 = CIRCLE('',#3119,0.3);
#3119 = AXIS2_PLACEMENT_3D('',#3120,#3121,#3122);
#3120 = CARTESIAN_POINT('',(5.85,-4.95,3.5));
#3121 = DIRECTION('',(-0.,0.,1.));
#3122 = DIRECTION('',(0.,-1.,0.));
#3123 = ORIENTED_EDGE('',*,*,#3124,.T.);
#3124 = EDGE_CURVE('',#3116,#2990,#3125,.T.);
#3125 = LINE('',#3126,#3127);
#3126 = CARTESIAN_POINT('',(6.15,-4.95,3.5));
#3127 = VECTOR('',#3128,1.);
#3128 = DIRECTION('',(0.,0.,1.));
#3129 = ORIENTED_EDGE('',*,*,#2997,.F.);
#3130 = ORIENTED_EDGE('',*,*,#3076,.F.);
#3131 = CYLINDRICAL_SURFACE('',#3132,0.3);
#3132 = AXIS2_PLACEMENT_3D('',#3133,#3134,#3135);
#3133 = CARTESIAN_POINT('',(5.85,-4.95,3.5));
#3134 = DIRECTION('',(0.,0.,1.));
#3135 = DIRECTION('',(0.,-1.,0.));
#3136 = ADVANCED_FACE('',(#3137),#3155,.F.);
#3137 = FACE_BOUND('',#3138,.F.);
#3138 = EDGE_LOOP('',(#3139,#3147,#3153,#3154));
#3139 = ORIENTED_EDGE('',*,*,#3140,.F.);
#3140 = EDGE_CURVE('',#3141,#3093,#3143,.T.);
#3141 = VERTEX_POINT('',#3142);
#3142 = CARTESIAN_POINT('',(0.15,0.45,3.5));
#3143 = LINE('',#3144,#3145);
#3144 = CARTESIAN_POINT('',(0.15,0.75,3.5));
#3145 = VECTOR('',#3146,1.);
#3146 = DIRECTION('',(0.,-1.,0.));
#3147 = ORIENTED_EDGE('',*,*,#3148,.T.);
#3148 = EDGE_CURVE('',#3141,#2956,#3149,.T.);
#3149 = LINE('',#3150,#3151);
#3150 = CARTESIAN_POINT('',(0.15,0.45,3.5));
#3151 = VECTOR('',#3152,1.);
#3152 = DIRECTION('',(0.,0.,1.));
#3153 = ORIENTED_EDGE('',*,*,#2955,.T.);
#3154 = ORIENTED_EDGE('',*,*,#3092,.F.);
#3155 = PLANE('',#3156);
#3156 = AXIS2_PLACEMENT_3D('',#3157,#3158,#3159);
#3157 = CARTESIAN_POINT('',(0.15,0.75,3.5));
#3158 = DIRECTION('',(1.,0.,0.));
#3159 = DIRECTION('',(0.,-1.,0.));
#3160 = ADVANCED_FACE('',(#3161),#3179,.F.);
#3161 = FACE_BOUND('',#3162,.F.);
#3162 = EDGE_LOOP('',(#3163,#3171,#3172,#3173));
#3163 = ORIENTED_EDGE('',*,*,#3164,.F.);
#3164 = EDGE_CURVE('',#3116,#3165,#3167,.T.);
#3165 = VERTEX_POINT('',#3166);
#3166 = CARTESIAN_POINT('',(6.15,0.45,3.5));
#3167 = LINE('',#3168,#3169);
#3168 = CARTESIAN_POINT('',(6.15,-5.25,3.5));
#3169 = VECTOR('',#3170,1.);
#3170 = DIRECTION('',(0.,1.,0.));
#3171 = ORIENTED_EDGE('',*,*,#3124,.T.);
#3172 = ORIENTED_EDGE('',*,*,#2989,.T.);
#3173 = ORIENTED_EDGE('',*,*,#3174,.F.);
#3174 = EDGE_CURVE('',#3165,#2981,#3175,.T.);
#3175 = LINE('',#3176,#3177);
#3176 = CARTESIAN_POINT('',(6.15,0.45,3.5));
#3177 = VECTOR('',#3178,1.);
#3178 = DIRECTION('',(0.,0.,1.));
#3179 = PLANE('',#3180);
#3180 = AXIS2_PLACEMENT_3D('',#3181,#3182,#3183);
#3181 = CARTESIAN_POINT('',(6.15,-5.25,3.5));
#3182 = DIRECTION('',(-1.,0.,0.));
#3183 = DIRECTION('',(0.,1.,0.));
#3184 = ADVANCED_FACE('',(#3185),#3204,.T.);
#3185 = FACE_BOUND('',#3186,.T.);
#3186 = EDGE_LOOP('',(#3187,#3196,#3197,#3198));
#3187 = ORIENTED_EDGE('',*,*,#3188,.T.);
#3188 = EDGE_CURVE('',#3189,#3141,#3191,.T.);
#3189 = VERTEX_POINT('',#3190);
#3190 = CARTESIAN_POINT('',(0.45,0.75,3.5));
#3191 = CIRCLE('',#3192,0.3);
#3192 = AXIS2_PLACEMENT_3D('',#3193,#3194,#3195);
#3193 = CARTESIAN_POINT('',(0.45,0.45,3.5));
#3194 = DIRECTION('',(-0.,0.,1.));
#3195 = DIRECTION('',(0.,-1.,0.));
#3196 = ORIENTED_EDGE('',*,*,#3148,.T.);
#3197 = ORIENTED_EDGE('',*,*,#2963,.F.);
#3198 = ORIENTED_EDGE('',*,*,#3199,.F.);
#3199 = EDGE_CURVE('',#3189,#2964,#3200,.T.);
#3200 = LINE('',#3201,#3202);
#3201 = CARTESIAN_POINT('',(0.45,0.75,3.5));
#3202 = VECTOR('',#3203,1.);
#3203 = DIRECTION('',(0.,0.,1.));
#3204 = CYLINDRICAL_SURFACE('',#3205,0.3);
#3205 = AXIS2_PLACEMENT_3D('',#3206,#3207,#3208);
#3206 = CARTESIAN_POINT('',(0.45,0.45,3.5));
#3207 = DIRECTION('',(0.,0.,1.));
#3208 = DIRECTION('',(0.,1.,0.));
#3209 = ADVANCED_FACE('',(#3210),#3229,.T.);
#3210 = FACE_BOUND('',#3211,.T.);
#3211 = EDGE_LOOP('',(#3212,#3221,#3227,#3228));
#3212 = ORIENTED_EDGE('',*,*,#3213,.T.);
#3213 = EDGE_CURVE('',#3165,#3214,#3216,.T.);
#3214 = VERTEX_POINT('',#3215);
#3215 = CARTESIAN_POINT('',(5.85,0.75,3.5));
#3216 = CIRCLE('',#3217,0.3);
#3217 = AXIS2_PLACEMENT_3D('',#3218,#3219,#3220);
#3218 = CARTESIAN_POINT('',(5.85,0.45,3.5));
#3219 = DIRECTION('',(-0.,0.,1.));
#3220 = DIRECTION('',(0.,-1.,0.));
#3221 = ORIENTED_EDGE('',*,*,#3222,.T.);
#3222 = EDGE_CURVE('',#3214,#2973,#3223,.T.);
#3223 = LINE('',#3224,#3225);
#3224 = CARTESIAN_POINT('',(5.85,0.75,3.5));
#3225 = VECTOR('',#3226,1.);
#3226 = DIRECTION('',(0.,0.,1.));
#3227 = ORIENTED_EDGE('',*,*,#2980,.F.);
#3228 = ORIENTED_EDGE('',*,*,#3174,.F.);
#3229 = CYLINDRICAL_SURFACE('',#3230,0.3);
#3230 = AXIS2_PLACEMENT_3D('',#3231,#3232,#3233);
#3231 = CARTESIAN_POINT('',(5.85,0.45,3.5));
#3232 = DIRECTION('',(0.,0.,1.));
#3233 = DIRECTION('',(1.,0.,-0.));
#3234 = ADVANCED_FACE('',(#3235),#3246,.F.);
#3235 = FACE_BOUND('',#3236,.F.);
#3236 = EDGE_LOOP('',(#3237,#3243,#3244,#3245));
#3237 = ORIENTED_EDGE('',*,*,#3238,.F.);
#3238 = EDGE_CURVE('',#3214,#3189,#3239,.T.);
#3239 = LINE('',#3240,#3241);
#3240 = CARTESIAN_POINT('',(6.15,0.75,3.5));
#3241 = VECTOR('',#3242,1.);
#3242 = DIRECTION('',(-1.,0.,0.));
#3243 = ORIENTED_EDGE('',*,*,#3222,.T.);
#3244 = ORIENTED_EDGE('',*,*,#2972,.T.);
#3245 = ORIENTED_EDGE('',*,*,#3199,.F.);
#3246 = PLANE('',#3247);
#3247 = AXIS2_PLACEMENT_3D('',#3248,#3249,#3250);
#3248 = CARTESIAN_POINT('',(6.15,0.75,3.5));
#3249 = DIRECTION('',(0.,-1.,0.));
#3250 = DIRECTION('',(-1.,0.,0.));
#3251 = ADVANCED_FACE('',(#3252),#3271,.T.);
#3252 = FACE_BOUND('',#3253,.T.);
#3253 = EDGE_LOOP('',(#3254,#3262,#3269,#3270));
#3254 = ORIENTED_EDGE('',*,*,#3255,.T.);
#3255 = EDGE_CURVE('',#3007,#3256,#3258,.T.);
#3256 = VERTEX_POINT('',#3257);
#3257 = CARTESIAN_POINT('',(5.65,-4.25,4.1));
#3258 = LINE('',#3259,#3260);
#3259 = CARTESIAN_POINT('',(5.65,-4.25,3.5));
#3260 = VECTOR('',#3261,1.);
#3261 = DIRECTION('',(0.,0.,1.));
#3262 = ORIENTED_EDGE('',*,*,#3263,.F.);
#3263 = EDGE_CURVE('',#3256,#3256,#3264,.T.);
#3264 = CIRCLE('',#3265,0.5);
#3265 = AXIS2_PLACEMENT_3D('',#3266,#3267,#3268);
#3266 = CARTESIAN_POINT('',(5.15,-4.25,4.1));
#3267 = DIRECTION('',(0.,0.,1.));
#3268 = DIRECTION('',(1.,0.,-0.));
#3269 = ORIENTED_EDGE('',*,*,#3255,.F.);
#3270 = ORIENTED_EDGE('',*,*,#3006,.F.);
#3271 = CYLINDRICAL_SURFACE('',#3272,0.5);
#3272 = AXIS2_PLACEMENT_3D('',#3273,#3274,#3275);
#3273 = CARTESIAN_POINT('',(5.15,-4.25,3.5));
#3274 = DIRECTION('',(-0.,-0.,-1.));
#3275 = DIRECTION('',(1.,0.,0.));
#3276 = ADVANCED_FACE('',(#3277),#3296,.T.);
#3277 = FACE_BOUND('',#3278,.T.);
#3278 = EDGE_LOOP('',(#3279,#3287,#3294,#3295));
#3279 = ORIENTED_EDGE('',*,*,#3280,.T.);
#3280 = EDGE_CURVE('',#3018,#3281,#3283,.T.);
#3281 = VERTEX_POINT('',#3282);
#3282 = CARTESIAN_POINT('',(4.9,-2.25,4.2));
#3283 = LINE('',#3284,#3285);
#3284 = CARTESIAN_POINT('',(4.9,-2.25,3.5));
#3285 = VECTOR('',#3286,1.);
#3286 = DIRECTION('',(0.,0.,1.));
#3287 = ORIENTED_EDGE('',*,*,#3288,.F.);
#3288 = EDGE_CURVE('',#3281,#3281,#3289,.T.);
#3289 = CIRCLE('',#3290,1.75);
#3290 = AXIS2_PLACEMENT_3D('',#3291,#3292,#3293);
#3291 = CARTESIAN_POINT('',(3.15,-2.25,4.2));
#3292 = DIRECTION('',(0.,0.,1.));
#3293 = DIRECTION('',(1.,0.,-0.));
#3294 = ORIENTED_EDGE('',*,*,#3280,.F.);
#3295 = ORIENTED_EDGE('',*,*,#3017,.F.);
#3296 = CYLINDRICAL_SURFACE('',#3297,1.75);
#3297 = AXIS2_PLACEMENT_3D('',#3298,#3299,#3300);
#3298 = CARTESIAN_POINT('',(3.15,-2.25,3.5));
#3299 = DIRECTION('',(-0.,-0.,-1.));
#3300 = DIRECTION('',(1.,0.,0.));
#3301 = ADVANCED_FACE('',(#3302),#3321,.T.);
#3302 = FACE_BOUND('',#3303,.T.);
#3303 = EDGE_LOOP('',(#3304,#3312,#3319,#3320));
#3304 = ORIENTED_EDGE('',*,*,#3305,.T.);
#3305 = EDGE_CURVE('',#3029,#3306,#3308,.T.);
#3306 = VERTEX_POINT('',#3307);
#3307 = CARTESIAN_POINT('',(1.65,-0.25,4.1));
#3308 = LINE('',#3309,#3310);
#3309 = CARTESIAN_POINT('',(1.65,-0.25,3.5));
#3310 = VECTOR('',#3311,1.);
#3311 = DIRECTION('',(0.,0.,1.));
#3312 = ORIENTED_EDGE('',*,*,#3313,.F.);
#3313 = EDGE_CURVE('',#3306,#3306,#3314,.T.);
#3314 = CIRCLE('',#3315,0.5);
#3315 = AXIS2_PLACEMENT_3D('',#3316,#3317,#3318);
#3316 = CARTESIAN_POINT('',(1.15,-0.25,4.1));
#3317 = DIRECTION('',(0.,0.,1.));
#3318 = DIRECTION('',(1.,0.,-0.));
#3319 = ORIENTED_EDGE('',*,*,#3305,.F.);
#3320 = ORIENTED_EDGE('',*,*,#3028,.F.);
#3321 = CYLINDRICAL_SURFACE('',#3322,0.5);
#3322 = AXIS2_PLACEMENT_3D('',#3323,#3324,#3325);
#3323 = CARTESIAN_POINT('',(1.15,-0.25,3.5));
#3324 = DIRECTION('',(-0.,-0.,-1.));
#3325 = DIRECTION('',(1.,0.,0.));
#3326 = ADVANCED_FACE('',(#3327),#3346,.T.);
#3327 = FACE_BOUND('',#3328,.T.);
#3328 = EDGE_LOOP('',(#3329,#3337,#3344,#3345));
#3329 = ORIENTED_EDGE('',*,*,#3330,.T.);
#3330 = EDGE_CURVE('',#3040,#3331,#3333,.T.);
#3331 = VERTEX_POINT('',#3332);
#3332 = CARTESIAN_POINT('',(5.65,-0.25,4.1));
#3333 = LINE('',#3334,#3335);
#3334 = CARTESIAN_POINT('',(5.65,-0.25,3.5));
#3335 = VECTOR('',#3336,1.);
#3336 = DIRECTION('',(0.,0.,1.));
#3337 = ORIENTED_EDGE('',*,*,#3338,.F.);
#3338 = EDGE_CURVE('',#3331,#3331,#3339,.T.);
#3339 = CIRCLE('',#3340,0.5);
#3340 = AXIS2_PLACEMENT_3D('',#3341,#3342,#3343);
#3341 = CARTESIAN_POINT('',(5.15,-0.25,4.1));
#3342 = DIRECTION('',(0.,0.,1.));
#3343 = DIRECTION('',(1.,0.,-0.));
#3344 = ORIENTED_EDGE('',*,*,#3330,.F.);
#3345 = ORIENTED_EDGE('',*,*,#3039,.F.);
#3346 = CYLINDRICAL_SURFACE('',#3347,0.5);
#3347 = AXIS2_PLACEMENT_3D('',#3348,#3349,#3350);
#3348 = CARTESIAN_POINT('',(5.15,-0.25,3.5));
#3349 = DIRECTION('',(-0.,-0.,-1.));
#3350 = DIRECTION('',(1.,0.,0.));
#3351 = ADVANCED_FACE('',(#3352),#3377,.F.);
#3352 = FACE_BOUND('',#3353,.F.);
#3353 = EDGE_LOOP('',(#3354,#3364,#3370,#3371));
#3354 = ORIENTED_EDGE('',*,*,#3355,.F.);
#3355 = EDGE_CURVE('',#3356,#3358,#3360,.T.);
#3356 = VERTEX_POINT('',#3357);
#3357 = CARTESIAN_POINT('',(0.45,-5.25,0.));
#3358 = VERTEX_POINT('',#3359);
#3359 = CARTESIAN_POINT('',(5.85,-5.25,0.));
#3360 = LINE('',#3361,#3362);
#3361 = CARTESIAN_POINT('',(0.15,-5.25,0.));
#3362 = VECTOR('',#3363,1.);
#3363 = DIRECTION('',(1.,0.,0.));
#3364 = ORIENTED_EDGE('',*,*,#3365,.T.);
#3365 = EDGE_CURVE('',#3356,#3060,#3366,.T.);
#3366 = LINE('',#3367,#3368);
#3367 = CARTESIAN_POINT('',(0.45,-5.25,0.));
#3368 = VECTOR('',#3369,1.);
#3369 = DIRECTION('',(0.,0.,1.));
#3370 = ORIENTED_EDGE('',*,*,#3059,.T.);
#3371 = ORIENTED_EDGE('',*,*,#3372,.F.);
#3372 = EDGE_CURVE('',#3358,#3062,#3373,.T.);
#3373 = LINE('',#3374,#3375);
#3374 = CARTESIAN_POINT('',(5.85,-5.25,0.));
#3375 = VECTOR('',#3376,1.);
#3376 = DIRECTION('',(0.,0.,1.));
#3377 = PLANE('',#3378);
#3378 = AXIS2_PLACEMENT_3D('',#3379,#3380,#3381);
#3379 = CARTESIAN_POINT('',(0.15,-5.25,0.));
#3380 = DIRECTION('',(0.,1.,0.));
#3381 = DIRECTION('',(1.,0.,0.));
#3382 = ADVANCED_FACE('',(#3383),#3402,.T.);
#3383 = FACE_BOUND('',#3384,.T.);
#3384 = EDGE_LOOP('',(#3385,#3386,#3387,#3395));
#3385 = ORIENTED_EDGE('',*,*,#3365,.T.);
#3386 = ORIENTED_EDGE('',*,*,#3100,.T.);
#3387 = ORIENTED_EDGE('',*,*,#3388,.F.);
#3388 = EDGE_CURVE('',#3389,#3093,#3391,.T.);
#3389 = VERTEX_POINT('',#3390);
#3390 = CARTESIAN_POINT('',(0.15,-4.95,0.));
#3391 = LINE('',#3392,#3393);
#3392 = CARTESIAN_POINT('',(0.15,-4.95,0.));
#3393 = VECTOR('',#3394,1.);
#3394 = DIRECTION('',(0.,0.,1.));
#3395 = ORIENTED_EDGE('',*,*,#3396,.F.);
#3396 = EDGE_CURVE('',#3356,#3389,#3397,.T.);
#3397 = CIRCLE('',#3398,0.3);
#3398 = AXIS2_PLACEMENT_3D('',#3399,#3400,#3401);
#3399 = CARTESIAN_POINT('',(0.45,-4.95,0.));
#3400 = DIRECTION('',(-0.,-0.,-1.));
#3401 = DIRECTION('',(0.,-1.,0.));
#3402 = CYLINDRICAL_SURFACE('',#3403,0.3);
#3403 = AXIS2_PLACEMENT_3D('',#3404,#3405,#3406);
#3404 = CARTESIAN_POINT('',(0.45,-4.95,0.));
#3405 = DIRECTION('',(0.,0.,1.));
#3406 = DIRECTION('',(0.,-1.,0.));
#3407 = ADVANCED_FACE('',(#3408),#3427,.T.);
#3408 = FACE_BOUND('',#3409,.T.);
#3409 = EDGE_LOOP('',(#3410,#3419,#3425,#3426));
#3410 = ORIENTED_EDGE('',*,*,#3411,.T.);
#3411 = EDGE_CURVE('',#3358,#3412,#3414,.T.);
#3412 = VERTEX_POINT('',#3413);
#3413 = CARTESIAN_POINT('',(6.15,-4.95,0.));
#3414 = CIRCLE('',#3415,0.3);
#3415 = AXIS2_PLACEMENT_3D('',#3416,#3417,#3418);
#3416 = CARTESIAN_POINT('',(5.85,-4.95,0.));
#3417 = DIRECTION('',(-0.,0.,1.));
#3418 = DIRECTION('',(0.,-1.,0.));
#3419 = ORIENTED_EDGE('',*,*,#3420,.T.);
#3420 = EDGE_CURVE('',#3412,#3116,#3421,.T.);
#3421 = LINE('',#3422,#3423);
#3422 = CARTESIAN_POINT('',(6.15,-4.95,0.));
#3423 = VECTOR('',#3424,1.);
#3424 = DIRECTION('',(0.,0.,1.));
#3425 = ORIENTED_EDGE('',*,*,#3115,.F.);
#3426 = ORIENTED_EDGE('',*,*,#3372,.F.);
#3427 = CYLINDRICAL_SURFACE('',#3428,0.3);
#3428 = AXIS2_PLACEMENT_3D('',#3429,#3430,#3431);
#3429 = CARTESIAN_POINT('',(5.85,-4.95,0.));
#3430 = DIRECTION('',(0.,0.,1.));
#3431 = DIRECTION('',(0.,-1.,0.));
#3432 = ADVANCED_FACE('',(#3433),#3515,.F.);
#3433 = FACE_BOUND('',#3434,.F.);
#3434 = EDGE_LOOP('',(#3435,#3445,#3451,#3452,#3453,#3461,#3469,#3477,
    #3485,#3493,#3501,#3509));
#3435 = ORIENTED_EDGE('',*,*,#3436,.F.);
#3436 = EDGE_CURVE('',#3437,#3439,#3441,.T.);
#3437 = VERTEX_POINT('',#3438);
#3438 = CARTESIAN_POINT('',(0.15,0.45,0.));
#3439 = VERTEX_POINT('',#3440);
#3440 = CARTESIAN_POINT('',(0.15,0.35,0.));
#3441 = LINE('',#3442,#3443);
#3442 = CARTESIAN_POINT('',(0.15,0.75,0.));
#3443 = VECTOR('',#3444,1.);
#3444 = DIRECTION('',(0.,-1.,0.));
#3445 = ORIENTED_EDGE('',*,*,#3446,.T.);
#3446 = EDGE_CURVE('',#3437,#3141,#3447,.T.);
#3447 = LINE('',#3448,#3449);
#3448 = CARTESIAN_POINT('',(0.15,0.45,0.));
#3449 = VECTOR('',#3450,1.);
#3450 = DIRECTION('',(0.,0.,1.));
#3451 = ORIENTED_EDGE('',*,*,#3140,.T.);
#3452 = ORIENTED_EDGE('',*,*,#3388,.F.);
#3453 = ORIENTED_EDGE('',*,*,#3454,.F.);
#3454 = EDGE_CURVE('',#3455,#3389,#3457,.T.);
#3455 = VERTEX_POINT('',#3456);
#3456 = CARTESIAN_POINT('',(0.15,-4.85,0.));
#3457 = LINE('',#3458,#3459);
#3458 = CARTESIAN_POINT('',(0.15,0.75,0.));
#3459 = VECTOR('',#3460,1.);
#3460 = DIRECTION('',(0.,-1.,0.));
#3461 = ORIENTED_EDGE('',*,*,#3462,.F.);
#3462 = EDGE_CURVE('',#3463,#3455,#3465,.T.);
#3463 = VERTEX_POINT('',#3464);
#3464 = CARTESIAN_POINT('',(0.15,-4.85,1.5));
#3465 = LINE('',#3466,#3467);
#3466 = CARTESIAN_POINT('',(0.15,-4.85,1.5));
#3467 = VECTOR('',#3468,1.);
#3468 = DIRECTION('',(0.,5.551115123126E-16,-1.));
#3469 = ORIENTED_EDGE('',*,*,#3470,.T.);
#3470 = EDGE_CURVE('',#3463,#3471,#3473,.T.);
#3471 = VERTEX_POINT('',#3472);
#3472 = CARTESIAN_POINT('',(0.15,-4.15,1.5));
#3473 = LINE('',#3474,#3475);
#3474 = CARTESIAN_POINT('',(0.15,-4.85,1.5));
#3475 = VECTOR('',#3476,1.);
#3476 = DIRECTION('',(0.,1.,3.330669073875E-16));
#3477 = ORIENTED_EDGE('',*,*,#3478,.T.);
#3478 = EDGE_CURVE('',#3471,#3479,#3481,.T.);
#3479 = VERTEX_POINT('',#3480);
#3480 = CARTESIAN_POINT('',(0.15,-4.15,0.));
#3481 = LINE('',#3482,#3483);
#3482 = CARTESIAN_POINT('',(0.15,-4.15,1.5));
#3483 = VECTOR('',#3484,1.);
#3484 = DIRECTION('',(0.,5.551115123126E-16,-1.));
#3485 = ORIENTED_EDGE('',*,*,#3486,.F.);
#3486 = EDGE_CURVE('',#3487,#3479,#3489,.T.);
#3487 = VERTEX_POINT('',#3488);
#3488 = CARTESIAN_POINT('',(0.15,-0.35,0.));
#3489 = LINE('',#3490,#3491);
#3490 = CARTESIAN_POINT('',(0.15,0.75,0.));
#3491 = VECTOR('',#3492,1.);
#3492 = DIRECTION('',(0.,-1.,0.));
#3493 = ORIENTED_EDGE('',*,*,#3494,.F.);
#3494 = EDGE_CURVE('',#3495,#3487,#3497,.T.);
#3495 = VERTEX_POINT('',#3496);
#3496 = CARTESIAN_POINT('',(0.15,-0.35,1.5));
#3497 = LINE('',#3498,#3499);
#3498 = CARTESIAN_POINT('',(0.15,-0.35,1.5));
#3499 = VECTOR('',#3500,1.);
#3500 = DIRECTION('',(0.,5.551115123126E-16,-1.));
#3501 = ORIENTED_EDGE('',*,*,#3502,.T.);
#3502 = EDGE_CURVE('',#3495,#3503,#3505,.T.);
#3503 = VERTEX_POINT('',#3504);
#3504 = CARTESIAN_POINT('',(0.15,0.35,1.5));
#3505 = LINE('',#3506,#3507);
#3506 = CARTESIAN_POINT('',(0.15,-0.35,1.5));
#3507 = VECTOR('',#3508,1.);
#3508 = DIRECTION('',(0.,1.,3.330669073875E-16));
#3509 = ORIENTED_EDGE('',*,*,#3510,.T.);
#3510 = EDGE_CURVE('',#3503,#3439,#3511,.T.);
#3511 = LINE('',#3512,#3513);
#3512 = CARTESIAN_POINT('',(0.15,0.35,1.5));
#3513 = VECTOR('',#3514,1.);
#3514 = DIRECTION('',(0.,5.551115123126E-16,-1.));
#3515 = PLANE('',#3516);
#3516 = AXIS2_PLACEMENT_3D('',#3517,#3518,#3519);
#3517 = CARTESIAN_POINT('',(0.15,0.75,0.));
#3518 = DIRECTION('',(1.,0.,0.));
#3519 = DIRECTION('',(0.,-1.,0.));
#3520 = ADVANCED_FACE('',(#3521),#3603,.F.);
#3521 = FACE_BOUND('',#3522,.F.);
#3522 = EDGE_LOOP('',(#3523,#3531,#3532,#3533,#3541,#3549,#3557,#3565,
    #3573,#3581,#3589,#3597));
#3523 = ORIENTED_EDGE('',*,*,#3524,.F.);
#3524 = EDGE_CURVE('',#3412,#3525,#3527,.T.);
#3525 = VERTEX_POINT('',#3526);
#3526 = CARTESIAN_POINT('',(6.15,-4.85,0.));
#3527 = LINE('',#3528,#3529);
#3528 = CARTESIAN_POINT('',(6.15,-5.25,0.));
#3529 = VECTOR('',#3530,1.);
#3530 = DIRECTION('',(0.,1.,0.));
#3531 = ORIENTED_EDGE('',*,*,#3420,.T.);
#3532 = ORIENTED_EDGE('',*,*,#3164,.T.);
#3533 = ORIENTED_EDGE('',*,*,#3534,.F.);
#3534 = EDGE_CURVE('',#3535,#3165,#3537,.T.);
#3535 = VERTEX_POINT('',#3536);
#3536 = CARTESIAN_POINT('',(6.15,0.45,0.));
#3537 = LINE('',#3538,#3539);
#3538 = CARTESIAN_POINT('',(6.15,0.45,0.));
#3539 = VECTOR('',#3540,1.);
#3540 = DIRECTION('',(0.,0.,1.));
#3541 = ORIENTED_EDGE('',*,*,#3542,.F.);
#3542 = EDGE_CURVE('',#3543,#3535,#3545,.T.);
#3543 = VERTEX_POINT('',#3544);
#3544 = CARTESIAN_POINT('',(6.15,0.35,0.));
#3545 = LINE('',#3546,#3547);
#3546 = CARTESIAN_POINT('',(6.15,-5.25,0.));
#3547 = VECTOR('',#3548,1.);
#3548 = DIRECTION('',(0.,1.,0.));
#3549 = ORIENTED_EDGE('',*,*,#3550,.F.);
#3550 = EDGE_CURVE('',#3551,#3543,#3553,.T.);
#3551 = VERTEX_POINT('',#3552);
#3552 = CARTESIAN_POINT('',(6.15,0.35,1.5));
#3553 = LINE('',#3554,#3555);
#3554 = CARTESIAN_POINT('',(6.15,0.35,1.5));
#3555 = VECTOR('',#3556,1.);
#3556 = DIRECTION('',(0.,5.551115123126E-16,-1.));
#3557 = ORIENTED_EDGE('',*,*,#3558,.F.);
#3558 = EDGE_CURVE('',#3559,#3551,#3561,.T.);
#3559 = VERTEX_POINT('',#3560);
#3560 = CARTESIAN_POINT('',(6.15,-0.35,1.5));
#3561 = LINE('',#3562,#3563);
#3562 = CARTESIAN_POINT('',(6.15,-0.35,1.5));
#3563 = VECTOR('',#3564,1.);
#3564 = DIRECTION('',(0.,1.,3.330669073875E-16));
#3565 = ORIENTED_EDGE('',*,*,#3566,.T.);
#3566 = EDGE_CURVE('',#3559,#3567,#3569,.T.);
#3567 = VERTEX_POINT('',#3568);
#3568 = CARTESIAN_POINT('',(6.15,-0.35,0.));
#3569 = LINE('',#3570,#3571);
#3570 = CARTESIAN_POINT('',(6.15,-0.35,1.5));
#3571 = VECTOR('',#3572,1.);
#3572 = DIRECTION('',(0.,5.551115123126E-16,-1.));
#3573 = ORIENTED_EDGE('',*,*,#3574,.F.);
#3574 = EDGE_CURVE('',#3575,#3567,#3577,.T.);
#3575 = VERTEX_POINT('',#3576);
#3576 = CARTESIAN_POINT('',(6.15,-4.15,0.));
#3577 = LINE('',#3578,#3579);
#3578 = CARTESIAN_POINT('',(6.15,-5.25,0.));
#3579 = VECTOR('',#3580,1.);
#3580 = DIRECTION('',(0.,1.,0.));
#3581 = ORIENTED_EDGE('',*,*,#3582,.F.);
#3582 = EDGE_CURVE('',#3583,#3575,#3585,.T.);
#3583 = VERTEX_POINT('',#3584);
#3584 = CARTESIAN_POINT('',(6.15,-4.15,1.5));
#3585 = LINE('',#3586,#3587);
#3586 = CARTESIAN_POINT('',(6.15,-4.15,1.5));
#3587 = VECTOR('',#3588,1.);
#3588 = DIRECTION('',(0.,5.551115123126E-16,-1.));
#3589 = ORIENTED_EDGE('',*,*,#3590,.F.);
#3590 = EDGE_CURVE('',#3591,#3583,#3593,.T.);
#3591 = VERTEX_POINT('',#3592);
#3592 = CARTESIAN_POINT('',(6.15,-4.85,1.5));
#3593 = LINE('',#3594,#3595);
#3594 = CARTESIAN_POINT('',(6.15,-4.85,1.5));
#3595 = VECTOR('',#3596,1.);
#3596 = DIRECTION('',(0.,1.,3.330669073875E-16));
#3597 = ORIENTED_EDGE('',*,*,#3598,.T.);
#3598 = EDGE_CURVE('',#3591,#3525,#3599,.T.);
#3599 = LINE('',#3600,#3601);
#3600 = CARTESIAN_POINT('',(6.15,-4.85,1.5));
#3601 = VECTOR('',#3602,1.);
#3602 = DIRECTION('',(0.,5.551115123126E-16,-1.));
#3603 = PLANE('',#3604);
#3604 = AXIS2_PLACEMENT_3D('',#3605,#3606,#3607);
#3605 = CARTESIAN_POINT('',(6.15,-5.25,0.));
#3606 = DIRECTION('',(-1.,0.,0.));
#3607 = DIRECTION('',(0.,1.,0.));
#3608 = ADVANCED_FACE('',(#3609),#3628,.T.);
#3609 = FACE_BOUND('',#3610,.T.);
#3610 = EDGE_LOOP('',(#3611,#3620,#3621,#3622));
#3611 = ORIENTED_EDGE('',*,*,#3612,.T.);
#3612 = EDGE_CURVE('',#3613,#3437,#3615,.T.);
#3613 = VERTEX_POINT('',#3614);
#3614 = CARTESIAN_POINT('',(0.45,0.75,0.));
#3615 = CIRCLE('',#3616,0.3);
#3616 = AXIS2_PLACEMENT_3D('',#3617,#3618,#3619);
#3617 = CARTESIAN_POINT('',(0.45,0.45,0.));
#3618 = DIRECTION('',(-0.,0.,1.));
#3619 = DIRECTION('',(0.,-1.,0.));
#3620 = ORIENTED_EDGE('',*,*,#3446,.T.);
#3621 = ORIENTED_EDGE('',*,*,#3188,.F.);
#3622 = ORIENTED_EDGE('',*,*,#3623,.F.);
#3623 = EDGE_CURVE('',#3613,#3189,#3624,.T.);
#3624 = LINE('',#3625,#3626);
#3625 = CARTESIAN_POINT('',(0.45,0.75,0.));
#3626 = VECTOR('',#3627,1.);
#3627 = DIRECTION('',(0.,0.,1.));
#3628 = CYLINDRICAL_SURFACE('',#3629,0.3);
#3629 = AXIS2_PLACEMENT_3D('',#3630,#3631,#3632);
#3630 = CARTESIAN_POINT('',(0.45,0.45,0.));
#3631 = DIRECTION('',(0.,0.,1.));
#3632 = DIRECTION('',(0.,1.,0.));
#3633 = ADVANCED_FACE('',(#3634),#3653,.T.);
#3634 = FACE_BOUND('',#3635,.T.);
#3635 = EDGE_LOOP('',(#3636,#3645,#3651,#3652));
#3636 = ORIENTED_EDGE('',*,*,#3637,.T.);
#3637 = EDGE_CURVE('',#3535,#3638,#3640,.T.);
#3638 = VERTEX_POINT('',#3639);
#3639 = CARTESIAN_POINT('',(5.85,0.75,0.));
#3640 = CIRCLE('',#3641,0.3);
#3641 = AXIS2_PLACEMENT_3D('',#3642,#3643,#3644);
#3642 = CARTESIAN_POINT('',(5.85,0.45,0.));
#3643 = DIRECTION('',(-0.,0.,1.));
#3644 = DIRECTION('',(0.,-1.,0.));
#3645 = ORIENTED_EDGE('',*,*,#3646,.T.);
#3646 = EDGE_CURVE('',#3638,#3214,#3647,.T.);
#3647 = LINE('',#3648,#3649);
#3648 = CARTESIAN_POINT('',(5.85,0.75,0.));
#3649 = VECTOR('',#3650,1.);
#3650 = DIRECTION('',(0.,0.,1.));
#3651 = ORIENTED_EDGE('',*,*,#3213,.F.);
#3652 = ORIENTED_EDGE('',*,*,#3534,.F.);
#3653 = CYLINDRICAL_SURFACE('',#3654,0.3);
#3654 = AXIS2_PLACEMENT_3D('',#3655,#3656,#3657);
#3655 = CARTESIAN_POINT('',(5.85,0.45,0.));
#3656 = DIRECTION('',(0.,0.,1.));
#3657 = DIRECTION('',(1.,0.,-0.));
#3658 = ADVANCED_FACE('',(#3659),#3670,.F.);
#3659 = FACE_BOUND('',#3660,.F.);
#3660 = EDGE_LOOP('',(#3661,#3667,#3668,#3669));
#3661 = ORIENTED_EDGE('',*,*,#3662,.F.);
#3662 = EDGE_CURVE('',#3638,#3613,#3663,.T.);
#3663 = LINE('',#3664,#3665);
#3664 = CARTESIAN_POINT('',(6.15,0.75,0.));
#3665 = VECTOR('',#3666,1.);
#3666 = DIRECTION('',(-1.,0.,0.));
#3667 = ORIENTED_EDGE('',*,*,#3646,.T.);
#3668 = ORIENTED_EDGE('',*,*,#3238,.T.);
#3669 = ORIENTED_EDGE('',*,*,#3623,.F.);
#3670 = PLANE('',#3671);
#3671 = AXIS2_PLACEMENT_3D('',#3672,#3673,#3674);
#3672 = CARTESIAN_POINT('',(6.15,0.75,0.));
#3673 = DIRECTION('',(0.,-1.,0.));
#3674 = DIRECTION('',(-1.,0.,0.));
#3675 = ADVANCED_FACE('',(#3676),#3679,.F.);
#3676 = FACE_BOUND('',#3677,.T.);
#3677 = EDGE_LOOP('',(#3678));
#3678 = ORIENTED_EDGE('',*,*,#3263,.T.);
#3679 = PLANE('',#3680);
#3680 = AXIS2_PLACEMENT_3D('',#3681,#3682,#3683);
#3681 = CARTESIAN_POINT('',(5.65,-4.25,4.1));
#3682 = DIRECTION('',(0.,0.,-1.));
#3683 = DIRECTION('',(-1.,0.,0.));
#3684 = ADVANCED_FACE('',(#3685),#3705,.T.);
#3685 = FACE_BOUND('',#3686,.T.);
#3686 = EDGE_LOOP('',(#3687,#3688,#3697,#3704));
#3687 = ORIENTED_EDGE('',*,*,#3288,.T.);
#3688 = ORIENTED_EDGE('',*,*,#3689,.F.);
#3689 = EDGE_CURVE('',#3690,#3281,#3692,.T.);
#3690 = VERTEX_POINT('',#3691);
#3691 = CARTESIAN_POINT('',(4.8,-2.25,4.3));
#3692 = CIRCLE('',#3693,0.1);
#3693 = AXIS2_PLACEMENT_3D('',#3694,#3695,#3696);
#3694 = CARTESIAN_POINT('',(4.8,-2.25,4.2));
#3695 = DIRECTION('',(-0.,1.,0.));
#3696 = DIRECTION('',(1.,0.,0.));
#3697 = ORIENTED_EDGE('',*,*,#3698,.F.);
#3698 = EDGE_CURVE('',#3690,#3690,#3699,.T.);
#3699 = CIRCLE('',#3700,1.65);
#3700 = AXIS2_PLACEMENT_3D('',#3701,#3702,#3703);
#3701 = CARTESIAN_POINT('',(3.15,-2.25,4.3));
#3702 = DIRECTION('',(0.,0.,1.));
#3703 = DIRECTION('',(1.,0.,-0.));
#3704 = ORIENTED_EDGE('',*,*,#3689,.T.);
#3705 = TOROIDAL_SURFACE('',#3706,1.65,0.1);
#3706 = AXIS2_PLACEMENT_3D('',#3707,#3708,#3709);
#3707 = CARTESIAN_POINT('',(3.15,-2.25,4.2));
#3708 = DIRECTION('',(0.,0.,-1.));
#3709 = DIRECTION('',(1.,0.,0.));
#3710 = ADVANCED_FACE('',(#3711),#3714,.F.);
#3711 = FACE_BOUND('',#3712,.T.);
#3712 = EDGE_LOOP('',(#3713));
#3713 = ORIENTED_EDGE('',*,*,#3313,.T.);
#3714 = PLANE('',#3715);
#3715 = AXIS2_PLACEMENT_3D('',#3716,#3717,#3718);
#3716 = CARTESIAN_POINT('',(1.65,-0.25,4.1));
#3717 = DIRECTION('',(0.,0.,-1.));
#3718 = DIRECTION('',(-1.,0.,0.));
#3719 = ADVANCED_FACE('',(#3720),#3723,.F.);
#3720 = FACE_BOUND('',#3721,.T.);
#3721 = EDGE_LOOP('',(#3722));
#3722 = ORIENTED_EDGE('',*,*,#3338,.T.);
#3723 = PLANE('',#3724);
#3724 = AXIS2_PLACEMENT_3D('',#3725,#3726,#3727);
#3725 = CARTESIAN_POINT('',(5.65,-0.25,4.1));
#3726 = DIRECTION('',(0.,0.,-1.));
#3727 = DIRECTION('',(-1.,0.,0.));
#3728 = ADVANCED_FACE('',(#3729),#3767,.T.);
#3729 = FACE_BOUND('',#3730,.T.);
#3730 = EDGE_LOOP('',(#3731,#3732,#3733,#3734,#3740,#3741,#3747,#3748,
    #3749,#3750,#3751,#3752,#3758,#3759,#3765,#3766));
#3731 = ORIENTED_EDGE('',*,*,#3355,.F.);
#3732 = ORIENTED_EDGE('',*,*,#3396,.T.);
#3733 = ORIENTED_EDGE('',*,*,#3454,.F.);
#3734 = ORIENTED_EDGE('',*,*,#3735,.F.);
#3735 = EDGE_CURVE('',#3479,#3455,#3736,.T.);
#3736 = LINE('',#3737,#3738);
#3737 = CARTESIAN_POINT('',(0.15,0.75,0.));
#3738 = VECTOR('',#3739,1.);
#3739 = DIRECTION('',(0.,-1.,0.));
#3740 = ORIENTED_EDGE('',*,*,#3486,.F.);
#3741 = ORIENTED_EDGE('',*,*,#3742,.F.);
#3742 = EDGE_CURVE('',#3439,#3487,#3743,.T.);
#3743 = LINE('',#3744,#3745);
#3744 = CARTESIAN_POINT('',(0.15,0.75,0.));
#3745 = VECTOR('',#3746,1.);
#3746 = DIRECTION('',(0.,-1.,0.));
#3747 = ORIENTED_EDGE('',*,*,#3436,.F.);
#3748 = ORIENTED_EDGE('',*,*,#3612,.F.);
#3749 = ORIENTED_EDGE('',*,*,#3662,.F.);
#3750 = ORIENTED_EDGE('',*,*,#3637,.F.);
#3751 = ORIENTED_EDGE('',*,*,#3542,.F.);
#3752 = ORIENTED_EDGE('',*,*,#3753,.F.);
#3753 = EDGE_CURVE('',#3567,#3543,#3754,.T.);
#3754 = LINE('',#3755,#3756);
#3755 = CARTESIAN_POINT('',(6.15,-5.25,0.));
#3756 = VECTOR('',#3757,1.);
#3757 = DIRECTION('',(0.,1.,0.));
#3758 = ORIENTED_EDGE('',*,*,#3574,.F.);
#3759 = ORIENTED_EDGE('',*,*,#3760,.F.);
#3760 = EDGE_CURVE('',#3525,#3575,#3761,.T.);
#3761 = LINE('',#3762,#3763);
#3762 = CARTESIAN_POINT('',(6.15,-5.25,0.));
#3763 = VECTOR('',#3764,1.);
#3764 = DIRECTION('',(0.,1.,0.));
#3765 = ORIENTED_EDGE('',*,*,#3524,.F.);
#3766 = ORIENTED_EDGE('',*,*,#3411,.F.);
#3767 = PLANE('',#3768);
#3768 = AXIS2_PLACEMENT_3D('',#3769,#3770,#3771);
#3769 = CARTESIAN_POINT('',(0.15,-5.25,0.));
#3770 = DIRECTION('',(0.,0.,-1.));
#3771 = DIRECTION('',(-1.,0.,0.));
#3772 = ADVANCED_FACE('',(#3773),#3917,.F.);
#3773 = FACE_BOUND('',#3774,.F.);
#3774 = EDGE_LOOP('',(#3775,#3785,#3794,#3802,#3811,#3819,#3827,#3835,
    #3844,#3852,#3861,#3869,#3878,#3884,#3885,#3893,#3902,#3910));
#3775 = ORIENTED_EDGE('',*,*,#3776,.T.);
#3776 = EDGE_CURVE('',#3777,#3779,#3781,.T.);
#3777 = VERTEX_POINT('',#3778);
#3778 = CARTESIAN_POINT('',(-0.162230377286,0.35,-0.540767924286));
#3779 = VERTEX_POINT('',#3780);
#3780 = CARTESIAN_POINT('',(-0.425000733956,0.35,-1.416669113186));
#3781 = LINE('',#3782,#3783);
#3782 = CARTESIAN_POINT('',(-0.15,0.35,-0.5));
#3783 = VECTOR('',#3784,1.);
#3784 = DIRECTION('',(-0.287347885566,5.31700397722E-16,-0.957826285221)
  );
#3785 = ORIENTED_EDGE('',*,*,#3786,.T.);
#3786 = EDGE_CURVE('',#3779,#3787,#3789,.T.);
#3787 = VERTEX_POINT('',#3788);
#3788 = CARTESIAN_POINT('',(-0.425000733956,0.35,-1.583330886814));
#3789 = CIRCLE('',#3790,0.29);
#3790 = AXIS2_PLACEMENT_3D('',#3791,#3792,#3793);
#3791 = CARTESIAN_POINT('',(-0.147231111242,0.35,-1.5));
#3792 = DIRECTION('',(0.,-1.,-3.330669073875E-16));
#3793 = DIRECTION('',(0.,-3.330669073875E-16,1.));
#3794 = ORIENTED_EDGE('',*,*,#3795,.T.);
#3795 = EDGE_CURVE('',#3787,#3796,#3798,.T.);
#3796 = VERTEX_POINT('',#3797);
#3797 = CARTESIAN_POINT('',(-0.162230377286,0.35,-2.459232075714));
#3798 = LINE('',#3799,#3800);
#3799 = CARTESIAN_POINT('',(-0.45,0.35,-1.5));
#3800 = VECTOR('',#3801,1.);
#3801 = DIRECTION('',(0.287347885566,5.31700397722E-16,-0.957826285221)
  );
#3802 = ORIENTED_EDGE('',*,*,#3803,.F.);
#3803 = EDGE_CURVE('',#3804,#3796,#3806,.T.);
#3804 = VERTEX_POINT('',#3805);
#3805 = CARTESIAN_POINT('',(-0.15,0.35,-2.542562962528));
#3806 = CIRCLE('',#3807,0.29);
#3807 = AXIS2_PLACEMENT_3D('',#3808,#3809,#3810);
#3808 = CARTESIAN_POINT('',(-0.44,0.35,-2.542562962528));
#3809 = DIRECTION('',(0.,-1.,-3.330669073875E-16));
#3810 = DIRECTION('',(0.,-3.330669073875E-16,1.));
#3811 = ORIENTED_EDGE('',*,*,#3812,.F.);
#3812 = EDGE_CURVE('',#3813,#3804,#3815,.T.);
#3813 = VERTEX_POINT('',#3814);
#3814 = CARTESIAN_POINT('',(-0.15,0.35,-3.5));
#3815 = LINE('',#3816,#3817);
#3816 = CARTESIAN_POINT('',(-0.15,0.35,-3.5));
#3817 = VECTOR('',#3818,1.);
#3818 = DIRECTION('',(0.,-5.551115123126E-16,1.));
#3819 = ORIENTED_EDGE('',*,*,#3820,.F.);
#3820 = EDGE_CURVE('',#3821,#3813,#3823,.T.);
#3821 = VERTEX_POINT('',#3822);
#3822 = CARTESIAN_POINT('',(0.15,0.35,-3.5));
#3823 = LINE('',#3824,#3825);
#3824 = CARTESIAN_POINT('',(0.15,0.35,-3.5));
#3825 = VECTOR('',#3826,1.);
#3826 = DIRECTION('',(-1.,-0.,0.));
#3827 = ORIENTED_EDGE('',*,*,#3828,.F.);
#3828 = EDGE_CURVE('',#3829,#3821,#3831,.T.);
#3829 = VERTEX_POINT('',#3830);
#3830 = CARTESIAN_POINT('',(0.15,0.35,-2.542562962528));
#3831 = LINE('',#3832,#3833);
#3832 = CARTESIAN_POINT('',(0.15,0.35,-2.5));
#3833 = VECTOR('',#3834,1.);
#3834 = DIRECTION('',(0.,5.551115123126E-16,-1.));
#3835 = ORIENTED_EDGE('',*,*,#3836,.F.);
#3836 = EDGE_CURVE('',#3837,#3829,#3839,.T.);
#3837 = VERTEX_POINT('',#3838);
#3838 = CARTESIAN_POINT('',(0.137769622714,0.35,-2.459232075714));
#3839 = CIRCLE('',#3840,0.29);
#3840 = AXIS2_PLACEMENT_3D('',#3841,#3842,#3843);
#3841 = CARTESIAN_POINT('',(-0.14,0.35,-2.542562962528));
#3842 = DIRECTION('',(-0.,1.,3.330669073875E-16));
#3843 = DIRECTION('',(0.,-3.330669073875E-16,1.));
#3844 = ORIENTED_EDGE('',*,*,#3845,.T.);
#3845 = EDGE_CURVE('',#3837,#3846,#3848,.T.);
#3846 = VERTEX_POINT('',#3847);
#3847 = CARTESIAN_POINT('',(-0.125000733956,0.35,-1.583330886814));
#3848 = LINE('',#3849,#3850);
#3849 = CARTESIAN_POINT('',(0.15,0.35,-2.5));
#3850 = VECTOR('',#3851,1.);
#3851 = DIRECTION('',(-0.287347885566,-5.31700397722E-16,0.957826285221)
  );
#3852 = ORIENTED_EDGE('',*,*,#3853,.F.);
#3853 = EDGE_CURVE('',#3854,#3846,#3856,.T.);
#3854 = VERTEX_POINT('',#3855);
#3855 = CARTESIAN_POINT('',(-0.125000733956,0.35,-1.416669113186));
#3856 = CIRCLE('',#3857,0.29);
#3857 = AXIS2_PLACEMENT_3D('',#3858,#3859,#3860);
#3858 = CARTESIAN_POINT('',(0.152768888758,0.35,-1.5));
#3859 = DIRECTION('',(0.,-1.,-3.330669073875E-16));
#3860 = DIRECTION('',(0.,-3.330669073875E-16,1.));
#3861 = ORIENTED_EDGE('',*,*,#3862,.T.);
#3862 = EDGE_CURVE('',#3854,#3863,#3865,.T.);
#3863 = VERTEX_POINT('',#3864);
#3864 = CARTESIAN_POINT('',(0.137769622714,0.35,-0.540767924286));
#3865 = LINE('',#3866,#3867);
#3866 = CARTESIAN_POINT('',(-0.15,0.35,-1.5));
#3867 = VECTOR('',#3868,1.);
#3868 = DIRECTION('',(0.287347885566,-5.31700397722E-16,0.957826285221)
  );
#3869 = ORIENTED_EDGE('',*,*,#3870,.F.);
#3870 = EDGE_CURVE('',#3871,#3863,#3873,.T.);
#3871 = VERTEX_POINT('',#3872);
#3872 = CARTESIAN_POINT('',(0.15,0.35,-0.457437037472));
#3873 = CIRCLE('',#3874,0.29);
#3874 = AXIS2_PLACEMENT_3D('',#3875,#3876,#3877);
#3875 = CARTESIAN_POINT('',(-0.14,0.35,-0.457437037472));
#3876 = DIRECTION('',(-0.,1.,3.330669073875E-16));
#3877 = DIRECTION('',(0.,-3.330669073875E-16,1.));
#3878 = ORIENTED_EDGE('',*,*,#3879,.F.);
#3879 = EDGE_CURVE('',#3439,#3871,#3880,.T.);
#3880 = LINE('',#3881,#3882);
#3881 = CARTESIAN_POINT('',(0.15,0.35,1.5));
#3882 = VECTOR('',#3883,1.);
#3883 = DIRECTION('',(0.,5.551115123126E-16,-1.));
#3884 = ORIENTED_EDGE('',*,*,#3510,.F.);
#3885 = ORIENTED_EDGE('',*,*,#3886,.F.);
#3886 = EDGE_CURVE('',#3887,#3503,#3889,.T.);
#3887 = VERTEX_POINT('',#3888);
#3888 = CARTESIAN_POINT('',(0.14,0.35,1.5));
#3889 = LINE('',#3890,#3891);
#3890 = CARTESIAN_POINT('',(-0.15,0.35,1.5));
#3891 = VECTOR('',#3892,1.);
#3892 = DIRECTION('',(1.,0.,0.));
#3893 = ORIENTED_EDGE('',*,*,#3894,.F.);
#3894 = EDGE_CURVE('',#3895,#3887,#3897,.T.);
#3895 = VERTEX_POINT('',#3896);
#3896 = CARTESIAN_POINT('',(-0.15,0.35,1.21));
#3897 = CIRCLE('',#3898,0.29);
#3898 = AXIS2_PLACEMENT_3D('',#3899,#3900,#3901);
#3899 = CARTESIAN_POINT('',(0.14,0.35,1.21));
#3900 = DIRECTION('',(-0.,1.,3.330669073875E-16));
#3901 = DIRECTION('',(0.,-3.330669073875E-16,1.));
#3902 = ORIENTED_EDGE('',*,*,#3903,.F.);
#3903 = EDGE_CURVE('',#3904,#3895,#3906,.T.);
#3904 = VERTEX_POINT('',#3905);
#3905 = CARTESIAN_POINT('',(-0.15,0.35,-0.457437037472));
#3906 = LINE('',#3907,#3908);
#3907 = CARTESIAN_POINT('',(-0.15,0.35,-0.5));
#3908 = VECTOR('',#3909,1.);
#3909 = DIRECTION('',(0.,-5.551115123126E-16,1.));
#3910 = ORIENTED_EDGE('',*,*,#3911,.F.);
#3911 = EDGE_CURVE('',#3777,#3904,#3912,.T.);
#3912 = CIRCLE('',#3913,0.29);
#3913 = AXIS2_PLACEMENT_3D('',#3914,#3915,#3916);
#3914 = CARTESIAN_POINT('',(-0.44,0.35,-0.457437037472));
#3915 = DIRECTION('',(0.,-1.,-3.330669073875E-16));
#3916 = DIRECTION('',(0.,-3.330669073875E-16,1.));
#3917 = PLANE('',#3918);
#3918 = AXIS2_PLACEMENT_3D('',#3919,#3920,#3921);
#3919 = CARTESIAN_POINT('',(-0.15,0.35,-0.5));
#3920 = DIRECTION('',(1.64346021921E-31,-1.,-5.551115123126E-16));
#3921 = DIRECTION('',(0.,5.551115123126E-16,-1.));
#3922 = ADVANCED_FACE('',(#3923),#3941,.F.);
#3923 = FACE_BOUND('',#3924,.F.);
#3924 = EDGE_LOOP('',(#3925,#3933,#3939,#3940));
#3925 = ORIENTED_EDGE('',*,*,#3926,.F.);
#3926 = EDGE_CURVE('',#3927,#3495,#3929,.T.);
#3927 = VERTEX_POINT('',#3928);
#3928 = CARTESIAN_POINT('',(0.14,-0.35,1.5));
#3929 = LINE('',#3930,#3931);
#3930 = CARTESIAN_POINT('',(-0.15,-0.35,1.5));
#3931 = VECTOR('',#3932,1.);
#3932 = DIRECTION('',(1.,0.,0.));
#3933 = ORIENTED_EDGE('',*,*,#3934,.T.);
#3934 = EDGE_CURVE('',#3927,#3887,#3935,.T.);
#3935 = LINE('',#3936,#3937);
#3936 = CARTESIAN_POINT('',(0.14,-0.35,1.5));
#3937 = VECTOR('',#3938,1.);
#3938 = DIRECTION('',(0.,1.,3.330669073875E-16));
#3939 = ORIENTED_EDGE('',*,*,#3886,.T.);
#3940 = ORIENTED_EDGE('',*,*,#3502,.F.);
#3941 = PLANE('',#3942);
#3942 = AXIS2_PLACEMENT_3D('',#3943,#3944,#3945);
#3943 = CARTESIAN_POINT('',(-0.15,-0.35,1.5));
#3944 = DIRECTION('',(0.,3.330669073875E-16,-1.));
#3945 = DIRECTION('',(1.,0.,0.));
#3946 = ADVANCED_FACE('',(#3947),#4084,.T.);
#3947 = FACE_BOUND('',#3948,.T.);
#3948 = EDGE_LOOP('',(#3949,#3959,#3968,#3976,#3985,#3993,#4001,#4009,
    #4018,#4026,#4035,#4043,#4052,#4058,#4059,#4060,#4069,#4077));
#3949 = ORIENTED_EDGE('',*,*,#3950,.T.);
#3950 = EDGE_CURVE('',#3951,#3953,#3955,.T.);
#3951 = VERTEX_POINT('',#3952);
#3952 = CARTESIAN_POINT('',(-0.162230377286,-0.35,-0.540767924286));
#3953 = VERTEX_POINT('',#3954);
#3954 = CARTESIAN_POINT('',(-0.425000733956,-0.35,-1.416669113186));
#3955 = LINE('',#3956,#3957);
#3956 = CARTESIAN_POINT('',(-0.15,-0.35,-0.5));
#3957 = VECTOR('',#3958,1.);
#3958 = DIRECTION('',(-0.287347885566,5.31700397722E-16,-0.957826285221)
  );
#3959 = ORIENTED_EDGE('',*,*,#3960,.T.);
#3960 = EDGE_CURVE('',#3953,#3961,#3963,.T.);
#3961 = VERTEX_POINT('',#3962);
#3962 = CARTESIAN_POINT('',(-0.425000733956,-0.35,-1.583330886814));
#3963 = CIRCLE('',#3964,0.29);
#3964 = AXIS2_PLACEMENT_3D('',#3965,#3966,#3967);
#3965 = CARTESIAN_POINT('',(-0.147231111242,-0.35,-1.5));
#3966 = DIRECTION('',(0.,-1.,-3.330669073875E-16));
#3967 = DIRECTION('',(0.,-3.330669073875E-16,1.));
#3968 = ORIENTED_EDGE('',*,*,#3969,.T.);
#3969 = EDGE_CURVE('',#3961,#3970,#3972,.T.);
#3970 = VERTEX_POINT('',#3971);
#3971 = CARTESIAN_POINT('',(-0.162230377286,-0.35,-2.459232075714));
#3972 = LINE('',#3973,#3974);
#3973 = CARTESIAN_POINT('',(-0.45,-0.35,-1.5));
#3974 = VECTOR('',#3975,1.);
#3975 = DIRECTION('',(0.287347885566,5.31700397722E-16,-0.957826285221)
  );
#3976 = ORIENTED_EDGE('',*,*,#3977,.F.);
#3977 = EDGE_CURVE('',#3978,#3970,#3980,.T.);
#3978 = VERTEX_POINT('',#3979);
#3979 = CARTESIAN_POINT('',(-0.15,-0.35,-2.542562962528));
#3980 = CIRCLE('',#3981,0.29);
#3981 = AXIS2_PLACEMENT_3D('',#3982,#3983,#3984);
#3982 = CARTESIAN_POINT('',(-0.44,-0.35,-2.542562962528));
#3983 = DIRECTION('',(0.,-1.,-3.330669073875E-16));
#3984 = DIRECTION('',(0.,-3.330669073875E-16,1.));
#3985 = ORIENTED_EDGE('',*,*,#3986,.F.);
#3986 = EDGE_CURVE('',#3987,#3978,#3989,.T.);
#3987 = VERTEX_POINT('',#3988);
#3988 = CARTESIAN_POINT('',(-0.15,-0.35,-3.5));
#3989 = LINE('',#3990,#3991);
#3990 = CARTESIAN_POINT('',(-0.15,-0.35,-3.5));
#3991 = VECTOR('',#3992,1.);
#3992 = DIRECTION('',(0.,-5.551115123126E-16,1.));
#3993 = ORIENTED_EDGE('',*,*,#3994,.F.);
#3994 = EDGE_CURVE('',#3995,#3987,#3997,.T.);
#3995 = VERTEX_POINT('',#3996);
#3996 = CARTESIAN_POINT('',(0.15,-0.35,-3.5));
#3997 = LINE('',#3998,#3999);
#3998 = CARTESIAN_POINT('',(0.15,-0.35,-3.5));
#3999 = VECTOR('',#4000,1.);
#4000 = DIRECTION('',(-1.,-0.,0.));
#4001 = ORIENTED_EDGE('',*,*,#4002,.F.);
#4002 = EDGE_CURVE('',#4003,#3995,#4005,.T.);
#4003 = VERTEX_POINT('',#4004);
#4004 = CARTESIAN_POINT('',(0.15,-0.35,-2.542562962528));
#4005 = LINE('',#4006,#4007);
#4006 = CARTESIAN_POINT('',(0.15,-0.35,-2.5));
#4007 = VECTOR('',#4008,1.);
#4008 = DIRECTION('',(0.,5.551115123126E-16,-1.));
#4009 = ORIENTED_EDGE('',*,*,#4010,.F.);
#4010 = EDGE_CURVE('',#4011,#4003,#4013,.T.);
#4011 = VERTEX_POINT('',#4012);
#4012 = CARTESIAN_POINT('',(0.137769622714,-0.35,-2.459232075714));
#4013 = CIRCLE('',#4014,0.29);
#4014 = AXIS2_PLACEMENT_3D('',#4015,#4016,#4017);
#4015 = CARTESIAN_POINT('',(-0.14,-0.35,-2.542562962528));
#4016 = DIRECTION('',(-0.,1.,3.330669073875E-16));
#4017 = DIRECTION('',(0.,-3.330669073875E-16,1.));
#4018 = ORIENTED_EDGE('',*,*,#4019,.T.);
#4019 = EDGE_CURVE('',#4011,#4020,#4022,.T.);
#4020 = VERTEX_POINT('',#4021);
#4021 = CARTESIAN_POINT('',(-0.125000733956,-0.35,-1.583330886814));
#4022 = LINE('',#4023,#4024);
#4023 = CARTESIAN_POINT('',(0.15,-0.35,-2.5));
#4024 = VECTOR('',#4025,1.);
#4025 = DIRECTION('',(-0.287347885566,-5.31700397722E-16,0.957826285221)
  );
#4026 = ORIENTED_EDGE('',*,*,#4027,.F.);
#4027 = EDGE_CURVE('',#4028,#4020,#4030,.T.);
#4028 = VERTEX_POINT('',#4029);
#4029 = CARTESIAN_POINT('',(-0.125000733956,-0.35,-1.416669113186));
#4030 = CIRCLE('',#4031,0.29);
#4031 = AXIS2_PLACEMENT_3D('',#4032,#4033,#4034);
#4032 = CARTESIAN_POINT('',(0.152768888758,-0.35,-1.5));
#4033 = DIRECTION('',(0.,-1.,-3.330669073875E-16));
#4034 = DIRECTION('',(0.,-3.330669073875E-16,1.));
#4035 = ORIENTED_EDGE('',*,*,#4036,.T.);
#4036 = EDGE_CURVE('',#4028,#4037,#4039,.T.);
#4037 = VERTEX_POINT('',#4038);
#4038 = CARTESIAN_POINT('',(0.137769622714,-0.35,-0.540767924286));
#4039 = LINE('',#4040,#4041);
#4040 = CARTESIAN_POINT('',(-0.15,-0.35,-1.5));
#4041 = VECTOR('',#4042,1.);
#4042 = DIRECTION('',(0.287347885566,-5.31700397722E-16,0.957826285221)
  );
#4043 = ORIENTED_EDGE('',*,*,#4044,.F.);
#4044 = EDGE_CURVE('',#4045,#4037,#4047,.T.);
#4045 = VERTEX_POINT('',#4046);
#4046 = CARTESIAN_POINT('',(0.15,-0.35,-0.457437037472));
#4047 = CIRCLE('',#4048,0.29);
#4048 = AXIS2_PLACEMENT_3D('',#4049,#4050,#4051);
#4049 = CARTESIAN_POINT('',(-0.14,-0.35,-0.457437037472));
#4050 = DIRECTION('',(-0.,1.,3.330669073875E-16));
#4051 = DIRECTION('',(0.,-3.330669073875E-16,1.));
#4052 = ORIENTED_EDGE('',*,*,#4053,.F.);
#4053 = EDGE_CURVE('',#3487,#4045,#4054,.T.);
#4054 = LINE('',#4055,#4056);
#4055 = CARTESIAN_POINT('',(0.15,-0.35,1.5));
#4056 = VECTOR('',#4057,1.);
#4057 = DIRECTION('',(0.,5.551115123126E-16,-1.));
#4058 = ORIENTED_EDGE('',*,*,#3494,.F.);
#4059 = ORIENTED_EDGE('',*,*,#3926,.F.);
#4060 = ORIENTED_EDGE('',*,*,#4061,.F.);
#4061 = EDGE_CURVE('',#4062,#3927,#4064,.T.);
#4062 = VERTEX_POINT('',#4063);
#4063 = CARTESIAN_POINT('',(-0.15,-0.35,1.21));
#4064 = CIRCLE('',#4065,0.29);
#4065 = AXIS2_PLACEMENT_3D('',#4066,#4067,#4068);
#4066 = CARTESIAN_POINT('',(0.14,-0.35,1.21));
#4067 = DIRECTION('',(-0.,1.,3.330669073875E-16));
#4068 = DIRECTION('',(0.,-3.330669073875E-16,1.));
#4069 = ORIENTED_EDGE('',*,*,#4070,.F.);
#4070 = EDGE_CURVE('',#4071,#4062,#4073,.T.);
#4071 = VERTEX_POINT('',#4072);
#4072 = CARTESIAN_POINT('',(-0.15,-0.35,-0.457437037472));
#4073 = LINE('',#4074,#4075);
#4074 = CARTESIAN_POINT('',(-0.15,-0.35,-0.5));
#4075 = VECTOR('',#4076,1.);
#4076 = DIRECTION('',(0.,-5.551115123126E-16,1.));
#4077 = ORIENTED_EDGE('',*,*,#4078,.F.);
#4078 = EDGE_CURVE('',#3951,#4071,#4079,.T.);
#4079 = CIRCLE('',#4080,0.29);
#4080 = AXIS2_PLACEMENT_3D('',#4081,#4082,#4083);
#4081 = CARTESIAN_POINT('',(-0.44,-0.35,-0.457437037472));
#4082 = DIRECTION('',(0.,-1.,-3.330669073875E-16));
#4083 = DIRECTION('',(0.,-3.330669073875E-16,1.));
#4084 = PLANE('',#4085);
#4085 = AXIS2_PLACEMENT_3D('',#4086,#4087,#4088);
#4086 = CARTESIAN_POINT('',(-0.15,-0.35,-0.5));
#4087 = DIRECTION('',(1.64346021921E-31,-1.,-5.551115123126E-16));
#4088 = DIRECTION('',(0.,5.551115123126E-16,-1.));
#4089 = ADVANCED_FACE('',(#4090),#4234,.T.);
#4090 = FACE_BOUND('',#4091,.T.);
#4091 = EDGE_LOOP('',(#4092,#4102,#4111,#4119,#4128,#4136,#4144,#4152,
    #4161,#4169,#4178,#4186,#4195,#4201,#4202,#4210,#4219,#4227));
#4092 = ORIENTED_EDGE('',*,*,#4093,.T.);
#4093 = EDGE_CURVE('',#4094,#4096,#4098,.T.);
#4094 = VERTEX_POINT('',#4095);
#4095 = CARTESIAN_POINT('',(-0.162230377286,-4.85,-0.540767924286));
#4096 = VERTEX_POINT('',#4097);
#4097 = CARTESIAN_POINT('',(-0.425000733956,-4.85,-1.416669113186));
#4098 = LINE('',#4099,#4100);
#4099 = CARTESIAN_POINT('',(-0.15,-4.85,-0.5));
#4100 = VECTOR('',#4101,1.);
#4101 = DIRECTION('',(-0.287347885566,5.31700397722E-16,-0.957826285221)
  );
#4102 = ORIENTED_EDGE('',*,*,#4103,.T.);
#4103 = EDGE_CURVE('',#4096,#4104,#4106,.T.);
#4104 = VERTEX_POINT('',#4105);
#4105 = CARTESIAN_POINT('',(-0.425000733956,-4.85,-1.583330886814));
#4106 = CIRCLE('',#4107,0.29);
#4107 = AXIS2_PLACEMENT_3D('',#4108,#4109,#4110);
#4108 = CARTESIAN_POINT('',(-0.147231111242,-4.85,-1.5));
#4109 = DIRECTION('',(0.,-1.,-3.330669073875E-16));
#4110 = DIRECTION('',(0.,-3.330669073875E-16,1.));
#4111 = ORIENTED_EDGE('',*,*,#4112,.T.);
#4112 = EDGE_CURVE('',#4104,#4113,#4115,.T.);
#4113 = VERTEX_POINT('',#4114);
#4114 = CARTESIAN_POINT('',(-0.162230377286,-4.85,-2.459232075714));
#4115 = LINE('',#4116,#4117);
#4116 = CARTESIAN_POINT('',(-0.45,-4.85,-1.5));
#4117 = VECTOR('',#4118,1.);
#4118 = DIRECTION('',(0.287347885566,5.31700397722E-16,-0.957826285221)
  );
#4119 = ORIENTED_EDGE('',*,*,#4120,.F.);
#4120 = EDGE_CURVE('',#4121,#4113,#4123,.T.);
#4121 = VERTEX_POINT('',#4122);
#4122 = CARTESIAN_POINT('',(-0.15,-4.85,-2.542562962528));
#4123 = CIRCLE('',#4124,0.29);
#4124 = AXIS2_PLACEMENT_3D('',#4125,#4126,#4127);
#4125 = CARTESIAN_POINT('',(-0.44,-4.85,-2.542562962528));
#4126 = DIRECTION('',(0.,-1.,-3.330669073875E-16));
#4127 = DIRECTION('',(0.,-3.330669073875E-16,1.));
#4128 = ORIENTED_EDGE('',*,*,#4129,.F.);
#4129 = EDGE_CURVE('',#4130,#4121,#4132,.T.);
#4130 = VERTEX_POINT('',#4131);
#4131 = CARTESIAN_POINT('',(-0.15,-4.85,-3.5));
#4132 = LINE('',#4133,#4134);
#4133 = CARTESIAN_POINT('',(-0.15,-4.85,-3.5));
#4134 = VECTOR('',#4135,1.);
#4135 = DIRECTION('',(0.,-5.551115123126E-16,1.));
#4136 = ORIENTED_EDGE('',*,*,#4137,.F.);
#4137 = EDGE_CURVE('',#4138,#4130,#4140,.T.);
#4138 = VERTEX_POINT('',#4139);
#4139 = CARTESIAN_POINT('',(0.15,-4.85,-3.5));
#4140 = LINE('',#4141,#4142);
#4141 = CARTESIAN_POINT('',(0.15,-4.85,-3.5));
#4142 = VECTOR('',#4143,1.);
#4143 = DIRECTION('',(-1.,-0.,0.));
#4144 = ORIENTED_EDGE('',*,*,#4145,.F.);
#4145 = EDGE_CURVE('',#4146,#4138,#4148,.T.);
#4146 = VERTEX_POINT('',#4147);
#4147 = CARTESIAN_POINT('',(0.15,-4.85,-2.542562962528));
#4148 = LINE('',#4149,#4150);
#4149 = CARTESIAN_POINT('',(0.15,-4.85,-2.5));
#4150 = VECTOR('',#4151,1.);
#4151 = DIRECTION('',(0.,5.551115123126E-16,-1.));
#4152 = ORIENTED_EDGE('',*,*,#4153,.F.);
#4153 = EDGE_CURVE('',#4154,#4146,#4156,.T.);
#4154 = VERTEX_POINT('',#4155);
#4155 = CARTESIAN_POINT('',(0.137769622714,-4.85,-2.459232075714));
#4156 = CIRCLE('',#4157,0.29);
#4157 = AXIS2_PLACEMENT_3D('',#4158,#4159,#4160);
#4158 = CARTESIAN_POINT('',(-0.14,-4.85,-2.542562962528));
#4159 = DIRECTION('',(-0.,1.,3.330669073875E-16));
#4160 = DIRECTION('',(0.,-3.330669073875E-16,1.));
#4161 = ORIENTED_EDGE('',*,*,#4162,.T.);
#4162 = EDGE_CURVE('',#4154,#4163,#4165,.T.);
#4163 = VERTEX_POINT('',#4164);
#4164 = CARTESIAN_POINT('',(-0.125000733956,-4.85,-1.583330886814));
#4165 = LINE('',#4166,#4167);
#4166 = CARTESIAN_POINT('',(0.15,-4.85,-2.5));
#4167 = VECTOR('',#4168,1.);
#4168 = DIRECTION('',(-0.287347885566,-5.31700397722E-16,0.957826285221)
  );
#4169 = ORIENTED_EDGE('',*,*,#4170,.F.);
#4170 = EDGE_CURVE('',#4171,#4163,#4173,.T.);
#4171 = VERTEX_POINT('',#4172);
#4172 = CARTESIAN_POINT('',(-0.125000733956,-4.85,-1.416669113186));
#4173 = CIRCLE('',#4174,0.29);
#4174 = AXIS2_PLACEMENT_3D('',#4175,#4176,#4177);
#4175 = CARTESIAN_POINT('',(0.152768888758,-4.85,-1.5));
#4176 = DIRECTION('',(0.,-1.,-3.330669073875E-16));
#4177 = DIRECTION('',(0.,-3.330669073875E-16,1.));
#4178 = ORIENTED_EDGE('',*,*,#4179,.T.);
#4179 = EDGE_CURVE('',#4171,#4180,#4182,.T.);
#4180 = VERTEX_POINT('',#4181);
#4181 = CARTESIAN_POINT('',(0.137769622714,-4.85,-0.540767924286));
#4182 = LINE('',#4183,#4184);
#4183 = CARTESIAN_POINT('',(-0.15,-4.85,-1.5));
#4184 = VECTOR('',#4185,1.);
#4185 = DIRECTION('',(0.287347885566,-5.31700397722E-16,0.957826285221)
  );
#4186 = ORIENTED_EDGE('',*,*,#4187,.F.);
#4187 = EDGE_CURVE('',#4188,#4180,#4190,.T.);
#4188 = VERTEX_POINT('',#4189);
#4189 = CARTESIAN_POINT('',(0.15,-4.85,-0.457437037472));
#4190 = CIRCLE('',#4191,0.29);
#4191 = AXIS2_PLACEMENT_3D('',#4192,#4193,#4194);
#4192 = CARTESIAN_POINT('',(-0.14,-4.85,-0.457437037472));
#4193 = DIRECTION('',(-0.,1.,3.330669073875E-16));
#4194 = DIRECTION('',(0.,-3.330669073875E-16,1.));
#4195 = ORIENTED_EDGE('',*,*,#4196,.F.);
#4196 = EDGE_CURVE('',#3455,#4188,#4197,.T.);
#4197 = LINE('',#4198,#4199);
#4198 = CARTESIAN_POINT('',(0.15,-4.85,1.5));
#4199 = VECTOR('',#4200,1.);
#4200 = DIRECTION('',(0.,5.551115123126E-16,-1.));
#4201 = ORIENTED_EDGE('',*,*,#3462,.F.);
#4202 = ORIENTED_EDGE('',*,*,#4203,.F.);
#4203 = EDGE_CURVE('',#4204,#3463,#4206,.T.);
#4204 = VERTEX_POINT('',#4205);
#4205 = CARTESIAN_POINT('',(0.14,-4.85,1.5));
#4206 = LINE('',#4207,#4208);
#4207 = CARTESIAN_POINT('',(-0.15,-4.85,1.5));
#4208 = VECTOR('',#4209,1.);
#4209 = DIRECTION('',(1.,0.,0.));
#4210 = ORIENTED_EDGE('',*,*,#4211,.F.);
#4211 = EDGE_CURVE('',#4212,#4204,#4214,.T.);
#4212 = VERTEX_POINT('',#4213);
#4213 = CARTESIAN_POINT('',(-0.15,-4.85,1.21));
#4214 = CIRCLE('',#4215,0.29);
#4215 = AXIS2_PLACEMENT_3D('',#4216,#4217,#4218);
#4216 = CARTESIAN_POINT('',(0.14,-4.85,1.21));
#4217 = DIRECTION('',(-0.,1.,3.330669073875E-16));
#4218 = DIRECTION('',(0.,-3.330669073875E-16,1.));
#4219 = ORIENTED_EDGE('',*,*,#4220,.F.);
#4220 = EDGE_CURVE('',#4221,#4212,#4223,.T.);
#4221 = VERTEX_POINT('',#4222);
#4222 = CARTESIAN_POINT('',(-0.15,-4.85,-0.457437037472));
#4223 = LINE('',#4224,#4225);
#4224 = CARTESIAN_POINT('',(-0.15,-4.85,-0.5));
#4225 = VECTOR('',#4226,1.);
#4226 = DIRECTION('',(0.,-5.551115123126E-16,1.));
#4227 = ORIENTED_EDGE('',*,*,#4228,.F.);
#4228 = EDGE_CURVE('',#4094,#4221,#4229,.T.);
#4229 = CIRCLE('',#4230,0.29);
#4230 = AXIS2_PLACEMENT_3D('',#4231,#4232,#4233);
#4231 = CARTESIAN_POINT('',(-0.44,-4.85,-0.457437037472));
#4232 = DIRECTION('',(0.,-1.,-3.330669073875E-16));
#4233 = DIRECTION('',(0.,-3.330669073875E-16,1.));
#4234 = PLANE('',#4235);
#4235 = AXIS2_PLACEMENT_3D('',#4236,#4237,#4238);
#4236 = CARTESIAN_POINT('',(-0.15,-4.85,-0.5));
#4237 = DIRECTION('',(0.,-1.,-3.330669073875E-16));
#4238 = DIRECTION('',(0.,3.330669073875E-16,-1.));
#4239 = ADVANCED_FACE('',(#4240),#4384,.F.);
#4240 = FACE_BOUND('',#4241,.F.);
#4241 = EDGE_LOOP('',(#4242,#4252,#4261,#4269,#4278,#4286,#4294,#4302,
    #4311,#4319,#4328,#4336,#4345,#4351,#4352,#4360,#4369,#4377));
#4242 = ORIENTED_EDGE('',*,*,#4243,.T.);
#4243 = EDGE_CURVE('',#4244,#4246,#4248,.T.);
#4244 = VERTEX_POINT('',#4245);
#4245 = CARTESIAN_POINT('',(-0.162230377286,-4.15,-0.540767924286));
#4246 = VERTEX_POINT('',#4247);
#4247 = CARTESIAN_POINT('',(-0.425000733956,-4.15,-1.416669113186));
#4248 = LINE('',#4249,#4250);
#4249 = CARTESIAN_POINT('',(-0.15,-4.15,-0.5));
#4250 = VECTOR('',#4251,1.);
#4251 = DIRECTION('',(-0.287347885566,5.31700397722E-16,-0.957826285221)
  );
#4252 = ORIENTED_EDGE('',*,*,#4253,.T.);
#4253 = EDGE_CURVE('',#4246,#4254,#4256,.T.);
#4254 = VERTEX_POINT('',#4255);
#4255 = CARTESIAN_POINT('',(-0.425000733956,-4.15,-1.583330886814));
#4256 = CIRCLE('',#4257,0.29);
#4257 = AXIS2_PLACEMENT_3D('',#4258,#4259,#4260);
#4258 = CARTESIAN_POINT('',(-0.147231111242,-4.15,-1.5));
#4259 = DIRECTION('',(0.,-1.,-3.330669073875E-16));
#4260 = DIRECTION('',(0.,-3.330669073875E-16,1.));
#4261 = ORIENTED_EDGE('',*,*,#4262,.T.);
#4262 = EDGE_CURVE('',#4254,#4263,#4265,.T.);
#4263 = VERTEX_POINT('',#4264);
#4264 = CARTESIAN_POINT('',(-0.162230377286,-4.15,-2.459232075714));
#4265 = LINE('',#4266,#4267);
#4266 = CARTESIAN_POINT('',(-0.45,-4.15,-1.5));
#4267 = VECTOR('',#4268,1.);
#4268 = DIRECTION('',(0.287347885566,5.31700397722E-16,-0.957826285221)
  );
#4269 = ORIENTED_EDGE('',*,*,#4270,.F.);
#4270 = EDGE_CURVE('',#4271,#4263,#4273,.T.);
#4271 = VERTEX_POINT('',#4272);
#4272 = CARTESIAN_POINT('',(-0.15,-4.15,-2.542562962528));
#4273 = CIRCLE('',#4274,0.29);
#4274 = AXIS2_PLACEMENT_3D('',#4275,#4276,#4277);
#4275 = CARTESIAN_POINT('',(-0.44,-4.15,-2.542562962528));
#4276 = DIRECTION('',(0.,-1.,-3.330669073875E-16));
#4277 = DIRECTION('',(0.,-3.330669073875E-16,1.));
#4278 = ORIENTED_EDGE('',*,*,#4279,.F.);
#4279 = EDGE_CURVE('',#4280,#4271,#4282,.T.);
#4280 = VERTEX_POINT('',#4281);
#4281 = CARTESIAN_POINT('',(-0.15,-4.15,-3.5));
#4282 = LINE('',#4283,#4284);
#4283 = CARTESIAN_POINT('',(-0.15,-4.15,-3.5));
#4284 = VECTOR('',#4285,1.);
#4285 = DIRECTION('',(0.,-5.551115123126E-16,1.));
#4286 = ORIENTED_EDGE('',*,*,#4287,.F.);
#4287 = EDGE_CURVE('',#4288,#4280,#4290,.T.);
#4288 = VERTEX_POINT('',#4289);
#4289 = CARTESIAN_POINT('',(0.15,-4.15,-3.5));
#4290 = LINE('',#4291,#4292);
#4291 = CARTESIAN_POINT('',(0.15,-4.15,-3.5));
#4292 = VECTOR('',#4293,1.);
#4293 = DIRECTION('',(-1.,-0.,0.));
#4294 = ORIENTED_EDGE('',*,*,#4295,.F.);
#4295 = EDGE_CURVE('',#4296,#4288,#4298,.T.);
#4296 = VERTEX_POINT('',#4297);
#4297 = CARTESIAN_POINT('',(0.15,-4.15,-2.542562962528));
#4298 = LINE('',#4299,#4300);
#4299 = CARTESIAN_POINT('',(0.15,-4.15,-2.5));
#4300 = VECTOR('',#4301,1.);
#4301 = DIRECTION('',(0.,5.551115123126E-16,-1.));
#4302 = ORIENTED_EDGE('',*,*,#4303,.F.);
#4303 = EDGE_CURVE('',#4304,#4296,#4306,.T.);
#4304 = VERTEX_POINT('',#4305);
#4305 = CARTESIAN_POINT('',(0.137769622714,-4.15,-2.459232075714));
#4306 = CIRCLE('',#4307,0.29);
#4307 = AXIS2_PLACEMENT_3D('',#4308,#4309,#4310);
#4308 = CARTESIAN_POINT('',(-0.14,-4.15,-2.542562962528));
#4309 = DIRECTION('',(-0.,1.,3.330669073875E-16));
#4310 = DIRECTION('',(0.,-3.330669073875E-16,1.));
#4311 = ORIENTED_EDGE('',*,*,#4312,.T.);
#4312 = EDGE_CURVE('',#4304,#4313,#4315,.T.);
#4313 = VERTEX_POINT('',#4314);
#4314 = CARTESIAN_POINT('',(-0.125000733956,-4.15,-1.583330886814));
#4315 = LINE('',#4316,#4317);
#4316 = CARTESIAN_POINT('',(0.15,-4.15,-2.5));
#4317 = VECTOR('',#4318,1.);
#4318 = DIRECTION('',(-0.287347885566,-5.31700397722E-16,0.957826285221)
  );
#4319 = ORIENTED_EDGE('',*,*,#4320,.F.);
#4320 = EDGE_CURVE('',#4321,#4313,#4323,.T.);
#4321 = VERTEX_POINT('',#4322);
#4322 = CARTESIAN_POINT('',(-0.125000733956,-4.15,-1.416669113186));
#4323 = CIRCLE('',#4324,0.29);
#4324 = AXIS2_PLACEMENT_3D('',#4325,#4326,#4327);
#4325 = CARTESIAN_POINT('',(0.152768888758,-4.15,-1.5));
#4326 = DIRECTION('',(0.,-1.,-3.330669073875E-16));
#4327 = DIRECTION('',(0.,-3.330669073875E-16,1.));
#4328 = ORIENTED_EDGE('',*,*,#4329,.T.);
#4329 = EDGE_CURVE('',#4321,#4330,#4332,.T.);
#4330 = VERTEX_POINT('',#4331);
#4331 = CARTESIAN_POINT('',(0.137769622714,-4.15,-0.540767924286));
#4332 = LINE('',#4333,#4334);
#4333 = CARTESIAN_POINT('',(-0.15,-4.15,-1.5));
#4334 = VECTOR('',#4335,1.);
#4335 = DIRECTION('',(0.287347885566,-5.31700397722E-16,0.957826285221)
  );
#4336 = ORIENTED_EDGE('',*,*,#4337,.F.);
#4337 = EDGE_CURVE('',#4338,#4330,#4340,.T.);
#4338 = VERTEX_POINT('',#4339);
#4339 = CARTESIAN_POINT('',(0.15,-4.15,-0.457437037472));
#4340 = CIRCLE('',#4341,0.29);
#4341 = AXIS2_PLACEMENT_3D('',#4342,#4343,#4344);
#4342 = CARTESIAN_POINT('',(-0.14,-4.15,-0.457437037472));
#4343 = DIRECTION('',(-0.,1.,3.330669073875E-16));
#4344 = DIRECTION('',(0.,-3.330669073875E-16,1.));
#4345 = ORIENTED_EDGE('',*,*,#4346,.F.);
#4346 = EDGE_CURVE('',#3479,#4338,#4347,.T.);
#4347 = LINE('',#4348,#4349);
#4348 = CARTESIAN_POINT('',(0.15,-4.15,1.5));
#4349 = VECTOR('',#4350,1.);
#4350 = DIRECTION('',(0.,5.551115123126E-16,-1.));
#4351 = ORIENTED_EDGE('',*,*,#3478,.F.);
#4352 = ORIENTED_EDGE('',*,*,#4353,.F.);
#4353 = EDGE_CURVE('',#4354,#3471,#4356,.T.);
#4354 = VERTEX_POINT('',#4355);
#4355 = CARTESIAN_POINT('',(0.14,-4.15,1.5));
#4356 = LINE('',#4357,#4358);
#4357 = CARTESIAN_POINT('',(-0.15,-4.15,1.5));
#4358 = VECTOR('',#4359,1.);
#4359 = DIRECTION('',(1.,0.,0.));
#4360 = ORIENTED_EDGE('',*,*,#4361,.F.);
#4361 = EDGE_CURVE('',#4362,#4354,#4364,.T.);
#4362 = VERTEX_POINT('',#4363);
#4363 = CARTESIAN_POINT('',(-0.15,-4.15,1.21));
#4364 = CIRCLE('',#4365,0.29);
#4365 = AXIS2_PLACEMENT_3D('',#4366,#4367,#4368);
#4366 = CARTESIAN_POINT('',(0.14,-4.15,1.21));
#4367 = DIRECTION('',(-0.,1.,3.330669073875E-16));
#4368 = DIRECTION('',(0.,-3.330669073875E-16,1.));
#4369 = ORIENTED_EDGE('',*,*,#4370,.F.);
#4370 = EDGE_CURVE('',#4371,#4362,#4373,.T.);
#4371 = VERTEX_POINT('',#4372);
#4372 = CARTESIAN_POINT('',(-0.15,-4.15,-0.457437037472));
#4373 = LINE('',#4374,#4375);
#4374 = CARTESIAN_POINT('',(-0.15,-4.15,-0.5));
#4375 = VECTOR('',#4376,1.);
#4376 = DIRECTION('',(0.,-5.551115123126E-16,1.));
#4377 = ORIENTED_EDGE('',*,*,#4378,.F.);
#4378 = EDGE_CURVE('',#4244,#4371,#4379,.T.);
#4379 = CIRCLE('',#4380,0.29);
#4380 = AXIS2_PLACEMENT_3D('',#4381,#4382,#4383);
#4381 = CARTESIAN_POINT('',(-0.44,-4.15,-0.457437037472));
#4382 = DIRECTION('',(0.,-1.,-3.330669073875E-16));
#4383 = DIRECTION('',(0.,-3.330669073875E-16,1.));
#4384 = PLANE('',#4385);
#4385 = AXIS2_PLACEMENT_3D('',#4386,#4387,#4388);
#4386 = CARTESIAN_POINT('',(-0.15,-4.15,-0.5));
#4387 = DIRECTION('',(0.,-1.,-3.330669073875E-16));
#4388 = DIRECTION('',(0.,3.330669073875E-16,-1.));
#4389 = ADVANCED_FACE('',(#4390),#4401,.F.);
#4390 = FACE_BOUND('',#4391,.F.);
#4391 = EDGE_LOOP('',(#4392,#4393,#4399,#4400));
#4392 = ORIENTED_EDGE('',*,*,#4203,.F.);
#4393 = ORIENTED_EDGE('',*,*,#4394,.T.);
#4394 = EDGE_CURVE('',#4204,#4354,#4395,.T.);
#4395 = LINE('',#4396,#4397);
#4396 = CARTESIAN_POINT('',(0.14,-4.85,1.5));
#4397 = VECTOR('',#4398,1.);
#4398 = DIRECTION('',(0.,1.,3.330669073875E-16));
#4399 = ORIENTED_EDGE('',*,*,#4353,.T.);
#4400 = ORIENTED_EDGE('',*,*,#3470,.F.);
#4401 = PLANE('',#4402);
#4402 = AXIS2_PLACEMENT_3D('',#4403,#4404,#4405);
#4403 = CARTESIAN_POINT('',(-0.15,-4.85,1.5));
#4404 = DIRECTION('',(0.,3.330669073875E-16,-1.));
#4405 = DIRECTION('',(1.,0.,0.));
#4406 = ADVANCED_FACE('',(#4407),#4551,.F.);
#4407 = FACE_BOUND('',#4408,.F.);
#4408 = EDGE_LOOP('',(#4409,#4419,#4428,#4436,#4445,#4453,#4461,#4469,
    #4478,#4486,#4495,#4503,#4512,#4518,#4519,#4527,#4536,#4544));
#4409 = ORIENTED_EDGE('',*,*,#4410,.T.);
#4410 = EDGE_CURVE('',#4411,#4413,#4415,.T.);
#4411 = VERTEX_POINT('',#4412);
#4412 = CARTESIAN_POINT('',(6.462230377286,-4.85,-0.540767924286));
#4413 = VERTEX_POINT('',#4414);
#4414 = CARTESIAN_POINT('',(6.725000733956,-4.85,-1.416669113186));
#4415 = LINE('',#4416,#4417);
#4416 = CARTESIAN_POINT('',(6.45,-4.85,-0.5));
#4417 = VECTOR('',#4418,1.);
#4418 = DIRECTION('',(0.287347885566,5.31700397722E-16,-0.957826285221)
  );
#4419 = ORIENTED_EDGE('',*,*,#4420,.T.);
#4420 = EDGE_CURVE('',#4413,#4421,#4423,.T.);
#4421 = VERTEX_POINT('',#4422);
#4422 = CARTESIAN_POINT('',(6.725000733956,-4.85,-1.583330886814));
#4423 = CIRCLE('',#4424,0.29);
#4424 = AXIS2_PLACEMENT_3D('',#4425,#4426,#4427);
#4425 = CARTESIAN_POINT('',(6.447231111242,-4.85,-1.5));
#4426 = DIRECTION('',(-0.,1.,3.330669073875E-16));
#4427 = DIRECTION('',(0.,-3.330669073875E-16,1.));
#4428 = ORIENTED_EDGE('',*,*,#4429,.T.);
#4429 = EDGE_CURVE('',#4421,#4430,#4432,.T.);
#4430 = VERTEX_POINT('',#4431);
#4431 = CARTESIAN_POINT('',(6.462230377286,-4.85,-2.459232075714));
#4432 = LINE('',#4433,#4434);
#4433 = CARTESIAN_POINT('',(6.75,-4.85,-1.5));
#4434 = VECTOR('',#4435,1.);
#4435 = DIRECTION('',(-0.287347885566,5.31700397722E-16,-0.957826285221)
  );
#4436 = ORIENTED_EDGE('',*,*,#4437,.F.);
#4437 = EDGE_CURVE('',#4438,#4430,#4440,.T.);
#4438 = VERTEX_POINT('',#4439);
#4439 = CARTESIAN_POINT('',(6.45,-4.85,-2.542562962528));
#4440 = CIRCLE('',#4441,0.29);
#4441 = AXIS2_PLACEMENT_3D('',#4442,#4443,#4444);
#4442 = CARTESIAN_POINT('',(6.74,-4.85,-2.542562962528));
#4443 = DIRECTION('',(-0.,1.,3.330669073875E-16));
#4444 = DIRECTION('',(0.,-3.330669073875E-16,1.));
#4445 = ORIENTED_EDGE('',*,*,#4446,.F.);
#4446 = EDGE_CURVE('',#4447,#4438,#4449,.T.);
#4447 = VERTEX_POINT('',#4448);
#4448 = CARTESIAN_POINT('',(6.45,-4.85,-3.5));
#4449 = LINE('',#4450,#4451);
#4450 = CARTESIAN_POINT('',(6.45,-4.85,-3.5));
#4451 = VECTOR('',#4452,1.);
#4452 = DIRECTION('',(0.,-5.551115123126E-16,1.));
#4453 = ORIENTED_EDGE('',*,*,#4454,.F.);
#4454 = EDGE_CURVE('',#4455,#4447,#4457,.T.);
#4455 = VERTEX_POINT('',#4456);
#4456 = CARTESIAN_POINT('',(6.15,-4.85,-3.5));
#4457 = LINE('',#4458,#4459);
#4458 = CARTESIAN_POINT('',(6.15,-4.85,-3.5));
#4459 = VECTOR('',#4460,1.);
#4460 = DIRECTION('',(1.,0.,0.));
#4461 = ORIENTED_EDGE('',*,*,#4462,.F.);
#4462 = EDGE_CURVE('',#4463,#4455,#4465,.T.);
#4463 = VERTEX_POINT('',#4464);
#4464 = CARTESIAN_POINT('',(6.15,-4.85,-2.542562962528));
#4465 = LINE('',#4466,#4467);
#4466 = CARTESIAN_POINT('',(6.15,-4.85,-2.5));
#4467 = VECTOR('',#4468,1.);
#4468 = DIRECTION('',(0.,5.551115123126E-16,-1.));
#4469 = ORIENTED_EDGE('',*,*,#4470,.F.);
#4470 = EDGE_CURVE('',#4471,#4463,#4473,.T.);
#4471 = VERTEX_POINT('',#4472);
#4472 = CARTESIAN_POINT('',(6.162230377286,-4.85,-2.459232075714));
#4473 = CIRCLE('',#4474,0.29);
#4474 = AXIS2_PLACEMENT_3D('',#4475,#4476,#4477);
#4475 = CARTESIAN_POINT('',(6.44,-4.85,-2.542562962528));
#4476 = DIRECTION('',(0.,-1.,-3.330669073875E-16));
#4477 = DIRECTION('',(0.,-3.330669073875E-16,1.));
#4478 = ORIENTED_EDGE('',*,*,#4479,.T.);
#4479 = EDGE_CURVE('',#4471,#4480,#4482,.T.);
#4480 = VERTEX_POINT('',#4481);
#4481 = CARTESIAN_POINT('',(6.425000733956,-4.85,-1.583330886814));
#4482 = LINE('',#4483,#4484);
#4483 = CARTESIAN_POINT('',(6.15,-4.85,-2.5));
#4484 = VECTOR('',#4485,1.);
#4485 = DIRECTION('',(0.287347885566,-5.31700397722E-16,0.957826285221)
  );
#4486 = ORIENTED_EDGE('',*,*,#4487,.F.);
#4487 = EDGE_CURVE('',#4488,#4480,#4490,.T.);
#4488 = VERTEX_POINT('',#4489);
#4489 = CARTESIAN_POINT('',(6.425000733956,-4.85,-1.416669113186));
#4490 = CIRCLE('',#4491,0.29);
#4491 = AXIS2_PLACEMENT_3D('',#4492,#4493,#4494);
#4492 = CARTESIAN_POINT('',(6.147231111242,-4.85,-1.5));
#4493 = DIRECTION('',(-0.,1.,3.330669073875E-16));
#4494 = DIRECTION('',(0.,-3.330669073875E-16,1.));
#4495 = ORIENTED_EDGE('',*,*,#4496,.T.);
#4496 = EDGE_CURVE('',#4488,#4497,#4499,.T.);
#4497 = VERTEX_POINT('',#4498);
#4498 = CARTESIAN_POINT('',(6.162230377286,-4.85,-0.540767924286));
#4499 = LINE('',#4500,#4501);
#4500 = CARTESIAN_POINT('',(6.45,-4.85,-1.5));
#4501 = VECTOR('',#4502,1.);
#4502 = DIRECTION('',(-0.287347885566,-5.31700397722E-16,0.957826285221)
  );
#4503 = ORIENTED_EDGE('',*,*,#4504,.F.);
#4504 = EDGE_CURVE('',#4505,#4497,#4507,.T.);
#4505 = VERTEX_POINT('',#4506);
#4506 = CARTESIAN_POINT('',(6.15,-4.85,-0.457437037472));
#4507 = CIRCLE('',#4508,0.29);
#4508 = AXIS2_PLACEMENT_3D('',#4509,#4510,#4511);
#4509 = CARTESIAN_POINT('',(6.44,-4.85,-0.457437037472));
#4510 = DIRECTION('',(0.,-1.,-3.330669073875E-16));
#4511 = DIRECTION('',(0.,-3.330669073875E-16,1.));
#4512 = ORIENTED_EDGE('',*,*,#4513,.F.);
#4513 = EDGE_CURVE('',#3525,#4505,#4514,.T.);
#4514 = LINE('',#4515,#4516);
#4515 = CARTESIAN_POINT('',(6.15,-4.85,1.5));
#4516 = VECTOR('',#4517,1.);
#4517 = DIRECTION('',(0.,5.551115123126E-16,-1.));
#4518 = ORIENTED_EDGE('',*,*,#3598,.F.);
#4519 = ORIENTED_EDGE('',*,*,#4520,.F.);
#4520 = EDGE_CURVE('',#4521,#3591,#4523,.T.);
#4521 = VERTEX_POINT('',#4522);
#4522 = CARTESIAN_POINT('',(6.16,-4.85,1.5));
#4523 = LINE('',#4524,#4525);
#4524 = CARTESIAN_POINT('',(6.45,-4.85,1.5));
#4525 = VECTOR('',#4526,1.);
#4526 = DIRECTION('',(-1.,-0.,0.));
#4527 = ORIENTED_EDGE('',*,*,#4528,.F.);
#4528 = EDGE_CURVE('',#4529,#4521,#4531,.T.);
#4529 = VERTEX_POINT('',#4530);
#4530 = CARTESIAN_POINT('',(6.45,-4.85,1.21));
#4531 = CIRCLE('',#4532,0.29);
#4532 = AXIS2_PLACEMENT_3D('',#4533,#4534,#4535);
#4533 = CARTESIAN_POINT('',(6.16,-4.85,1.21));
#4534 = DIRECTION('',(0.,-1.,-3.330669073875E-16));
#4535 = DIRECTION('',(0.,-3.330669073875E-16,1.));
#4536 = ORIENTED_EDGE('',*,*,#4537,.F.);
#4537 = EDGE_CURVE('',#4538,#4529,#4540,.T.);
#4538 = VERTEX_POINT('',#4539);
#4539 = CARTESIAN_POINT('',(6.45,-4.85,-0.457437037472));
#4540 = LINE('',#4541,#4542);
#4541 = CARTESIAN_POINT('',(6.45,-4.85,-0.5));
#4542 = VECTOR('',#4543,1.);
#4543 = DIRECTION('',(0.,-5.551115123126E-16,1.));
#4544 = ORIENTED_EDGE('',*,*,#4545,.F.);
#4545 = EDGE_CURVE('',#4411,#4538,#4546,.T.);
#4546 = CIRCLE('',#4547,0.29);
#4547 = AXIS2_PLACEMENT_3D('',#4548,#4549,#4550);
#4548 = CARTESIAN_POINT('',(6.74,-4.85,-0.457437037472));
#4549 = DIRECTION('',(-0.,1.,3.330669073875E-16));
#4550 = DIRECTION('',(0.,-3.330669073875E-16,1.));
#4551 = PLANE('',#4552);
#4552 = AXIS2_PLACEMENT_3D('',#4553,#4554,#4555);
#4553 = CARTESIAN_POINT('',(6.45,-4.85,-0.5));
#4554 = DIRECTION('',(0.,1.,3.330669073875E-16));
#4555 = DIRECTION('',(0.,-3.330669073875E-16,1.));
#4556 = ADVANCED_FACE('',(#4557),#4575,.T.);
#4557 = FACE_BOUND('',#4558,.T.);
#4558 = EDGE_LOOP('',(#4559,#4560,#4568,#4574));
#4559 = ORIENTED_EDGE('',*,*,#4520,.F.);
#4560 = ORIENTED_EDGE('',*,*,#4561,.T.);
#4561 = EDGE_CURVE('',#4521,#4562,#4564,.T.);
#4562 = VERTEX_POINT('',#4563);
#4563 = CARTESIAN_POINT('',(6.16,-4.15,1.5));
#4564 = LINE('',#4565,#4566);
#4565 = CARTESIAN_POINT('',(6.16,-4.85,1.5));
#4566 = VECTOR('',#4567,1.);
#4567 = DIRECTION('',(0.,1.,3.330669073875E-16));
#4568 = ORIENTED_EDGE('',*,*,#4569,.T.);
#4569 = EDGE_CURVE('',#4562,#3583,#4570,.T.);
#4570 = LINE('',#4571,#4572);
#4571 = CARTESIAN_POINT('',(6.45,-4.15,1.5));
#4572 = VECTOR('',#4573,1.);
#4573 = DIRECTION('',(-1.,-0.,0.));
#4574 = ORIENTED_EDGE('',*,*,#3590,.F.);
#4575 = PLANE('',#4576);
#4576 = AXIS2_PLACEMENT_3D('',#4577,#4578,#4579);
#4577 = CARTESIAN_POINT('',(6.45,-4.85,1.5));
#4578 = DIRECTION('',(0.,-3.330669073875E-16,1.));
#4579 = DIRECTION('',(-1.,0.,0.));
#4580 = ADVANCED_FACE('',(#4581),#4718,.T.);
#4581 = FACE_BOUND('',#4582,.T.);
#4582 = EDGE_LOOP('',(#4583,#4593,#4602,#4610,#4619,#4627,#4635,#4643,
    #4652,#4660,#4669,#4677,#4686,#4692,#4693,#4694,#4703,#4711));
#4583 = ORIENTED_EDGE('',*,*,#4584,.T.);
#4584 = EDGE_CURVE('',#4585,#4587,#4589,.T.);
#4585 = VERTEX_POINT('',#4586);
#4586 = CARTESIAN_POINT('',(6.462230377286,-4.15,-0.540767924286));
#4587 = VERTEX_POINT('',#4588);
#4588 = CARTESIAN_POINT('',(6.725000733956,-4.15,-1.416669113186));
#4589 = LINE('',#4590,#4591);
#4590 = CARTESIAN_POINT('',(6.45,-4.15,-0.5));
#4591 = VECTOR('',#4592,1.);
#4592 = DIRECTION('',(0.287347885566,5.31700397722E-16,-0.957826285221)
  );
#4593 = ORIENTED_EDGE('',*,*,#4594,.T.);
#4594 = EDGE_CURVE('',#4587,#4595,#4597,.T.);
#4595 = VERTEX_POINT('',#4596);
#4596 = CARTESIAN_POINT('',(6.725000733956,-4.15,-1.583330886814));
#4597 = CIRCLE('',#4598,0.29);
#4598 = AXIS2_PLACEMENT_3D('',#4599,#4600,#4601);
#4599 = CARTESIAN_POINT('',(6.447231111242,-4.15,-1.5));
#4600 = DIRECTION('',(-0.,1.,3.330669073875E-16));
#4601 = DIRECTION('',(0.,-3.330669073875E-16,1.));
#4602 = ORIENTED_EDGE('',*,*,#4603,.T.);
#4603 = EDGE_CURVE('',#4595,#4604,#4606,.T.);
#4604 = VERTEX_POINT('',#4605);
#4605 = CARTESIAN_POINT('',(6.462230377286,-4.15,-2.459232075714));
#4606 = LINE('',#4607,#4608);
#4607 = CARTESIAN_POINT('',(6.75,-4.15,-1.5));
#4608 = VECTOR('',#4609,1.);
#4609 = DIRECTION('',(-0.287347885566,5.31700397722E-16,-0.957826285221)
  );
#4610 = ORIENTED_EDGE('',*,*,#4611,.F.);
#4611 = EDGE_CURVE('',#4612,#4604,#4614,.T.);
#4612 = VERTEX_POINT('',#4613);
#4613 = CARTESIAN_POINT('',(6.45,-4.15,-2.542562962528));
#4614 = CIRCLE('',#4615,0.29);
#4615 = AXIS2_PLACEMENT_3D('',#4616,#4617,#4618);
#4616 = CARTESIAN_POINT('',(6.74,-4.15,-2.542562962528));
#4617 = DIRECTION('',(-0.,1.,3.330669073875E-16));
#4618 = DIRECTION('',(0.,-3.330669073875E-16,1.));
#4619 = ORIENTED_EDGE('',*,*,#4620,.F.);
#4620 = EDGE_CURVE('',#4621,#4612,#4623,.T.);
#4621 = VERTEX_POINT('',#4622);
#4622 = CARTESIAN_POINT('',(6.45,-4.15,-3.5));
#4623 = LINE('',#4624,#4625);
#4624 = CARTESIAN_POINT('',(6.45,-4.15,-3.5));
#4625 = VECTOR('',#4626,1.);
#4626 = DIRECTION('',(0.,-5.551115123126E-16,1.));
#4627 = ORIENTED_EDGE('',*,*,#4628,.F.);
#4628 = EDGE_CURVE('',#4629,#4621,#4631,.T.);
#4629 = VERTEX_POINT('',#4630);
#4630 = CARTESIAN_POINT('',(6.15,-4.15,-3.5));
#4631 = LINE('',#4632,#4633);
#4632 = CARTESIAN_POINT('',(6.15,-4.15,-3.5));
#4633 = VECTOR('',#4634,1.);
#4634 = DIRECTION('',(1.,0.,0.));
#4635 = ORIENTED_EDGE('',*,*,#4636,.F.);
#4636 = EDGE_CURVE('',#4637,#4629,#4639,.T.);
#4637 = VERTEX_POINT('',#4638);
#4638 = CARTESIAN_POINT('',(6.15,-4.15,-2.542562962528));
#4639 = LINE('',#4640,#4641);
#4640 = CARTESIAN_POINT('',(6.15,-4.15,-2.5));
#4641 = VECTOR('',#4642,1.);
#4642 = DIRECTION('',(0.,5.551115123126E-16,-1.));
#4643 = ORIENTED_EDGE('',*,*,#4644,.F.);
#4644 = EDGE_CURVE('',#4645,#4637,#4647,.T.);
#4645 = VERTEX_POINT('',#4646);
#4646 = CARTESIAN_POINT('',(6.162230377286,-4.15,-2.459232075714));
#4647 = CIRCLE('',#4648,0.29);
#4648 = AXIS2_PLACEMENT_3D('',#4649,#4650,#4651);
#4649 = CARTESIAN_POINT('',(6.44,-4.15,-2.542562962528));
#4650 = DIRECTION('',(0.,-1.,-3.330669073875E-16));
#4651 = DIRECTION('',(0.,-3.330669073875E-16,1.));
#4652 = ORIENTED_EDGE('',*,*,#4653,.T.);
#4653 = EDGE_CURVE('',#4645,#4654,#4656,.T.);
#4654 = VERTEX_POINT('',#4655);
#4655 = CARTESIAN_POINT('',(6.425000733956,-4.15,-1.583330886814));
#4656 = LINE('',#4657,#4658);
#4657 = CARTESIAN_POINT('',(6.15,-4.15,-2.5));
#4658 = VECTOR('',#4659,1.);
#4659 = DIRECTION('',(0.287347885566,-5.31700397722E-16,0.957826285221)
  );
#4660 = ORIENTED_EDGE('',*,*,#4661,.F.);
#4661 = EDGE_CURVE('',#4662,#4654,#4664,.T.);
#4662 = VERTEX_POINT('',#4663);
#4663 = CARTESIAN_POINT('',(6.425000733956,-4.15,-1.416669113186));
#4664 = CIRCLE('',#4665,0.29);
#4665 = AXIS2_PLACEMENT_3D('',#4666,#4667,#4668);
#4666 = CARTESIAN_POINT('',(6.147231111242,-4.15,-1.5));
#4667 = DIRECTION('',(-0.,1.,3.330669073875E-16));
#4668 = DIRECTION('',(0.,-3.330669073875E-16,1.));
#4669 = ORIENTED_EDGE('',*,*,#4670,.T.);
#4670 = EDGE_CURVE('',#4662,#4671,#4673,.T.);
#4671 = VERTEX_POINT('',#4672);
#4672 = CARTESIAN_POINT('',(6.162230377286,-4.15,-0.540767924286));
#4673 = LINE('',#4674,#4675);
#4674 = CARTESIAN_POINT('',(6.45,-4.15,-1.5));
#4675 = VECTOR('',#4676,1.);
#4676 = DIRECTION('',(-0.287347885566,-5.31700397722E-16,0.957826285221)
  );
#4677 = ORIENTED_EDGE('',*,*,#4678,.F.);
#4678 = EDGE_CURVE('',#4679,#4671,#4681,.T.);
#4679 = VERTEX_POINT('',#4680);
#4680 = CARTESIAN_POINT('',(6.15,-4.15,-0.457437037472));
#4681 = CIRCLE('',#4682,0.29);
#4682 = AXIS2_PLACEMENT_3D('',#4683,#4684,#4685);
#4683 = CARTESIAN_POINT('',(6.44,-4.15,-0.457437037472));
#4684 = DIRECTION('',(0.,-1.,-3.330669073875E-16));
#4685 = DIRECTION('',(0.,-3.330669073875E-16,1.));
#4686 = ORIENTED_EDGE('',*,*,#4687,.F.);
#4687 = EDGE_CURVE('',#3575,#4679,#4688,.T.);
#4688 = LINE('',#4689,#4690);
#4689 = CARTESIAN_POINT('',(6.15,-4.15,1.5));
#4690 = VECTOR('',#4691,1.);
#4691 = DIRECTION('',(0.,5.551115123126E-16,-1.));
#4692 = ORIENTED_EDGE('',*,*,#3582,.F.);
#4693 = ORIENTED_EDGE('',*,*,#4569,.F.);
#4694 = ORIENTED_EDGE('',*,*,#4695,.F.);
#4695 = EDGE_CURVE('',#4696,#4562,#4698,.T.);
#4696 = VERTEX_POINT('',#4697);
#4697 = CARTESIAN_POINT('',(6.45,-4.15,1.21));
#4698 = CIRCLE('',#4699,0.29);
#4699 = AXIS2_PLACEMENT_3D('',#4700,#4701,#4702);
#4700 = CARTESIAN_POINT('',(6.16,-4.15,1.21));
#4701 = DIRECTION('',(0.,-1.,-3.330669073875E-16));
#4702 = DIRECTION('',(0.,-3.330669073875E-16,1.));
#4703 = ORIENTED_EDGE('',*,*,#4704,.F.);
#4704 = EDGE_CURVE('',#4705,#4696,#4707,.T.);
#4705 = VERTEX_POINT('',#4706);
#4706 = CARTESIAN_POINT('',(6.45,-4.15,-0.457437037472));
#4707 = LINE('',#4708,#4709);
#4708 = CARTESIAN_POINT('',(6.45,-4.15,-0.5));
#4709 = VECTOR('',#4710,1.);
#4710 = DIRECTION('',(0.,-5.551115123126E-16,1.));
#4711 = ORIENTED_EDGE('',*,*,#4712,.F.);
#4712 = EDGE_CURVE('',#4585,#4705,#4713,.T.);
#4713 = CIRCLE('',#4714,0.29);
#4714 = AXIS2_PLACEMENT_3D('',#4715,#4716,#4717);
#4715 = CARTESIAN_POINT('',(6.74,-4.15,-0.457437037472));
#4716 = DIRECTION('',(-0.,1.,3.330669073875E-16));
#4717 = DIRECTION('',(0.,-3.330669073875E-16,1.));
#4718 = PLANE('',#4719);
#4719 = AXIS2_PLACEMENT_3D('',#4720,#4721,#4722);
#4720 = CARTESIAN_POINT('',(6.45,-4.15,-0.5));
#4721 = DIRECTION('',(0.,1.,3.330669073875E-16));
#4722 = DIRECTION('',(0.,-3.330669073875E-16,1.));
#4723 = ADVANCED_FACE('',(#4724),#4868,.T.);
#4724 = FACE_BOUND('',#4725,.T.);
#4725 = EDGE_LOOP('',(#4726,#4736,#4745,#4753,#4762,#4770,#4778,#4786,
    #4795,#4803,#4812,#4820,#4829,#4835,#4836,#4844,#4853,#4861));
#4726 = ORIENTED_EDGE('',*,*,#4727,.T.);
#4727 = EDGE_CURVE('',#4728,#4730,#4732,.T.);
#4728 = VERTEX_POINT('',#4729);
#4729 = CARTESIAN_POINT('',(6.462230377286,0.35,-0.540767924286));
#4730 = VERTEX_POINT('',#4731);
#4731 = CARTESIAN_POINT('',(6.725000733956,0.35,-1.416669113186));
#4732 = LINE('',#4733,#4734);
#4733 = CARTESIAN_POINT('',(6.45,0.35,-0.5));
#4734 = VECTOR('',#4735,1.);
#4735 = DIRECTION('',(0.287347885566,5.31700397722E-16,-0.957826285221)
  );
#4736 = ORIENTED_EDGE('',*,*,#4737,.T.);
#4737 = EDGE_CURVE('',#4730,#4738,#4740,.T.);
#4738 = VERTEX_POINT('',#4739);
#4739 = CARTESIAN_POINT('',(6.725000733956,0.35,-1.583330886814));
#4740 = CIRCLE('',#4741,0.29);
#4741 = AXIS2_PLACEMENT_3D('',#4742,#4743,#4744);
#4742 = CARTESIAN_POINT('',(6.447231111242,0.35,-1.5));
#4743 = DIRECTION('',(-0.,1.,3.330669073875E-16));
#4744 = DIRECTION('',(0.,-3.330669073875E-16,1.));
#4745 = ORIENTED_EDGE('',*,*,#4746,.T.);
#4746 = EDGE_CURVE('',#4738,#4747,#4749,.T.);
#4747 = VERTEX_POINT('',#4748);
#4748 = CARTESIAN_POINT('',(6.462230377286,0.35,-2.459232075714));
#4749 = LINE('',#4750,#4751);
#4750 = CARTESIAN_POINT('',(6.75,0.35,-1.5));
#4751 = VECTOR('',#4752,1.);
#4752 = DIRECTION('',(-0.287347885566,5.31700397722E-16,-0.957826285221)
  );
#4753 = ORIENTED_EDGE('',*,*,#4754,.F.);
#4754 = EDGE_CURVE('',#4755,#4747,#4757,.T.);
#4755 = VERTEX_POINT('',#4756);
#4756 = CARTESIAN_POINT('',(6.45,0.35,-2.542562962528));
#4757 = CIRCLE('',#4758,0.29);
#4758 = AXIS2_PLACEMENT_3D('',#4759,#4760,#4761);
#4759 = CARTESIAN_POINT('',(6.74,0.35,-2.542562962528));
#4760 = DIRECTION('',(-0.,1.,3.330669073875E-16));
#4761 = DIRECTION('',(0.,-3.330669073875E-16,1.));
#4762 = ORIENTED_EDGE('',*,*,#4763,.F.);
#4763 = EDGE_CURVE('',#4764,#4755,#4766,.T.);
#4764 = VERTEX_POINT('',#4765);
#4765 = CARTESIAN_POINT('',(6.45,0.35,-3.5));
#4766 = LINE('',#4767,#4768);
#4767 = CARTESIAN_POINT('',(6.45,0.35,-3.5));
#4768 = VECTOR('',#4769,1.);
#4769 = DIRECTION('',(0.,-5.551115123126E-16,1.));
#4770 = ORIENTED_EDGE('',*,*,#4771,.F.);
#4771 = EDGE_CURVE('',#4772,#4764,#4774,.T.);
#4772 = VERTEX_POINT('',#4773);
#4773 = CARTESIAN_POINT('',(6.15,0.35,-3.5));
#4774 = LINE('',#4775,#4776);
#4775 = CARTESIAN_POINT('',(6.15,0.35,-3.5));
#4776 = VECTOR('',#4777,1.);
#4777 = DIRECTION('',(1.,0.,0.));
#4778 = ORIENTED_EDGE('',*,*,#4779,.F.);
#4779 = EDGE_CURVE('',#4780,#4772,#4782,.T.);
#4780 = VERTEX_POINT('',#4781);
#4781 = CARTESIAN_POINT('',(6.15,0.35,-2.542562962528));
#4782 = LINE('',#4783,#4784);
#4783 = CARTESIAN_POINT('',(6.15,0.35,-2.5));
#4784 = VECTOR('',#4785,1.);
#4785 = DIRECTION('',(0.,5.551115123126E-16,-1.));
#4786 = ORIENTED_EDGE('',*,*,#4787,.F.);
#4787 = EDGE_CURVE('',#4788,#4780,#4790,.T.);
#4788 = VERTEX_POINT('',#4789);
#4789 = CARTESIAN_POINT('',(6.162230377286,0.35,-2.459232075714));
#4790 = CIRCLE('',#4791,0.29);
#4791 = AXIS2_PLACEMENT_3D('',#4792,#4793,#4794);
#4792 = CARTESIAN_POINT('',(6.44,0.35,-2.542562962528));
#4793 = DIRECTION('',(0.,-1.,-3.330669073875E-16));
#4794 = DIRECTION('',(0.,-3.330669073875E-16,1.));
#4795 = ORIENTED_EDGE('',*,*,#4796,.T.);
#4796 = EDGE_CURVE('',#4788,#4797,#4799,.T.);
#4797 = VERTEX_POINT('',#4798);
#4798 = CARTESIAN_POINT('',(6.425000733956,0.35,-1.583330886814));
#4799 = LINE('',#4800,#4801);
#4800 = CARTESIAN_POINT('',(6.15,0.35,-2.5));
#4801 = VECTOR('',#4802,1.);
#4802 = DIRECTION('',(0.287347885566,-5.31700397722E-16,0.957826285221)
  );
#4803 = ORIENTED_EDGE('',*,*,#4804,.F.);
#4804 = EDGE_CURVE('',#4805,#4797,#4807,.T.);
#4805 = VERTEX_POINT('',#4806);
#4806 = CARTESIAN_POINT('',(6.425000733956,0.35,-1.416669113186));
#4807 = CIRCLE('',#4808,0.29);
#4808 = AXIS2_PLACEMENT_3D('',#4809,#4810,#4811);
#4809 = CARTESIAN_POINT('',(6.147231111242,0.35,-1.5));
#4810 = DIRECTION('',(-0.,1.,3.330669073875E-16));
#4811 = DIRECTION('',(0.,-3.330669073875E-16,1.));
#4812 = ORIENTED_EDGE('',*,*,#4813,.T.);
#4813 = EDGE_CURVE('',#4805,#4814,#4816,.T.);
#4814 = VERTEX_POINT('',#4815);
#4815 = CARTESIAN_POINT('',(6.162230377286,0.35,-0.540767924286));
#4816 = LINE('',#4817,#4818);
#4817 = CARTESIAN_POINT('',(6.45,0.35,-1.5));
#4818 = VECTOR('',#4819,1.);
#4819 = DIRECTION('',(-0.287347885566,-5.31700397722E-16,0.957826285221)
  );
#4820 = ORIENTED_EDGE('',*,*,#4821,.F.);
#4821 = EDGE_CURVE('',#4822,#4814,#4824,.T.);
#4822 = VERTEX_POINT('',#4823);
#4823 = CARTESIAN_POINT('',(6.15,0.35,-0.457437037472));
#4824 = CIRCLE('',#4825,0.29);
#4825 = AXIS2_PLACEMENT_3D('',#4826,#4827,#4828);
#4826 = CARTESIAN_POINT('',(6.44,0.35,-0.457437037472));
#4827 = DIRECTION('',(0.,-1.,-3.330669073875E-16));
#4828 = DIRECTION('',(0.,-3.330669073875E-16,1.));
#4829 = ORIENTED_EDGE('',*,*,#4830,.F.);
#4830 = EDGE_CURVE('',#3543,#4822,#4831,.T.);
#4831 = LINE('',#4832,#4833);
#4832 = CARTESIAN_POINT('',(6.15,0.35,1.5));
#4833 = VECTOR('',#4834,1.);
#4834 = DIRECTION('',(0.,5.551115123126E-16,-1.));
#4835 = ORIENTED_EDGE('',*,*,#3550,.F.);
#4836 = ORIENTED_EDGE('',*,*,#4837,.F.);
#4837 = EDGE_CURVE('',#4838,#3551,#4840,.T.);
#4838 = VERTEX_POINT('',#4839);
#4839 = CARTESIAN_POINT('',(6.16,0.35,1.5));
#4840 = LINE('',#4841,#4842);
#4841 = CARTESIAN_POINT('',(6.45,0.35,1.5));
#4842 = VECTOR('',#4843,1.);
#4843 = DIRECTION('',(-1.,-0.,0.));
#4844 = ORIENTED_EDGE('',*,*,#4845,.F.);
#4845 = EDGE_CURVE('',#4846,#4838,#4848,.T.);
#4846 = VERTEX_POINT('',#4847);
#4847 = CARTESIAN_POINT('',(6.45,0.35,1.21));
#4848 = CIRCLE('',#4849,0.29);
#4849 = AXIS2_PLACEMENT_3D('',#4850,#4851,#4852);
#4850 = CARTESIAN_POINT('',(6.16,0.35,1.21));
#4851 = DIRECTION('',(0.,-1.,-3.330669073875E-16));
#4852 = DIRECTION('',(0.,-3.330669073875E-16,1.));
#4853 = ORIENTED_EDGE('',*,*,#4854,.F.);
#4854 = EDGE_CURVE('',#4855,#4846,#4857,.T.);
#4855 = VERTEX_POINT('',#4856);
#4856 = CARTESIAN_POINT('',(6.45,0.35,-0.457437037472));
#4857 = LINE('',#4858,#4859);
#4858 = CARTESIAN_POINT('',(6.45,0.35,-0.5));
#4859 = VECTOR('',#4860,1.);
#4860 = DIRECTION('',(0.,-5.551115123126E-16,1.));
#4861 = ORIENTED_EDGE('',*,*,#4862,.F.);
#4862 = EDGE_CURVE('',#4728,#4855,#4863,.T.);
#4863 = CIRCLE('',#4864,0.29);
#4864 = AXIS2_PLACEMENT_3D('',#4865,#4866,#4867);
#4865 = CARTESIAN_POINT('',(6.74,0.35,-0.457437037472));
#4866 = DIRECTION('',(-0.,1.,3.330669073875E-16));
#4867 = DIRECTION('',(0.,-3.330669073875E-16,1.));
#4868 = PLANE('',#4869);
#4869 = AXIS2_PLACEMENT_3D('',#4870,#4871,#4872);
#4870 = CARTESIAN_POINT('',(6.45,0.35,-0.5));
#4871 = DIRECTION('',(1.64346021921E-31,1.,5.551115123126E-16));
#4872 = DIRECTION('',(0.,-5.551115123126E-16,1.));
#4873 = ADVANCED_FACE('',(#4874),#5018,.F.);
#4874 = FACE_BOUND('',#4875,.F.);
#4875 = EDGE_LOOP('',(#4876,#4886,#4895,#4903,#4912,#4920,#4928,#4936,
    #4945,#4953,#4962,#4970,#4979,#4985,#4986,#4994,#5003,#5011));
#4876 = ORIENTED_EDGE('',*,*,#4877,.T.);
#4877 = EDGE_CURVE('',#4878,#4880,#4882,.T.);
#4878 = VERTEX_POINT('',#4879);
#4879 = CARTESIAN_POINT('',(6.462230377286,-0.35,-0.540767924286));
#4880 = VERTEX_POINT('',#4881);
#4881 = CARTESIAN_POINT('',(6.725000733956,-0.35,-1.416669113186));
#4882 = LINE('',#4883,#4884);
#4883 = CARTESIAN_POINT('',(6.45,-0.35,-0.5));
#4884 = VECTOR('',#4885,1.);
#4885 = DIRECTION('',(0.287347885566,5.31700397722E-16,-0.957826285221)
  );
#4886 = ORIENTED_EDGE('',*,*,#4887,.T.);
#4887 = EDGE_CURVE('',#4880,#4888,#4890,.T.);
#4888 = VERTEX_POINT('',#4889);
#4889 = CARTESIAN_POINT('',(6.725000733956,-0.35,-1.583330886814));
#4890 = CIRCLE('',#4891,0.29);
#4891 = AXIS2_PLACEMENT_3D('',#4892,#4893,#4894);
#4892 = CARTESIAN_POINT('',(6.447231111242,-0.35,-1.5));
#4893 = DIRECTION('',(-0.,1.,3.330669073875E-16));
#4894 = DIRECTION('',(0.,-3.330669073875E-16,1.));
#4895 = ORIENTED_EDGE('',*,*,#4896,.T.);
#4896 = EDGE_CURVE('',#4888,#4897,#4899,.T.);
#4897 = VERTEX_POINT('',#4898);
#4898 = CARTESIAN_POINT('',(6.462230377286,-0.35,-2.459232075714));
#4899 = LINE('',#4900,#4901);
#4900 = CARTESIAN_POINT('',(6.75,-0.35,-1.5));
#4901 = VECTOR('',#4902,1.);
#4902 = DIRECTION('',(-0.287347885566,5.31700397722E-16,-0.957826285221)
  );
#4903 = ORIENTED_EDGE('',*,*,#4904,.F.);
#4904 = EDGE_CURVE('',#4905,#4897,#4907,.T.);
#4905 = VERTEX_POINT('',#4906);
#4906 = CARTESIAN_POINT('',(6.45,-0.35,-2.542562962528));
#4907 = CIRCLE('',#4908,0.29);
#4908 = AXIS2_PLACEMENT_3D('',#4909,#4910,#4911);
#4909 = CARTESIAN_POINT('',(6.74,-0.35,-2.542562962528));
#4910 = DIRECTION('',(-0.,1.,3.330669073875E-16));
#4911 = DIRECTION('',(0.,-3.330669073875E-16,1.));
#4912 = ORIENTED_EDGE('',*,*,#4913,.F.);
#4913 = EDGE_CURVE('',#4914,#4905,#4916,.T.);
#4914 = VERTEX_POINT('',#4915);
#4915 = CARTESIAN_POINT('',(6.45,-0.35,-3.5));
#4916 = LINE('',#4917,#4918);
#4917 = CARTESIAN_POINT('',(6.45,-0.35,-3.5));
#4918 = VECTOR('',#4919,1.);
#4919 = DIRECTION('',(0.,-5.551115123126E-16,1.));
#4920 = ORIENTED_EDGE('',*,*,#4921,.F.);
#4921 = EDGE_CURVE('',#4922,#4914,#4924,.T.);
#4922 = VERTEX_POINT('',#4923);
#4923 = CARTESIAN_POINT('',(6.15,-0.35,-3.5));
#4924 = LINE('',#4925,#4926);
#4925 = CARTESIAN_POINT('',(6.15,-0.35,-3.5));
#4926 = VECTOR('',#4927,1.);
#4927 = DIRECTION('',(1.,0.,0.));
#4928 = ORIENTED_EDGE('',*,*,#4929,.F.);
#4929 = EDGE_CURVE('',#4930,#4922,#4932,.T.);
#4930 = VERTEX_POINT('',#4931);
#4931 = CARTESIAN_POINT('',(6.15,-0.35,-2.542562962528));
#4932 = LINE('',#4933,#4934);
#4933 = CARTESIAN_POINT('',(6.15,-0.35,-2.5));
#4934 = VECTOR('',#4935,1.);
#4935 = DIRECTION('',(0.,5.551115123126E-16,-1.));
#4936 = ORIENTED_EDGE('',*,*,#4937,.F.);
#4937 = EDGE_CURVE('',#4938,#4930,#4940,.T.);
#4938 = VERTEX_POINT('',#4939);
#4939 = CARTESIAN_POINT('',(6.162230377286,-0.35,-2.459232075714));
#4940 = CIRCLE('',#4941,0.29);
#4941 = AXIS2_PLACEMENT_3D('',#4942,#4943,#4944);
#4942 = CARTESIAN_POINT('',(6.44,-0.35,-2.542562962528));
#4943 = DIRECTION('',(0.,-1.,-3.330669073875E-16));
#4944 = DIRECTION('',(0.,-3.330669073875E-16,1.));
#4945 = ORIENTED_EDGE('',*,*,#4946,.T.);
#4946 = EDGE_CURVE('',#4938,#4947,#4949,.T.);
#4947 = VERTEX_POINT('',#4948);
#4948 = CARTESIAN_POINT('',(6.425000733956,-0.35,-1.583330886814));
#4949 = LINE('',#4950,#4951);
#4950 = CARTESIAN_POINT('',(6.15,-0.35,-2.5));
#4951 = VECTOR('',#4952,1.);
#4952 = DIRECTION('',(0.287347885566,-5.31700397722E-16,0.957826285221)
  );
#4953 = ORIENTED_EDGE('',*,*,#4954,.F.);
#4954 = EDGE_CURVE('',#4955,#4947,#4957,.T.);
#4955 = VERTEX_POINT('',#4956);
#4956 = CARTESIAN_POINT('',(6.425000733956,-0.35,-1.416669113186));
#4957 = CIRCLE('',#4958,0.29);
#4958 = AXIS2_PLACEMENT_3D('',#4959,#4960,#4961);
#4959 = CARTESIAN_POINT('',(6.147231111242,-0.35,-1.5));
#4960 = DIRECTION('',(-0.,1.,3.330669073875E-16));
#4961 = DIRECTION('',(0.,-3.330669073875E-16,1.));
#4962 = ORIENTED_EDGE('',*,*,#4963,.T.);
#4963 = EDGE_CURVE('',#4955,#4964,#4966,.T.);
#4964 = VERTEX_POINT('',#4965);
#4965 = CARTESIAN_POINT('',(6.162230377286,-0.35,-0.540767924286));
#4966 = LINE('',#4967,#4968);
#4967 = CARTESIAN_POINT('',(6.45,-0.35,-1.5));
#4968 = VECTOR('',#4969,1.);
#4969 = DIRECTION('',(-0.287347885566,-5.31700397722E-16,0.957826285221)
  );
#4970 = ORIENTED_EDGE('',*,*,#4971,.F.);
#4971 = EDGE_CURVE('',#4972,#4964,#4974,.T.);
#4972 = VERTEX_POINT('',#4973);
#4973 = CARTESIAN_POINT('',(6.15,-0.35,-0.457437037472));
#4974 = CIRCLE('',#4975,0.29);
#4975 = AXIS2_PLACEMENT_3D('',#4976,#4977,#4978);
#4976 = CARTESIAN_POINT('',(6.44,-0.35,-0.457437037472));
#4977 = DIRECTION('',(0.,-1.,-3.330669073875E-16));
#4978 = DIRECTION('',(0.,-3.330669073875E-16,1.));
#4979 = ORIENTED_EDGE('',*,*,#4980,.F.);
#4980 = EDGE_CURVE('',#3567,#4972,#4981,.T.);
#4981 = LINE('',#4982,#4983);
#4982 = CARTESIAN_POINT('',(6.15,-0.35,1.5));
#4983 = VECTOR('',#4984,1.);
#4984 = DIRECTION('',(0.,5.551115123126E-16,-1.));
#4985 = ORIENTED_EDGE('',*,*,#3566,.F.);
#4986 = ORIENTED_EDGE('',*,*,#4987,.F.);
#4987 = EDGE_CURVE('',#4988,#3559,#4990,.T.);
#4988 = VERTEX_POINT('',#4989);
#4989 = CARTESIAN_POINT('',(6.16,-0.35,1.5));
#4990 = LINE('',#4991,#4992);
#4991 = CARTESIAN_POINT('',(6.45,-0.35,1.5));
#4992 = VECTOR('',#4993,1.);
#4993 = DIRECTION('',(-1.,-0.,0.));
#4994 = ORIENTED_EDGE('',*,*,#4995,.F.);
#4995 = EDGE_CURVE('',#4996,#4988,#4998,.T.);
#4996 = VERTEX_POINT('',#4997);
#4997 = CARTESIAN_POINT('',(6.45,-0.35,1.21));
#4998 = CIRCLE('',#4999,0.29);
#4999 = AXIS2_PLACEMENT_3D('',#5000,#5001,#5002);
#5000 = CARTESIAN_POINT('',(6.16,-0.35,1.21));
#5001 = DIRECTION('',(0.,-1.,-3.330669073875E-16));
#5002 = DIRECTION('',(0.,-3.330669073875E-16,1.));
#5003 = ORIENTED_EDGE('',*,*,#5004,.F.);
#5004 = EDGE_CURVE('',#5005,#4996,#5007,.T.);
#5005 = VERTEX_POINT('',#5006);
#5006 = CARTESIAN_POINT('',(6.45,-0.35,-0.457437037472));
#5007 = LINE('',#5008,#5009);
#5008 = CARTESIAN_POINT('',(6.45,-0.35,-0.5));
#5009 = VECTOR('',#5010,1.);
#5010 = DIRECTION('',(0.,-5.551115123126E-16,1.));
#5011 = ORIENTED_EDGE('',*,*,#5012,.F.);
#5012 = EDGE_CURVE('',#4878,#5005,#5013,.T.);
#5013 = CIRCLE('',#5014,0.29);
#5014 = AXIS2_PLACEMENT_3D('',#5015,#5016,#5017);
#5015 = CARTESIAN_POINT('',(6.74,-0.35,-0.457437037472));
#5016 = DIRECTION('',(-0.,1.,3.330669073875E-16));
#5017 = DIRECTION('',(0.,-3.330669073875E-16,1.));
#5018 = PLANE('',#5019);
#5019 = AXIS2_PLACEMENT_3D('',#5020,#5021,#5022);
#5020 = CARTESIAN_POINT('',(6.45,-0.35,-0.5));
#5021 = DIRECTION('',(1.64346021921E-31,1.,5.551115123126E-16));
#5022 = DIRECTION('',(0.,-5.551115123126E-16,1.));
#5023 = ADVANCED_FACE('',(#5024),#5035,.T.);
#5024 = FACE_BOUND('',#5025,.T.);
#5025 = EDGE_LOOP('',(#5026,#5027,#5033,#5034));
#5026 = ORIENTED_EDGE('',*,*,#4987,.F.);
#5027 = ORIENTED_EDGE('',*,*,#5028,.T.);
#5028 = EDGE_CURVE('',#4988,#4838,#5029,.T.);
#5029 = LINE('',#5030,#5031);
#5030 = CARTESIAN_POINT('',(6.16,-0.35,1.5));
#5031 = VECTOR('',#5032,1.);
#5032 = DIRECTION('',(0.,1.,3.330669073875E-16));
#5033 = ORIENTED_EDGE('',*,*,#4837,.T.);
#5034 = ORIENTED_EDGE('',*,*,#3558,.F.);
#5035 = PLANE('',#5036);
#5036 = AXIS2_PLACEMENT_3D('',#5037,#5038,#5039);
#5037 = CARTESIAN_POINT('',(6.45,-0.35,1.5));
#5038 = DIRECTION('',(0.,-3.330669073875E-16,1.));
#5039 = DIRECTION('',(-1.,0.,0.));
#5040 = ADVANCED_FACE('',(#5041),#5044,.F.);
#5041 = FACE_BOUND('',#5042,.F.);
#5042 = EDGE_LOOP('',(#5043));
#5043 = ORIENTED_EDGE('',*,*,#3698,.F.);
#5044 = PLANE('',#5045);
#5045 = AXIS2_PLACEMENT_3D('',#5046,#5047,#5048);
#5046 = CARTESIAN_POINT('',(4.9,-2.25,4.3));
#5047 = DIRECTION('',(0.,0.,-1.));
#5048 = DIRECTION('',(-1.,0.,0.));
#5049 = ADVANCED_FACE('',(#5050),#5061,.F.);
#5050 = FACE_BOUND('',#5051,.F.);
#5051 = EDGE_LOOP('',(#5052,#5053,#5054,#5055));
#5052 = ORIENTED_EDGE('',*,*,#4196,.F.);
#5053 = ORIENTED_EDGE('',*,*,#3735,.F.);
#5054 = ORIENTED_EDGE('',*,*,#4346,.T.);
#5055 = ORIENTED_EDGE('',*,*,#5056,.F.);
#5056 = EDGE_CURVE('',#4188,#4338,#5057,.T.);
#5057 = LINE('',#5058,#5059);
#5058 = CARTESIAN_POINT('',(0.15,-4.85,-0.457437037472));
#5059 = VECTOR('',#5060,1.);
#5060 = DIRECTION('',(0.,1.,3.330669073875E-16));
#5061 = PLANE('',#5062);
#5062 = AXIS2_PLACEMENT_3D('',#5063,#5064,#5065);
#5063 = CARTESIAN_POINT('',(0.15,-4.85,1.5));
#5064 = DIRECTION('',(-1.,0.,-0.));
#5065 = DIRECTION('',(0.,5.551115123126E-16,-1.));
#5066 = ADVANCED_FACE('',(#5067),#5078,.T.);
#5067 = FACE_BOUND('',#5068,.T.);
#5068 = EDGE_LOOP('',(#5069,#5070,#5071,#5072));
#5069 = ORIENTED_EDGE('',*,*,#4513,.F.);
#5070 = ORIENTED_EDGE('',*,*,#3760,.T.);
#5071 = ORIENTED_EDGE('',*,*,#4687,.T.);
#5072 = ORIENTED_EDGE('',*,*,#5073,.F.);
#5073 = EDGE_CURVE('',#4505,#4679,#5074,.T.);
#5074 = LINE('',#5075,#5076);
#5075 = CARTESIAN_POINT('',(6.15,-4.85,-0.457437037472));
#5076 = VECTOR('',#5077,1.);
#5077 = DIRECTION('',(0.,1.,3.330669073875E-16));
#5078 = PLANE('',#5079);
#5079 = AXIS2_PLACEMENT_3D('',#5080,#5081,#5082);
#5080 = CARTESIAN_POINT('',(6.15,-4.85,1.5));
#5081 = DIRECTION('',(-1.,0.,-0.));
#5082 = DIRECTION('',(0.,5.551115123126E-16,-1.));
#5083 = ADVANCED_FACE('',(#5084),#5095,.F.);
#5084 = FACE_BOUND('',#5085,.F.);
#5085 = EDGE_LOOP('',(#5086,#5087,#5088,#5089));
#5086 = ORIENTED_EDGE('',*,*,#4053,.F.);
#5087 = ORIENTED_EDGE('',*,*,#3742,.F.);
#5088 = ORIENTED_EDGE('',*,*,#3879,.T.);
#5089 = ORIENTED_EDGE('',*,*,#5090,.F.);
#5090 = EDGE_CURVE('',#4045,#3871,#5091,.T.);
#5091 = LINE('',#5092,#5093);
#5092 = CARTESIAN_POINT('',(0.15,-0.35,-0.457437037472));
#5093 = VECTOR('',#5094,1.);
#5094 = DIRECTION('',(0.,1.,3.330669073875E-16));
#5095 = PLANE('',#5096);
#5096 = AXIS2_PLACEMENT_3D('',#5097,#5098,#5099);
#5097 = CARTESIAN_POINT('',(0.15,-0.35,1.5));
#5098 = DIRECTION('',(-1.,0.,-0.));
#5099 = DIRECTION('',(0.,5.551115123126E-16,-1.));
#5100 = ADVANCED_FACE('',(#5101),#5112,.T.);
#5101 = FACE_BOUND('',#5102,.T.);
#5102 = EDGE_LOOP('',(#5103,#5104,#5105,#5106));
#5103 = ORIENTED_EDGE('',*,*,#4980,.F.);
#5104 = ORIENTED_EDGE('',*,*,#3753,.T.);
#5105 = ORIENTED_EDGE('',*,*,#4830,.T.);
#5106 = ORIENTED_EDGE('',*,*,#5107,.F.);
#5107 = EDGE_CURVE('',#4972,#4822,#5108,.T.);
#5108 = LINE('',#5109,#5110);
#5109 = CARTESIAN_POINT('',(6.15,-0.35,-0.457437037472));
#5110 = VECTOR('',#5111,1.);
#5111 = DIRECTION('',(0.,1.,3.330669073875E-16));
#5112 = PLANE('',#5113);
#5113 = AXIS2_PLACEMENT_3D('',#5114,#5115,#5116);
#5114 = CARTESIAN_POINT('',(6.15,-0.35,1.5));
#5115 = DIRECTION('',(-1.,0.,-0.));
#5116 = DIRECTION('',(0.,5.551115123126E-16,-1.));
#5117 = ADVANCED_FACE('',(#5118),#5134,.T.);
#5118 = FACE_BOUND('',#5119,.T.);
#5119 = EDGE_LOOP('',(#5120,#5121,#5127,#5128));
#5120 = ORIENTED_EDGE('',*,*,#3950,.F.);
#5121 = ORIENTED_EDGE('',*,*,#5122,.T.);
#5122 = EDGE_CURVE('',#3951,#3777,#5123,.T.);
#5123 = LINE('',#5124,#5125);
#5124 = CARTESIAN_POINT('',(-0.162230377286,-0.35,-0.540767924286));
#5125 = VECTOR('',#5126,1.);
#5126 = DIRECTION('',(0.,1.,3.330669073875E-16));
#5127 = ORIENTED_EDGE('',*,*,#3776,.T.);
#5128 = ORIENTED_EDGE('',*,*,#5129,.F.);
#5129 = EDGE_CURVE('',#3953,#3779,#5130,.T.);
#5130 = LINE('',#5131,#5132);
#5131 = CARTESIAN_POINT('',(-0.425000733956,-0.35,-1.416669113186));
#5132 = VECTOR('',#5133,1.);
#5133 = DIRECTION('',(0.,1.,3.330669073875E-16));
#5134 = PLANE('',#5135);
#5135 = AXIS2_PLACEMENT_3D('',#5136,#5137,#5138);
#5136 = CARTESIAN_POINT('',(-0.15,-0.35,-0.5));
#5137 = DIRECTION('',(-0.957826285221,-9.570607158995E-17,0.287347885566
    ));
#5138 = DIRECTION('',(-0.287347885566,5.31700397722E-16,-0.957826285221)
  );
#5139 = ADVANCED_FACE('',(#5140),#5151,.F.);
#5140 = FACE_BOUND('',#5141,.F.);
#5141 = EDGE_LOOP('',(#5142,#5143,#5144,#5150));
#5142 = ORIENTED_EDGE('',*,*,#5122,.T.);
#5143 = ORIENTED_EDGE('',*,*,#3911,.T.);
#5144 = ORIENTED_EDGE('',*,*,#5145,.F.);
#5145 = EDGE_CURVE('',#4071,#3904,#5146,.T.);
#5146 = LINE('',#5147,#5148);
#5147 = CARTESIAN_POINT('',(-0.15,-0.35,-0.457437037472));
#5148 = VECTOR('',#5149,1.);
#5149 = DIRECTION('',(0.,1.,3.330669073875E-16));
#5150 = ORIENTED_EDGE('',*,*,#4078,.F.);
#5151 = CYLINDRICAL_SURFACE('',#5152,0.29);
#5152 = AXIS2_PLACEMENT_3D('',#5153,#5154,#5155);
#5153 = CARTESIAN_POINT('',(-0.44,-0.35,-0.457437037472));
#5154 = DIRECTION('',(0.,1.,3.330669073875E-16));
#5155 = DIRECTION('',(0.957826285221,9.570607158983E-17,-0.287347885566)
  );
#5156 = ADVANCED_FACE('',(#5157),#5168,.T.);
#5157 = FACE_BOUND('',#5158,.T.);
#5158 = EDGE_LOOP('',(#5159,#5160,#5161,#5167));
#5159 = ORIENTED_EDGE('',*,*,#5129,.T.);
#5160 = ORIENTED_EDGE('',*,*,#3786,.T.);
#5161 = ORIENTED_EDGE('',*,*,#5162,.F.);
#5162 = EDGE_CURVE('',#3961,#3787,#5163,.T.);
#5163 = LINE('',#5164,#5165);
#5164 = CARTESIAN_POINT('',(-0.425000733956,-0.35,-1.583330886814));
#5165 = VECTOR('',#5166,1.);
#5166 = DIRECTION('',(0.,1.,3.330669073875E-16));
#5167 = ORIENTED_EDGE('',*,*,#3960,.F.);
#5168 = CYLINDRICAL_SURFACE('',#5169,0.29);
#5169 = AXIS2_PLACEMENT_3D('',#5170,#5171,#5172);
#5170 = CARTESIAN_POINT('',(-0.147231111242,-0.35,-1.5));
#5171 = DIRECTION('',(0.,1.,3.330669073875E-16));
#5172 = DIRECTION('',(-0.957826285221,-9.570607158983E-17,0.287347885566
    ));
#5173 = ADVANCED_FACE('',(#5174),#5185,.F.);
#5174 = FACE_BOUND('',#5175,.F.);
#5175 = EDGE_LOOP('',(#5176,#5177,#5178,#5179));
#5176 = ORIENTED_EDGE('',*,*,#4070,.F.);
#5177 = ORIENTED_EDGE('',*,*,#5145,.T.);
#5178 = ORIENTED_EDGE('',*,*,#3903,.T.);
#5179 = ORIENTED_EDGE('',*,*,#5180,.F.);
#5180 = EDGE_CURVE('',#4062,#3895,#5181,.T.);
#5181 = LINE('',#5182,#5183);
#5182 = CARTESIAN_POINT('',(-0.15,-0.35,1.21));
#5183 = VECTOR('',#5184,1.);
#5184 = DIRECTION('',(0.,1.,3.330669073875E-16));
#5185 = PLANE('',#5186);
#5186 = AXIS2_PLACEMENT_3D('',#5187,#5188,#5189);
#5187 = CARTESIAN_POINT('',(-0.15,-0.35,-0.5));
#5188 = DIRECTION('',(1.,0.,0.));
#5189 = DIRECTION('',(0.,-5.551115123126E-16,1.));
#5190 = ADVANCED_FACE('',(#5191),#5202,.T.);
#5191 = FACE_BOUND('',#5192,.T.);
#5192 = EDGE_LOOP('',(#5193,#5194,#5195,#5196));
#5193 = ORIENTED_EDGE('',*,*,#3969,.F.);
#5194 = ORIENTED_EDGE('',*,*,#5162,.T.);
#5195 = ORIENTED_EDGE('',*,*,#3795,.T.);
#5196 = ORIENTED_EDGE('',*,*,#5197,.F.);
#5197 = EDGE_CURVE('',#3970,#3796,#5198,.T.);
#5198 = LINE('',#5199,#5200);
#5199 = CARTESIAN_POINT('',(-0.162230377286,-0.35,-2.459232075714));
#5200 = VECTOR('',#5201,1.);
#5201 = DIRECTION('',(0.,1.,3.330669073875E-16));
#5202 = PLANE('',#5203);
#5203 = AXIS2_PLACEMENT_3D('',#5204,#5205,#5206);
#5204 = CARTESIAN_POINT('',(-0.45,-0.35,-1.5));
#5205 = DIRECTION('',(-0.957826285221,9.570607158995E-17,-0.287347885566
    ));
#5206 = DIRECTION('',(0.287347885566,5.31700397722E-16,-0.957826285221)
  );
#5207 = ADVANCED_FACE('',(#5208),#5214,.T.);
#5208 = FACE_BOUND('',#5209,.T.);
#5209 = EDGE_LOOP('',(#5210,#5211,#5212,#5213));
#5210 = ORIENTED_EDGE('',*,*,#4061,.T.);
#5211 = ORIENTED_EDGE('',*,*,#3934,.T.);
#5212 = ORIENTED_EDGE('',*,*,#3894,.F.);
#5213 = ORIENTED_EDGE('',*,*,#5180,.F.);
#5214 = CYLINDRICAL_SURFACE('',#5215,0.29);
#5215 = AXIS2_PLACEMENT_3D('',#5216,#5217,#5218);
#5216 = CARTESIAN_POINT('',(0.14,-0.35,1.21));
#5217 = DIRECTION('',(0.,1.,3.330669073875E-16));
#5218 = DIRECTION('',(-1.,0.,0.));
#5219 = ADVANCED_FACE('',(#5220),#5231,.F.);
#5220 = FACE_BOUND('',#5221,.F.);
#5221 = EDGE_LOOP('',(#5222,#5228,#5229,#5230));
#5222 = ORIENTED_EDGE('',*,*,#5223,.T.);
#5223 = EDGE_CURVE('',#3978,#3804,#5224,.T.);
#5224 = LINE('',#5225,#5226);
#5225 = CARTESIAN_POINT('',(-0.15,-0.35,-2.542562962528));
#5226 = VECTOR('',#5227,1.);
#5227 = DIRECTION('',(0.,1.,3.330669073875E-16));
#5228 = ORIENTED_EDGE('',*,*,#3803,.T.);
#5229 = ORIENTED_EDGE('',*,*,#5197,.F.);
#5230 = ORIENTED_EDGE('',*,*,#3977,.F.);
#5231 = CYLINDRICAL_SURFACE('',#5232,0.29);
#5232 = AXIS2_PLACEMENT_3D('',#5233,#5234,#5235);
#5233 = CARTESIAN_POINT('',(-0.44,-0.35,-2.542562962528));
#5234 = DIRECTION('',(0.,1.,3.330669073875E-16));
#5235 = DIRECTION('',(1.,0.,-0.));
#5236 = ADVANCED_FACE('',(#5237),#5248,.F.);
#5237 = FACE_BOUND('',#5238,.F.);
#5238 = EDGE_LOOP('',(#5239,#5240,#5246,#5247));
#5239 = ORIENTED_EDGE('',*,*,#3986,.F.);
#5240 = ORIENTED_EDGE('',*,*,#5241,.T.);
#5241 = EDGE_CURVE('',#3987,#3813,#5242,.T.);
#5242 = LINE('',#5243,#5244);
#5243 = CARTESIAN_POINT('',(-0.15,-0.35,-3.5));
#5244 = VECTOR('',#5245,1.);
#5245 = DIRECTION('',(0.,1.,3.330669073875E-16));
#5246 = ORIENTED_EDGE('',*,*,#3812,.T.);
#5247 = ORIENTED_EDGE('',*,*,#5223,.F.);
#5248 = PLANE('',#5249);
#5249 = AXIS2_PLACEMENT_3D('',#5250,#5251,#5252);
#5250 = CARTESIAN_POINT('',(-0.15,-0.35,-3.5));
#5251 = DIRECTION('',(1.,0.,0.));
#5252 = DIRECTION('',(0.,-5.551115123126E-16,1.));
#5253 = ADVANCED_FACE('',(#5254),#5265,.F.);
#5254 = FACE_BOUND('',#5255,.F.);
#5255 = EDGE_LOOP('',(#5256,#5262,#5263,#5264));
#5256 = ORIENTED_EDGE('',*,*,#5257,.T.);
#5257 = EDGE_CURVE('',#3995,#3821,#5258,.T.);
#5258 = LINE('',#5259,#5260);
#5259 = CARTESIAN_POINT('',(0.15,-0.35,-3.5));
#5260 = VECTOR('',#5261,1.);
#5261 = DIRECTION('',(0.,1.,3.330669073875E-16));
#5262 = ORIENTED_EDGE('',*,*,#3820,.T.);
#5263 = ORIENTED_EDGE('',*,*,#5241,.F.);
#5264 = ORIENTED_EDGE('',*,*,#3994,.F.);
#5265 = PLANE('',#5266);
#5266 = AXIS2_PLACEMENT_3D('',#5267,#5268,#5269);
#5267 = CARTESIAN_POINT('',(0.15,-0.35,-3.5));
#5268 = DIRECTION('',(0.,-3.330669073875E-16,1.));
#5269 = DIRECTION('',(-1.,0.,0.));
#5270 = ADVANCED_FACE('',(#5271),#5282,.F.);
#5271 = FACE_BOUND('',#5272,.F.);
#5272 = EDGE_LOOP('',(#5273,#5274,#5280,#5281));
#5273 = ORIENTED_EDGE('',*,*,#4002,.F.);
#5274 = ORIENTED_EDGE('',*,*,#5275,.T.);
#5275 = EDGE_CURVE('',#4003,#3829,#5276,.T.);
#5276 = LINE('',#5277,#5278);
#5277 = CARTESIAN_POINT('',(0.15,-0.35,-2.542562962528));
#5278 = VECTOR('',#5279,1.);
#5279 = DIRECTION('',(0.,1.,3.330669073875E-16));
#5280 = ORIENTED_EDGE('',*,*,#3828,.T.);
#5281 = ORIENTED_EDGE('',*,*,#5257,.F.);
#5282 = PLANE('',#5283);
#5283 = AXIS2_PLACEMENT_3D('',#5284,#5285,#5286);
#5284 = CARTESIAN_POINT('',(0.15,-0.35,-2.5));
#5285 = DIRECTION('',(-1.,0.,-0.));
#5286 = DIRECTION('',(0.,5.551115123126E-16,-1.));
#5287 = ADVANCED_FACE('',(#5288),#5299,.T.);
#5288 = FACE_BOUND('',#5289,.T.);
#5289 = EDGE_LOOP('',(#5290,#5291,#5297,#5298));
#5290 = ORIENTED_EDGE('',*,*,#4044,.T.);
#5291 = ORIENTED_EDGE('',*,*,#5292,.T.);
#5292 = EDGE_CURVE('',#4037,#3863,#5293,.T.);
#5293 = LINE('',#5294,#5295);
#5294 = CARTESIAN_POINT('',(0.137769622714,-0.35,-0.540767924286));
#5295 = VECTOR('',#5296,1.);
#5296 = DIRECTION('',(0.,1.,3.330669073875E-16));
#5297 = ORIENTED_EDGE('',*,*,#3870,.F.);
#5298 = ORIENTED_EDGE('',*,*,#5090,.F.);
#5299 = CYLINDRICAL_SURFACE('',#5300,0.29);
#5300 = AXIS2_PLACEMENT_3D('',#5301,#5302,#5303);
#5301 = CARTESIAN_POINT('',(-0.14,-0.35,-0.457437037472));
#5302 = DIRECTION('',(0.,1.,3.330669073875E-16));
#5303 = DIRECTION('',(1.,0.,-0.));
#5304 = ADVANCED_FACE('',(#5305),#5316,.T.);
#5305 = FACE_BOUND('',#5306,.T.);
#5306 = EDGE_LOOP('',(#5307,#5308,#5309,#5310));
#5307 = ORIENTED_EDGE('',*,*,#4010,.T.);
#5308 = ORIENTED_EDGE('',*,*,#5275,.T.);
#5309 = ORIENTED_EDGE('',*,*,#3836,.F.);
#5310 = ORIENTED_EDGE('',*,*,#5311,.F.);
#5311 = EDGE_CURVE('',#4011,#3837,#5312,.T.);
#5312 = LINE('',#5313,#5314);
#5313 = CARTESIAN_POINT('',(0.137769622714,-0.35,-2.459232075714));
#5314 = VECTOR('',#5315,1.);
#5315 = DIRECTION('',(0.,1.,3.330669073875E-16));
#5316 = CYLINDRICAL_SURFACE('',#5317,0.29);
#5317 = AXIS2_PLACEMENT_3D('',#5318,#5319,#5320);
#5318 = CARTESIAN_POINT('',(-0.14,-0.35,-2.542562962528));
#5319 = DIRECTION('',(0.,1.,3.330669073875E-16));
#5320 = DIRECTION('',(0.957826285221,-9.570607158983E-17,0.287347885566)
  );
#5321 = ADVANCED_FACE('',(#5322),#5333,.T.);
#5322 = FACE_BOUND('',#5323,.T.);
#5323 = EDGE_LOOP('',(#5324,#5325,#5331,#5332));
#5324 = ORIENTED_EDGE('',*,*,#4036,.F.);
#5325 = ORIENTED_EDGE('',*,*,#5326,.T.);
#5326 = EDGE_CURVE('',#4028,#3854,#5327,.T.);
#5327 = LINE('',#5328,#5329);
#5328 = CARTESIAN_POINT('',(-0.125000733956,-0.35,-1.416669113186));
#5329 = VECTOR('',#5330,1.);
#5330 = DIRECTION('',(0.,1.,3.330669073875E-16));
#5331 = ORIENTED_EDGE('',*,*,#3862,.T.);
#5332 = ORIENTED_EDGE('',*,*,#5292,.F.);
#5333 = PLANE('',#5334);
#5334 = AXIS2_PLACEMENT_3D('',#5335,#5336,#5337);
#5335 = CARTESIAN_POINT('',(-0.15,-0.35,-1.5));
#5336 = DIRECTION('',(0.957826285221,9.570607158995E-17,-0.287347885566)
  );
#5337 = DIRECTION('',(0.287347885566,-5.31700397722E-16,0.957826285221)
  );
#5338 = ADVANCED_FACE('',(#5339),#5350,.T.);
#5339 = FACE_BOUND('',#5340,.T.);
#5340 = EDGE_LOOP('',(#5341,#5342,#5343,#5344));
#5341 = ORIENTED_EDGE('',*,*,#4019,.F.);
#5342 = ORIENTED_EDGE('',*,*,#5311,.T.);
#5343 = ORIENTED_EDGE('',*,*,#3845,.T.);
#5344 = ORIENTED_EDGE('',*,*,#5345,.F.);
#5345 = EDGE_CURVE('',#4020,#3846,#5346,.T.);
#5346 = LINE('',#5347,#5348);
#5347 = CARTESIAN_POINT('',(-0.125000733956,-0.35,-1.583330886814));
#5348 = VECTOR('',#5349,1.);
#5349 = DIRECTION('',(0.,1.,3.330669073875E-16));
#5350 = PLANE('',#5351);
#5351 = AXIS2_PLACEMENT_3D('',#5352,#5353,#5354);
#5352 = CARTESIAN_POINT('',(0.15,-0.35,-2.5));
#5353 = DIRECTION('',(0.957826285221,-9.570607158995E-17,0.287347885566)
  );
#5354 = DIRECTION('',(-0.287347885566,-5.31700397722E-16,0.957826285221)
  );
#5355 = ADVANCED_FACE('',(#5356),#5362,.F.);
#5356 = FACE_BOUND('',#5357,.F.);
#5357 = EDGE_LOOP('',(#5358,#5359,#5360,#5361));
#5358 = ORIENTED_EDGE('',*,*,#5326,.T.);
#5359 = ORIENTED_EDGE('',*,*,#3853,.T.);
#5360 = ORIENTED_EDGE('',*,*,#5345,.F.);
#5361 = ORIENTED_EDGE('',*,*,#4027,.F.);
#5362 = CYLINDRICAL_SURFACE('',#5363,0.29);
#5363 = AXIS2_PLACEMENT_3D('',#5364,#5365,#5366);
#5364 = CARTESIAN_POINT('',(0.152768888758,-0.35,-1.5));
#5365 = DIRECTION('',(0.,1.,3.330669073875E-16));
#5366 = DIRECTION('',(-0.957826285221,-9.570607158983E-17,0.287347885566
    ));
#5367 = ADVANCED_FACE('',(#5368),#5384,.T.);
#5368 = FACE_BOUND('',#5369,.T.);
#5369 = EDGE_LOOP('',(#5370,#5371,#5377,#5378));
#5370 = ORIENTED_EDGE('',*,*,#4093,.F.);
#5371 = ORIENTED_EDGE('',*,*,#5372,.T.);
#5372 = EDGE_CURVE('',#4094,#4244,#5373,.T.);
#5373 = LINE('',#5374,#5375);
#5374 = CARTESIAN_POINT('',(-0.162230377286,-4.85,-0.540767924286));
#5375 = VECTOR('',#5376,1.);
#5376 = DIRECTION('',(0.,1.,3.330669073875E-16));
#5377 = ORIENTED_EDGE('',*,*,#4243,.T.);
#5378 = ORIENTED_EDGE('',*,*,#5379,.F.);
#5379 = EDGE_CURVE('',#4096,#4246,#5380,.T.);
#5380 = LINE('',#5381,#5382);
#5381 = CARTESIAN_POINT('',(-0.425000733956,-4.85,-1.416669113186));
#5382 = VECTOR('',#5383,1.);
#5383 = DIRECTION('',(0.,1.,3.330669073875E-16));
#5384 = PLANE('',#5385);
#5385 = AXIS2_PLACEMENT_3D('',#5386,#5387,#5388);
#5386 = CARTESIAN_POINT('',(-0.15,-4.85,-0.5));
#5387 = DIRECTION('',(-0.957826285221,-9.570607158995E-17,0.287347885566
    ));
#5388 = DIRECTION('',(-0.287347885566,5.31700397722E-16,-0.957826285221)
  );
#5389 = ADVANCED_FACE('',(#5390),#5401,.F.);
#5390 = FACE_BOUND('',#5391,.F.);
#5391 = EDGE_LOOP('',(#5392,#5393,#5394,#5400));
#5392 = ORIENTED_EDGE('',*,*,#5372,.T.);
#5393 = ORIENTED_EDGE('',*,*,#4378,.T.);
#5394 = ORIENTED_EDGE('',*,*,#5395,.F.);
#5395 = EDGE_CURVE('',#4221,#4371,#5396,.T.);
#5396 = LINE('',#5397,#5398);
#5397 = CARTESIAN_POINT('',(-0.15,-4.85,-0.457437037472));
#5398 = VECTOR('',#5399,1.);
#5399 = DIRECTION('',(0.,1.,3.330669073875E-16));
#5400 = ORIENTED_EDGE('',*,*,#4228,.F.);
#5401 = CYLINDRICAL_SURFACE('',#5402,0.29);
#5402 = AXIS2_PLACEMENT_3D('',#5403,#5404,#5405);
#5403 = CARTESIAN_POINT('',(-0.44,-4.85,-0.457437037472));
#5404 = DIRECTION('',(0.,1.,3.330669073875E-16));
#5405 = DIRECTION('',(0.957826285221,9.570607158983E-17,-0.287347885566)
  );
#5406 = ADVANCED_FACE('',(#5407),#5418,.T.);
#5407 = FACE_BOUND('',#5408,.T.);
#5408 = EDGE_LOOP('',(#5409,#5410,#5411,#5417));
#5409 = ORIENTED_EDGE('',*,*,#5379,.T.);
#5410 = ORIENTED_EDGE('',*,*,#4253,.T.);
#5411 = ORIENTED_EDGE('',*,*,#5412,.F.);
#5412 = EDGE_CURVE('',#4104,#4254,#5413,.T.);
#5413 = LINE('',#5414,#5415);
#5414 = CARTESIAN_POINT('',(-0.425000733956,-4.85,-1.583330886814));
#5415 = VECTOR('',#5416,1.);
#5416 = DIRECTION('',(0.,1.,3.330669073875E-16));
#5417 = ORIENTED_EDGE('',*,*,#4103,.F.);
#5418 = CYLINDRICAL_SURFACE('',#5419,0.29);
#5419 = AXIS2_PLACEMENT_3D('',#5420,#5421,#5422);
#5420 = CARTESIAN_POINT('',(-0.147231111242,-4.85,-1.5));
#5421 = DIRECTION('',(0.,1.,3.330669073875E-16));
#5422 = DIRECTION('',(-0.957826285221,-9.570607158983E-17,0.287347885566
    ));
#5423 = ADVANCED_FACE('',(#5424),#5435,.F.);
#5424 = FACE_BOUND('',#5425,.F.);
#5425 = EDGE_LOOP('',(#5426,#5427,#5428,#5429));
#5426 = ORIENTED_EDGE('',*,*,#4220,.F.);
#5427 = ORIENTED_EDGE('',*,*,#5395,.T.);
#5428 = ORIENTED_EDGE('',*,*,#4370,.T.);
#5429 = ORIENTED_EDGE('',*,*,#5430,.F.);
#5430 = EDGE_CURVE('',#4212,#4362,#5431,.T.);
#5431 = LINE('',#5432,#5433);
#5432 = CARTESIAN_POINT('',(-0.15,-4.85,1.21));
#5433 = VECTOR('',#5434,1.);
#5434 = DIRECTION('',(0.,1.,3.330669073875E-16));
#5435 = PLANE('',#5436);
#5436 = AXIS2_PLACEMENT_3D('',#5437,#5438,#5439);
#5437 = CARTESIAN_POINT('',(-0.15,-4.85,-0.5));
#5438 = DIRECTION('',(1.,0.,0.));
#5439 = DIRECTION('',(0.,-5.551115123126E-16,1.));
#5440 = ADVANCED_FACE('',(#5441),#5452,.T.);
#5441 = FACE_BOUND('',#5442,.T.);
#5442 = EDGE_LOOP('',(#5443,#5444,#5445,#5446));
#5443 = ORIENTED_EDGE('',*,*,#4112,.F.);
#5444 = ORIENTED_EDGE('',*,*,#5412,.T.);
#5445 = ORIENTED_EDGE('',*,*,#4262,.T.);
#5446 = ORIENTED_EDGE('',*,*,#5447,.F.);
#5447 = EDGE_CURVE('',#4113,#4263,#5448,.T.);
#5448 = LINE('',#5449,#5450);
#5449 = CARTESIAN_POINT('',(-0.162230377286,-4.85,-2.459232075714));
#5450 = VECTOR('',#5451,1.);
#5451 = DIRECTION('',(0.,1.,3.330669073875E-16));
#5452 = PLANE('',#5453);
#5453 = AXIS2_PLACEMENT_3D('',#5454,#5455,#5456);
#5454 = CARTESIAN_POINT('',(-0.45,-4.85,-1.5));
#5455 = DIRECTION('',(-0.957826285221,9.570607158995E-17,-0.287347885566
    ));
#5456 = DIRECTION('',(0.287347885566,5.31700397722E-16,-0.957826285221)
  );
#5457 = ADVANCED_FACE('',(#5458),#5464,.T.);
#5458 = FACE_BOUND('',#5459,.T.);
#5459 = EDGE_LOOP('',(#5460,#5461,#5462,#5463));
#5460 = ORIENTED_EDGE('',*,*,#4211,.T.);
#5461 = ORIENTED_EDGE('',*,*,#4394,.T.);
#5462 = ORIENTED_EDGE('',*,*,#4361,.F.);
#5463 = ORIENTED_EDGE('',*,*,#5430,.F.);
#5464 = CYLINDRICAL_SURFACE('',#5465,0.29);
#5465 = AXIS2_PLACEMENT_3D('',#5466,#5467,#5468);
#5466 = CARTESIAN_POINT('',(0.14,-4.85,1.21));
#5467 = DIRECTION('',(0.,1.,3.330669073875E-16));
#5468 = DIRECTION('',(-1.,0.,0.));
#5469 = ADVANCED_FACE('',(#5470),#5481,.F.);
#5470 = FACE_BOUND('',#5471,.F.);
#5471 = EDGE_LOOP('',(#5472,#5478,#5479,#5480));
#5472 = ORIENTED_EDGE('',*,*,#5473,.T.);
#5473 = EDGE_CURVE('',#4121,#4271,#5474,.T.);
#5474 = LINE('',#5475,#5476);
#5475 = CARTESIAN_POINT('',(-0.15,-4.85,-2.542562962528));
#5476 = VECTOR('',#5477,1.);
#5477 = DIRECTION('',(0.,1.,3.330669073875E-16));
#5478 = ORIENTED_EDGE('',*,*,#4270,.T.);
#5479 = ORIENTED_EDGE('',*,*,#5447,.F.);
#5480 = ORIENTED_EDGE('',*,*,#4120,.F.);
#5481 = CYLINDRICAL_SURFACE('',#5482,0.29);
#5482 = AXIS2_PLACEMENT_3D('',#5483,#5484,#5485);
#5483 = CARTESIAN_POINT('',(-0.44,-4.85,-2.542562962528));
#5484 = DIRECTION('',(0.,1.,3.330669073875E-16));
#5485 = DIRECTION('',(1.,0.,-0.));
#5486 = ADVANCED_FACE('',(#5487),#5498,.F.);
#5487 = FACE_BOUND('',#5488,.F.);
#5488 = EDGE_LOOP('',(#5489,#5490,#5496,#5497));
#5489 = ORIENTED_EDGE('',*,*,#4129,.F.);
#5490 = ORIENTED_EDGE('',*,*,#5491,.T.);
#5491 = EDGE_CURVE('',#4130,#4280,#5492,.T.);
#5492 = LINE('',#5493,#5494);
#5493 = CARTESIAN_POINT('',(-0.15,-4.85,-3.5));
#5494 = VECTOR('',#5495,1.);
#5495 = DIRECTION('',(0.,1.,3.330669073875E-16));
#5496 = ORIENTED_EDGE('',*,*,#4279,.T.);
#5497 = ORIENTED_EDGE('',*,*,#5473,.F.);
#5498 = PLANE('',#5499);
#5499 = AXIS2_PLACEMENT_3D('',#5500,#5501,#5502);
#5500 = CARTESIAN_POINT('',(-0.15,-4.85,-3.5));
#5501 = DIRECTION('',(1.,0.,0.));
#5502 = DIRECTION('',(0.,-5.551115123126E-16,1.));
#5503 = ADVANCED_FACE('',(#5504),#5515,.F.);
#5504 = FACE_BOUND('',#5505,.F.);
#5505 = EDGE_LOOP('',(#5506,#5512,#5513,#5514));
#5506 = ORIENTED_EDGE('',*,*,#5507,.T.);
#5507 = EDGE_CURVE('',#4138,#4288,#5508,.T.);
#5508 = LINE('',#5509,#5510);
#5509 = CARTESIAN_POINT('',(0.15,-4.85,-3.5));
#5510 = VECTOR('',#5511,1.);
#5511 = DIRECTION('',(0.,1.,3.330669073875E-16));
#5512 = ORIENTED_EDGE('',*,*,#4287,.T.);
#5513 = ORIENTED_EDGE('',*,*,#5491,.F.);
#5514 = ORIENTED_EDGE('',*,*,#4137,.F.);
#5515 = PLANE('',#5516);
#5516 = AXIS2_PLACEMENT_3D('',#5517,#5518,#5519);
#5517 = CARTESIAN_POINT('',(0.15,-4.85,-3.5));
#5518 = DIRECTION('',(0.,-3.330669073875E-16,1.));
#5519 = DIRECTION('',(-1.,0.,0.));
#5520 = ADVANCED_FACE('',(#5521),#5532,.F.);
#5521 = FACE_BOUND('',#5522,.F.);
#5522 = EDGE_LOOP('',(#5523,#5524,#5530,#5531));
#5523 = ORIENTED_EDGE('',*,*,#4145,.F.);
#5524 = ORIENTED_EDGE('',*,*,#5525,.T.);
#5525 = EDGE_CURVE('',#4146,#4296,#5526,.T.);
#5526 = LINE('',#5527,#5528);
#5527 = CARTESIAN_POINT('',(0.15,-4.85,-2.542562962528));
#5528 = VECTOR('',#5529,1.);
#5529 = DIRECTION('',(0.,1.,3.330669073875E-16));
#5530 = ORIENTED_EDGE('',*,*,#4295,.T.);
#5531 = ORIENTED_EDGE('',*,*,#5507,.F.);
#5532 = PLANE('',#5533);
#5533 = AXIS2_PLACEMENT_3D('',#5534,#5535,#5536);
#5534 = CARTESIAN_POINT('',(0.15,-4.85,-2.5));
#5535 = DIRECTION('',(-1.,0.,-0.));
#5536 = DIRECTION('',(0.,5.551115123126E-16,-1.));
#5537 = ADVANCED_FACE('',(#5538),#5549,.T.);
#5538 = FACE_BOUND('',#5539,.T.);
#5539 = EDGE_LOOP('',(#5540,#5541,#5547,#5548));
#5540 = ORIENTED_EDGE('',*,*,#4187,.T.);
#5541 = ORIENTED_EDGE('',*,*,#5542,.T.);
#5542 = EDGE_CURVE('',#4180,#4330,#5543,.T.);
#5543 = LINE('',#5544,#5545);
#5544 = CARTESIAN_POINT('',(0.137769622714,-4.85,-0.540767924286));
#5545 = VECTOR('',#5546,1.);
#5546 = DIRECTION('',(0.,1.,3.330669073875E-16));
#5547 = ORIENTED_EDGE('',*,*,#4337,.F.);
#5548 = ORIENTED_EDGE('',*,*,#5056,.F.);
#5549 = CYLINDRICAL_SURFACE('',#5550,0.29);
#5550 = AXIS2_PLACEMENT_3D('',#5551,#5552,#5553);
#5551 = CARTESIAN_POINT('',(-0.14,-4.85,-0.457437037472));
#5552 = DIRECTION('',(0.,1.,3.330669073875E-16));
#5553 = DIRECTION('',(1.,0.,-0.));
#5554 = ADVANCED_FACE('',(#5555),#5566,.T.);
#5555 = FACE_BOUND('',#5556,.T.);
#5556 = EDGE_LOOP('',(#5557,#5558,#5559,#5560));
#5557 = ORIENTED_EDGE('',*,*,#4153,.T.);
#5558 = ORIENTED_EDGE('',*,*,#5525,.T.);
#5559 = ORIENTED_EDGE('',*,*,#4303,.F.);
#5560 = ORIENTED_EDGE('',*,*,#5561,.F.);
#5561 = EDGE_CURVE('',#4154,#4304,#5562,.T.);
#5562 = LINE('',#5563,#5564);
#5563 = CARTESIAN_POINT('',(0.137769622714,-4.85,-2.459232075714));
#5564 = VECTOR('',#5565,1.);
#5565 = DIRECTION('',(0.,1.,3.330669073875E-16));
#5566 = CYLINDRICAL_SURFACE('',#5567,0.29);
#5567 = AXIS2_PLACEMENT_3D('',#5568,#5569,#5570);
#5568 = CARTESIAN_POINT('',(-0.14,-4.85,-2.542562962528));
#5569 = DIRECTION('',(0.,1.,3.330669073875E-16));
#5570 = DIRECTION('',(0.957826285221,-9.570607158983E-17,0.287347885566)
  );
#5571 = ADVANCED_FACE('',(#5572),#5583,.T.);
#5572 = FACE_BOUND('',#5573,.T.);
#5573 = EDGE_LOOP('',(#5574,#5575,#5581,#5582));
#5574 = ORIENTED_EDGE('',*,*,#4179,.F.);
#5575 = ORIENTED_EDGE('',*,*,#5576,.T.);
#5576 = EDGE_CURVE('',#4171,#4321,#5577,.T.);
#5577 = LINE('',#5578,#5579);
#5578 = CARTESIAN_POINT('',(-0.125000733956,-4.85,-1.416669113186));
#5579 = VECTOR('',#5580,1.);
#5580 = DIRECTION('',(0.,1.,3.330669073875E-16));
#5581 = ORIENTED_EDGE('',*,*,#4329,.T.);
#5582 = ORIENTED_EDGE('',*,*,#5542,.F.);
#5583 = PLANE('',#5584);
#5584 = AXIS2_PLACEMENT_3D('',#5585,#5586,#5587);
#5585 = CARTESIAN_POINT('',(-0.15,-4.85,-1.5));
#5586 = DIRECTION('',(0.957826285221,9.570607158995E-17,-0.287347885566)
  );
#5587 = DIRECTION('',(0.287347885566,-5.31700397722E-16,0.957826285221)
  );
#5588 = ADVANCED_FACE('',(#5589),#5600,.T.);
#5589 = FACE_BOUND('',#5590,.T.);
#5590 = EDGE_LOOP('',(#5591,#5592,#5593,#5594));
#5591 = ORIENTED_EDGE('',*,*,#4162,.F.);
#5592 = ORIENTED_EDGE('',*,*,#5561,.T.);
#5593 = ORIENTED_EDGE('',*,*,#4312,.T.);
#5594 = ORIENTED_EDGE('',*,*,#5595,.F.);
#5595 = EDGE_CURVE('',#4163,#4313,#5596,.T.);
#5596 = LINE('',#5597,#5598);
#5597 = CARTESIAN_POINT('',(-0.125000733956,-4.85,-1.583330886814));
#5598 = VECTOR('',#5599,1.);
#5599 = DIRECTION('',(0.,1.,3.330669073875E-16));
#5600 = PLANE('',#5601);
#5601 = AXIS2_PLACEMENT_3D('',#5602,#5603,#5604);
#5602 = CARTESIAN_POINT('',(0.15,-4.85,-2.5));
#5603 = DIRECTION('',(0.957826285221,-9.570607158995E-17,0.287347885566)
  );
#5604 = DIRECTION('',(-0.287347885566,-5.31700397722E-16,0.957826285221)
  );
#5605 = ADVANCED_FACE('',(#5606),#5612,.F.);
#5606 = FACE_BOUND('',#5607,.F.);
#5607 = EDGE_LOOP('',(#5608,#5609,#5610,#5611));
#5608 = ORIENTED_EDGE('',*,*,#5576,.T.);
#5609 = ORIENTED_EDGE('',*,*,#4320,.T.);
#5610 = ORIENTED_EDGE('',*,*,#5595,.F.);
#5611 = ORIENTED_EDGE('',*,*,#4170,.F.);
#5612 = CYLINDRICAL_SURFACE('',#5613,0.29);
#5613 = AXIS2_PLACEMENT_3D('',#5614,#5615,#5616);
#5614 = CARTESIAN_POINT('',(0.152768888758,-4.85,-1.5));
#5615 = DIRECTION('',(0.,1.,3.330669073875E-16));
#5616 = DIRECTION('',(-0.957826285221,-9.570607158983E-17,0.287347885566
    ));
#5617 = ADVANCED_FACE('',(#5618),#5634,.F.);
#5618 = FACE_BOUND('',#5619,.F.);
#5619 = EDGE_LOOP('',(#5620,#5621,#5627,#5628));
#5620 = ORIENTED_EDGE('',*,*,#4410,.F.);
#5621 = ORIENTED_EDGE('',*,*,#5622,.T.);
#5622 = EDGE_CURVE('',#4411,#4585,#5623,.T.);
#5623 = LINE('',#5624,#5625);
#5624 = CARTESIAN_POINT('',(6.462230377286,-4.85,-0.540767924286));
#5625 = VECTOR('',#5626,1.);
#5626 = DIRECTION('',(0.,1.,3.330669073875E-16));
#5627 = ORIENTED_EDGE('',*,*,#4584,.T.);
#5628 = ORIENTED_EDGE('',*,*,#5629,.F.);
#5629 = EDGE_CURVE('',#4413,#4587,#5630,.T.);
#5630 = LINE('',#5631,#5632);
#5631 = CARTESIAN_POINT('',(6.725000733956,-4.85,-1.416669113186));
#5632 = VECTOR('',#5633,1.);
#5633 = DIRECTION('',(0.,1.,3.330669073875E-16));
#5634 = PLANE('',#5635);
#5635 = AXIS2_PLACEMENT_3D('',#5636,#5637,#5638);
#5636 = CARTESIAN_POINT('',(6.45,-4.85,-0.5));
#5637 = DIRECTION('',(-0.957826285221,9.570607158995E-17,-0.287347885566
    ));
#5638 = DIRECTION('',(0.287347885566,5.31700397722E-16,-0.957826285221)
  );
#5639 = ADVANCED_FACE('',(#5640),#5651,.F.);
#5640 = FACE_BOUND('',#5641,.F.);
#5641 = EDGE_LOOP('',(#5642,#5643,#5649,#5650));
#5642 = ORIENTED_EDGE('',*,*,#4545,.T.);
#5643 = ORIENTED_EDGE('',*,*,#5644,.T.);
#5644 = EDGE_CURVE('',#4538,#4705,#5645,.T.);
#5645 = LINE('',#5646,#5647);
#5646 = CARTESIAN_POINT('',(6.45,-4.85,-0.457437037472));
#5647 = VECTOR('',#5648,1.);
#5648 = DIRECTION('',(0.,1.,3.330669073875E-16));
#5649 = ORIENTED_EDGE('',*,*,#4712,.F.);
#5650 = ORIENTED_EDGE('',*,*,#5622,.F.);
#5651 = CYLINDRICAL_SURFACE('',#5652,0.29);
#5652 = AXIS2_PLACEMENT_3D('',#5653,#5654,#5655);
#5653 = CARTESIAN_POINT('',(6.74,-4.85,-0.457437037472));
#5654 = DIRECTION('',(0.,1.,3.330669073875E-16));
#5655 = DIRECTION('',(-0.957826285221,9.570607158983E-17,-0.287347885566
    ));
#5656 = ADVANCED_FACE('',(#5657),#5668,.T.);
#5657 = FACE_BOUND('',#5658,.T.);
#5658 = EDGE_LOOP('',(#5659,#5660,#5666,#5667));
#5659 = ORIENTED_EDGE('',*,*,#4420,.T.);
#5660 = ORIENTED_EDGE('',*,*,#5661,.T.);
#5661 = EDGE_CURVE('',#4421,#4595,#5662,.T.);
#5662 = LINE('',#5663,#5664);
#5663 = CARTESIAN_POINT('',(6.725000733956,-4.85,-1.583330886814));
#5664 = VECTOR('',#5665,1.);
#5665 = DIRECTION('',(0.,1.,3.330669073875E-16));
#5666 = ORIENTED_EDGE('',*,*,#4594,.F.);
#5667 = ORIENTED_EDGE('',*,*,#5629,.F.);
#5668 = CYLINDRICAL_SURFACE('',#5669,0.29);
#5669 = AXIS2_PLACEMENT_3D('',#5670,#5671,#5672);
#5670 = CARTESIAN_POINT('',(6.447231111242,-4.85,-1.5));
#5671 = DIRECTION('',(0.,1.,3.330669073875E-16));
#5672 = DIRECTION('',(0.957826285221,-9.570607158983E-17,0.287347885566)
  );
#5673 = ADVANCED_FACE('',(#5674),#5685,.T.);
#5674 = FACE_BOUND('',#5675,.T.);
#5675 = EDGE_LOOP('',(#5676,#5677,#5678,#5679));
#5676 = ORIENTED_EDGE('',*,*,#4537,.F.);
#5677 = ORIENTED_EDGE('',*,*,#5644,.T.);
#5678 = ORIENTED_EDGE('',*,*,#4704,.T.);
#5679 = ORIENTED_EDGE('',*,*,#5680,.F.);
#5680 = EDGE_CURVE('',#4529,#4696,#5681,.T.);
#5681 = LINE('',#5682,#5683);
#5682 = CARTESIAN_POINT('',(6.45,-4.85,1.21));
#5683 = VECTOR('',#5684,1.);
#5684 = DIRECTION('',(0.,1.,3.330669073875E-16));
#5685 = PLANE('',#5686);
#5686 = AXIS2_PLACEMENT_3D('',#5687,#5688,#5689);
#5687 = CARTESIAN_POINT('',(6.45,-4.85,-0.5));
#5688 = DIRECTION('',(1.,0.,0.));
#5689 = DIRECTION('',(0.,-5.551115123126E-16,1.));
#5690 = ADVANCED_FACE('',(#5691),#5702,.F.);
#5691 = FACE_BOUND('',#5692,.F.);
#5692 = EDGE_LOOP('',(#5693,#5694,#5695,#5696));
#5693 = ORIENTED_EDGE('',*,*,#4429,.F.);
#5694 = ORIENTED_EDGE('',*,*,#5661,.T.);
#5695 = ORIENTED_EDGE('',*,*,#4603,.T.);
#5696 = ORIENTED_EDGE('',*,*,#5697,.F.);
#5697 = EDGE_CURVE('',#4430,#4604,#5698,.T.);
#5698 = LINE('',#5699,#5700);
#5699 = CARTESIAN_POINT('',(6.462230377286,-4.85,-2.459232075714));
#5700 = VECTOR('',#5701,1.);
#5701 = DIRECTION('',(0.,1.,3.330669073875E-16));
#5702 = PLANE('',#5703);
#5703 = AXIS2_PLACEMENT_3D('',#5704,#5705,#5706);
#5704 = CARTESIAN_POINT('',(6.75,-4.85,-1.5));
#5705 = DIRECTION('',(-0.957826285221,-9.570607158995E-17,0.287347885566
    ));
#5706 = DIRECTION('',(-0.287347885566,5.31700397722E-16,-0.957826285221)
  );
#5707 = ADVANCED_FACE('',(#5708),#5714,.T.);
#5708 = FACE_BOUND('',#5709,.T.);
#5709 = EDGE_LOOP('',(#5710,#5711,#5712,#5713));
#5710 = ORIENTED_EDGE('',*,*,#5680,.T.);
#5711 = ORIENTED_EDGE('',*,*,#4695,.T.);
#5712 = ORIENTED_EDGE('',*,*,#4561,.F.);
#5713 = ORIENTED_EDGE('',*,*,#4528,.F.);
#5714 = CYLINDRICAL_SURFACE('',#5715,0.29);
#5715 = AXIS2_PLACEMENT_3D('',#5716,#5717,#5718);
#5716 = CARTESIAN_POINT('',(6.16,-4.85,1.21));
#5717 = DIRECTION('',(0.,1.,3.330669073875E-16));
#5718 = DIRECTION('',(1.,0.,-0.));
#5719 = ADVANCED_FACE('',(#5720),#5731,.F.);
#5720 = FACE_BOUND('',#5721,.F.);
#5721 = EDGE_LOOP('',(#5722,#5723,#5724,#5725));
#5722 = ORIENTED_EDGE('',*,*,#4437,.T.);
#5723 = ORIENTED_EDGE('',*,*,#5697,.T.);
#5724 = ORIENTED_EDGE('',*,*,#4611,.F.);
#5725 = ORIENTED_EDGE('',*,*,#5726,.F.);
#5726 = EDGE_CURVE('',#4438,#4612,#5727,.T.);
#5727 = LINE('',#5728,#5729);
#5728 = CARTESIAN_POINT('',(6.45,-4.85,-2.542562962528));
#5729 = VECTOR('',#5730,1.);
#5730 = DIRECTION('',(0.,1.,3.330669073875E-16));
#5731 = CYLINDRICAL_SURFACE('',#5732,0.29);
#5732 = AXIS2_PLACEMENT_3D('',#5733,#5734,#5735);
#5733 = CARTESIAN_POINT('',(6.74,-4.85,-2.542562962528));
#5734 = DIRECTION('',(0.,1.,3.330669073875E-16));
#5735 = DIRECTION('',(-1.,0.,0.));
#5736 = ADVANCED_FACE('',(#5737),#5748,.T.);
#5737 = FACE_BOUND('',#5738,.T.);
#5738 = EDGE_LOOP('',(#5739,#5740,#5746,#5747));
#5739 = ORIENTED_EDGE('',*,*,#4446,.F.);
#5740 = ORIENTED_EDGE('',*,*,#5741,.T.);
#5741 = EDGE_CURVE('',#4447,#4621,#5742,.T.);
#5742 = LINE('',#5743,#5744);
#5743 = CARTESIAN_POINT('',(6.45,-4.85,-3.5));
#5744 = VECTOR('',#5745,1.);
#5745 = DIRECTION('',(0.,1.,3.330669073875E-16));
#5746 = ORIENTED_EDGE('',*,*,#4620,.T.);
#5747 = ORIENTED_EDGE('',*,*,#5726,.F.);
#5748 = PLANE('',#5749);
#5749 = AXIS2_PLACEMENT_3D('',#5750,#5751,#5752);
#5750 = CARTESIAN_POINT('',(6.45,-4.85,-3.5));
#5751 = DIRECTION('',(1.,0.,0.));
#5752 = DIRECTION('',(0.,-5.551115123126E-16,1.));
#5753 = ADVANCED_FACE('',(#5754),#5765,.T.);
#5754 = FACE_BOUND('',#5755,.T.);
#5755 = EDGE_LOOP('',(#5756,#5762,#5763,#5764));
#5756 = ORIENTED_EDGE('',*,*,#5757,.T.);
#5757 = EDGE_CURVE('',#4455,#4629,#5758,.T.);
#5758 = LINE('',#5759,#5760);
#5759 = CARTESIAN_POINT('',(6.15,-4.85,-3.5));
#5760 = VECTOR('',#5761,1.);
#5761 = DIRECTION('',(0.,1.,3.330669073875E-16));
#5762 = ORIENTED_EDGE('',*,*,#4628,.T.);
#5763 = ORIENTED_EDGE('',*,*,#5741,.F.);
#5764 = ORIENTED_EDGE('',*,*,#4454,.F.);
#5765 = PLANE('',#5766);
#5766 = AXIS2_PLACEMENT_3D('',#5767,#5768,#5769);
#5767 = CARTESIAN_POINT('',(6.15,-4.85,-3.5));
#5768 = DIRECTION('',(0.,3.330669073875E-16,-1.));
#5769 = DIRECTION('',(1.,0.,0.));
#5770 = ADVANCED_FACE('',(#5771),#5782,.T.);
#5771 = FACE_BOUND('',#5772,.T.);
#5772 = EDGE_LOOP('',(#5773,#5774,#5780,#5781));
#5773 = ORIENTED_EDGE('',*,*,#4462,.F.);
#5774 = ORIENTED_EDGE('',*,*,#5775,.T.);
#5775 = EDGE_CURVE('',#4463,#4637,#5776,.T.);
#5776 = LINE('',#5777,#5778);
#5777 = CARTESIAN_POINT('',(6.15,-4.85,-2.542562962528));
#5778 = VECTOR('',#5779,1.);
#5779 = DIRECTION('',(0.,1.,3.330669073875E-16));
#5780 = ORIENTED_EDGE('',*,*,#4636,.T.);
#5781 = ORIENTED_EDGE('',*,*,#5757,.F.);
#5782 = PLANE('',#5783);
#5783 = AXIS2_PLACEMENT_3D('',#5784,#5785,#5786);
#5784 = CARTESIAN_POINT('',(6.15,-4.85,-2.5));
#5785 = DIRECTION('',(-1.,0.,-0.));
#5786 = DIRECTION('',(0.,5.551115123126E-16,-1.));
#5787 = ADVANCED_FACE('',(#5788),#5799,.T.);
#5788 = FACE_BOUND('',#5789,.T.);
#5789 = EDGE_LOOP('',(#5790,#5791,#5792,#5798));
#5790 = ORIENTED_EDGE('',*,*,#5073,.T.);
#5791 = ORIENTED_EDGE('',*,*,#4678,.T.);
#5792 = ORIENTED_EDGE('',*,*,#5793,.F.);
#5793 = EDGE_CURVE('',#4497,#4671,#5794,.T.);
#5794 = LINE('',#5795,#5796);
#5795 = CARTESIAN_POINT('',(6.162230377286,-4.85,-0.540767924286));
#5796 = VECTOR('',#5797,1.);
#5797 = DIRECTION('',(0.,1.,3.330669073875E-16));
#5798 = ORIENTED_EDGE('',*,*,#4504,.F.);
#5799 = CYLINDRICAL_SURFACE('',#5800,0.29);
#5800 = AXIS2_PLACEMENT_3D('',#5801,#5802,#5803);
#5801 = CARTESIAN_POINT('',(6.44,-4.85,-0.457437037472));
#5802 = DIRECTION('',(0.,1.,3.330669073875E-16));
#5803 = DIRECTION('',(-1.,0.,0.));
#5804 = ADVANCED_FACE('',(#5805),#5816,.T.);
#5805 = FACE_BOUND('',#5806,.T.);
#5806 = EDGE_LOOP('',(#5807,#5813,#5814,#5815));
#5807 = ORIENTED_EDGE('',*,*,#5808,.T.);
#5808 = EDGE_CURVE('',#4471,#4645,#5809,.T.);
#5809 = LINE('',#5810,#5811);
#5810 = CARTESIAN_POINT('',(6.162230377286,-4.85,-2.459232075714));
#5811 = VECTOR('',#5812,1.);
#5812 = DIRECTION('',(0.,1.,3.330669073875E-16));
#5813 = ORIENTED_EDGE('',*,*,#4644,.T.);
#5814 = ORIENTED_EDGE('',*,*,#5775,.F.);
#5815 = ORIENTED_EDGE('',*,*,#4470,.F.);
#5816 = CYLINDRICAL_SURFACE('',#5817,0.29);
#5817 = AXIS2_PLACEMENT_3D('',#5818,#5819,#5820);
#5818 = CARTESIAN_POINT('',(6.44,-4.85,-2.542562962528));
#5819 = DIRECTION('',(0.,1.,3.330669073875E-16));
#5820 = DIRECTION('',(-0.957826285221,-9.570607158983E-17,0.287347885566
    ));
#5821 = ADVANCED_FACE('',(#5822),#5833,.F.);
#5822 = FACE_BOUND('',#5823,.F.);
#5823 = EDGE_LOOP('',(#5824,#5825,#5831,#5832));
#5824 = ORIENTED_EDGE('',*,*,#4496,.F.);
#5825 = ORIENTED_EDGE('',*,*,#5826,.T.);
#5826 = EDGE_CURVE('',#4488,#4662,#5827,.T.);
#5827 = LINE('',#5828,#5829);
#5828 = CARTESIAN_POINT('',(6.425000733956,-4.85,-1.416669113186));
#5829 = VECTOR('',#5830,1.);
#5830 = DIRECTION('',(0.,1.,3.330669073875E-16));
#5831 = ORIENTED_EDGE('',*,*,#4670,.T.);
#5832 = ORIENTED_EDGE('',*,*,#5793,.F.);
#5833 = PLANE('',#5834);
#5834 = AXIS2_PLACEMENT_3D('',#5835,#5836,#5837);
#5835 = CARTESIAN_POINT('',(6.45,-4.85,-1.5));
#5836 = DIRECTION('',(0.957826285221,-9.570607158995E-17,0.287347885566)
  );
#5837 = DIRECTION('',(-0.287347885566,-5.31700397722E-16,0.957826285221)
  );
#5838 = ADVANCED_FACE('',(#5839),#5850,.F.);
#5839 = FACE_BOUND('',#5840,.F.);
#5840 = EDGE_LOOP('',(#5841,#5842,#5843,#5844));
#5841 = ORIENTED_EDGE('',*,*,#4479,.F.);
#5842 = ORIENTED_EDGE('',*,*,#5808,.T.);
#5843 = ORIENTED_EDGE('',*,*,#4653,.T.);
#5844 = ORIENTED_EDGE('',*,*,#5845,.F.);
#5845 = EDGE_CURVE('',#4480,#4654,#5846,.T.);
#5846 = LINE('',#5847,#5848);
#5847 = CARTESIAN_POINT('',(6.425000733956,-4.85,-1.583330886814));
#5848 = VECTOR('',#5849,1.);
#5849 = DIRECTION('',(0.,1.,3.330669073875E-16));
#5850 = PLANE('',#5851);
#5851 = AXIS2_PLACEMENT_3D('',#5852,#5853,#5854);
#5852 = CARTESIAN_POINT('',(6.15,-4.85,-2.5));
#5853 = DIRECTION('',(0.957826285221,9.570607158995E-17,-0.287347885566)
  );
#5854 = DIRECTION('',(0.287347885566,-5.31700397722E-16,0.957826285221)
  );
#5855 = ADVANCED_FACE('',(#5856),#5862,.F.);
#5856 = FACE_BOUND('',#5857,.F.);
#5857 = EDGE_LOOP('',(#5858,#5859,#5860,#5861));
#5858 = ORIENTED_EDGE('',*,*,#4487,.T.);
#5859 = ORIENTED_EDGE('',*,*,#5845,.T.);
#5860 = ORIENTED_EDGE('',*,*,#4661,.F.);
#5861 = ORIENTED_EDGE('',*,*,#5826,.F.);
#5862 = CYLINDRICAL_SURFACE('',#5863,0.29);
#5863 = AXIS2_PLACEMENT_3D('',#5864,#5865,#5866);
#5864 = CARTESIAN_POINT('',(6.147231111242,-4.85,-1.5));
#5865 = DIRECTION('',(0.,1.,3.330669073875E-16));
#5866 = DIRECTION('',(0.957826285221,-9.570607158983E-17,0.287347885566)
  );
#5867 = ADVANCED_FACE('',(#5868),#5884,.F.);
#5868 = FACE_BOUND('',#5869,.F.);
#5869 = EDGE_LOOP('',(#5870,#5871,#5877,#5878));
#5870 = ORIENTED_EDGE('',*,*,#4877,.F.);
#5871 = ORIENTED_EDGE('',*,*,#5872,.T.);
#5872 = EDGE_CURVE('',#4878,#4728,#5873,.T.);
#5873 = LINE('',#5874,#5875);
#5874 = CARTESIAN_POINT('',(6.462230377286,-0.35,-0.540767924286));
#5875 = VECTOR('',#5876,1.);
#5876 = DIRECTION('',(0.,1.,3.330669073875E-16));
#5877 = ORIENTED_EDGE('',*,*,#4727,.T.);
#5878 = ORIENTED_EDGE('',*,*,#5879,.F.);
#5879 = EDGE_CURVE('',#4880,#4730,#5880,.T.);
#5880 = LINE('',#5881,#5882);
#5881 = CARTESIAN_POINT('',(6.725000733956,-0.35,-1.416669113186));
#5882 = VECTOR('',#5883,1.);
#5883 = DIRECTION('',(0.,1.,3.330669073875E-16));
#5884 = PLANE('',#5885);
#5885 = AXIS2_PLACEMENT_3D('',#5886,#5887,#5888);
#5886 = CARTESIAN_POINT('',(6.45,-0.35,-0.5));
#5887 = DIRECTION('',(-0.957826285221,9.570607158995E-17,-0.287347885566
    ));
#5888 = DIRECTION('',(0.287347885566,5.31700397722E-16,-0.957826285221)
  );
#5889 = ADVANCED_FACE('',(#5890),#5901,.F.);
#5890 = FACE_BOUND('',#5891,.F.);
#5891 = EDGE_LOOP('',(#5892,#5893,#5899,#5900));
#5892 = ORIENTED_EDGE('',*,*,#5012,.T.);
#5893 = ORIENTED_EDGE('',*,*,#5894,.T.);
#5894 = EDGE_CURVE('',#5005,#4855,#5895,.T.);
#5895 = LINE('',#5896,#5897);
#5896 = CARTESIAN_POINT('',(6.45,-0.35,-0.457437037472));
#5897 = VECTOR('',#5898,1.);
#5898 = DIRECTION('',(0.,1.,3.330669073875E-16));
#5899 = ORIENTED_EDGE('',*,*,#4862,.F.);
#5900 = ORIENTED_EDGE('',*,*,#5872,.F.);
#5901 = CYLINDRICAL_SURFACE('',#5902,0.29);
#5902 = AXIS2_PLACEMENT_3D('',#5903,#5904,#5905);
#5903 = CARTESIAN_POINT('',(6.74,-0.35,-0.457437037472));
#5904 = DIRECTION('',(0.,1.,3.330669073875E-16));
#5905 = DIRECTION('',(-0.957826285221,9.570607158983E-17,-0.287347885566
    ));
#5906 = ADVANCED_FACE('',(#5907),#5918,.T.);
#5907 = FACE_BOUND('',#5908,.T.);
#5908 = EDGE_LOOP('',(#5909,#5910,#5916,#5917));
#5909 = ORIENTED_EDGE('',*,*,#4887,.T.);
#5910 = ORIENTED_EDGE('',*,*,#5911,.T.);
#5911 = EDGE_CURVE('',#4888,#4738,#5912,.T.);
#5912 = LINE('',#5913,#5914);
#5913 = CARTESIAN_POINT('',(6.725000733956,-0.35,-1.583330886814));
#5914 = VECTOR('',#5915,1.);
#5915 = DIRECTION('',(0.,1.,3.330669073875E-16));
#5916 = ORIENTED_EDGE('',*,*,#4737,.F.);
#5917 = ORIENTED_EDGE('',*,*,#5879,.F.);
#5918 = CYLINDRICAL_SURFACE('',#5919,0.29);
#5919 = AXIS2_PLACEMENT_3D('',#5920,#5921,#5922);
#5920 = CARTESIAN_POINT('',(6.447231111242,-0.35,-1.5));
#5921 = DIRECTION('',(0.,1.,3.330669073875E-16));
#5922 = DIRECTION('',(0.957826285221,-9.570607158983E-17,0.287347885566)
  );
#5923 = ADVANCED_FACE('',(#5924),#5935,.T.);
#5924 = FACE_BOUND('',#5925,.T.);
#5925 = EDGE_LOOP('',(#5926,#5927,#5928,#5929));
#5926 = ORIENTED_EDGE('',*,*,#5004,.F.);
#5927 = ORIENTED_EDGE('',*,*,#5894,.T.);
#5928 = ORIENTED_EDGE('',*,*,#4854,.T.);
#5929 = ORIENTED_EDGE('',*,*,#5930,.F.);
#5930 = EDGE_CURVE('',#4996,#4846,#5931,.T.);
#5931 = LINE('',#5932,#5933);
#5932 = CARTESIAN_POINT('',(6.45,-0.35,1.21));
#5933 = VECTOR('',#5934,1.);
#5934 = DIRECTION('',(0.,1.,3.330669073875E-16));
#5935 = PLANE('',#5936);
#5936 = AXIS2_PLACEMENT_3D('',#5937,#5938,#5939);
#5937 = CARTESIAN_POINT('',(6.45,-0.35,-0.5));
#5938 = DIRECTION('',(1.,0.,0.));
#5939 = DIRECTION('',(0.,-5.551115123126E-16,1.));
#5940 = ADVANCED_FACE('',(#5941),#5952,.F.);
#5941 = FACE_BOUND('',#5942,.F.);
#5942 = EDGE_LOOP('',(#5943,#5944,#5945,#5946));
#5943 = ORIENTED_EDGE('',*,*,#4896,.F.);
#5944 = ORIENTED_EDGE('',*,*,#5911,.T.);
#5945 = ORIENTED_EDGE('',*,*,#4746,.T.);
#5946 = ORIENTED_EDGE('',*,*,#5947,.F.);
#5947 = EDGE_CURVE('',#4897,#4747,#5948,.T.);
#5948 = LINE('',#5949,#5950);
#5949 = CARTESIAN_POINT('',(6.462230377286,-0.35,-2.459232075714));
#5950 = VECTOR('',#5951,1.);
#5951 = DIRECTION('',(0.,1.,3.330669073875E-16));
#5952 = PLANE('',#5953);
#5953 = AXIS2_PLACEMENT_3D('',#5954,#5955,#5956);
#5954 = CARTESIAN_POINT('',(6.75,-0.35,-1.5));
#5955 = DIRECTION('',(-0.957826285221,-9.570607158995E-17,0.287347885566
    ));
#5956 = DIRECTION('',(-0.287347885566,5.31700397722E-16,-0.957826285221)
  );
#5957 = ADVANCED_FACE('',(#5958),#5964,.T.);
#5958 = FACE_BOUND('',#5959,.T.);
#5959 = EDGE_LOOP('',(#5960,#5961,#5962,#5963));
#5960 = ORIENTED_EDGE('',*,*,#5930,.T.);
#5961 = ORIENTED_EDGE('',*,*,#4845,.T.);
#5962 = ORIENTED_EDGE('',*,*,#5028,.F.);
#5963 = ORIENTED_EDGE('',*,*,#4995,.F.);
#5964 = CYLINDRICAL_SURFACE('',#5965,0.29);
#5965 = AXIS2_PLACEMENT_3D('',#5966,#5967,#5968);
#5966 = CARTESIAN_POINT('',(6.16,-0.35,1.21));
#5967 = DIRECTION('',(0.,1.,3.330669073875E-16));
#5968 = DIRECTION('',(1.,0.,-0.));
#5969 = ADVANCED_FACE('',(#5970),#5981,.F.);
#5970 = FACE_BOUND('',#5971,.F.);
#5971 = EDGE_LOOP('',(#5972,#5973,#5974,#5975));
#5972 = ORIENTED_EDGE('',*,*,#4904,.T.);
#5973 = ORIENTED_EDGE('',*,*,#5947,.T.);
#5974 = ORIENTED_EDGE('',*,*,#4754,.F.);
#5975 = ORIENTED_EDGE('',*,*,#5976,.F.);
#5976 = EDGE_CURVE('',#4905,#4755,#5977,.T.);
#5977 = LINE('',#5978,#5979);
#5978 = CARTESIAN_POINT('',(6.45,-0.35,-2.542562962528));
#5979 = VECTOR('',#5980,1.);
#5980 = DIRECTION('',(0.,1.,3.330669073875E-16));
#5981 = CYLINDRICAL_SURFACE('',#5982,0.29);
#5982 = AXIS2_PLACEMENT_3D('',#5983,#5984,#5985);
#5983 = CARTESIAN_POINT('',(6.74,-0.35,-2.542562962528));
#5984 = DIRECTION('',(0.,1.,3.330669073875E-16));
#5985 = DIRECTION('',(-1.,0.,0.));
#5986 = ADVANCED_FACE('',(#5987),#5998,.T.);
#5987 = FACE_BOUND('',#5988,.T.);
#5988 = EDGE_LOOP('',(#5989,#5990,#5996,#5997));
#5989 = ORIENTED_EDGE('',*,*,#4913,.F.);
#5990 = ORIENTED_EDGE('',*,*,#5991,.T.);
#5991 = EDGE_CURVE('',#4914,#4764,#5992,.T.);
#5992 = LINE('',#5993,#5994);
#5993 = CARTESIAN_POINT('',(6.45,-0.35,-3.5));
#5994 = VECTOR('',#5995,1.);
#5995 = DIRECTION('',(0.,1.,3.330669073875E-16));
#5996 = ORIENTED_EDGE('',*,*,#4763,.T.);
#5997 = ORIENTED_EDGE('',*,*,#5976,.F.);
#5998 = PLANE('',#5999);
#5999 = AXIS2_PLACEMENT_3D('',#6000,#6001,#6002);
#6000 = CARTESIAN_POINT('',(6.45,-0.35,-3.5));
#6001 = DIRECTION('',(1.,0.,0.));
#6002 = DIRECTION('',(0.,-5.551115123126E-16,1.));
#6003 = ADVANCED_FACE('',(#6004),#6015,.T.);
#6004 = FACE_BOUND('',#6005,.T.);
#6005 = EDGE_LOOP('',(#6006,#6012,#6013,#6014));
#6006 = ORIENTED_EDGE('',*,*,#6007,.T.);
#6007 = EDGE_CURVE('',#4922,#4772,#6008,.T.);
#6008 = LINE('',#6009,#6010);
#6009 = CARTESIAN_POINT('',(6.15,-0.35,-3.5));
#6010 = VECTOR('',#6011,1.);
#6011 = DIRECTION('',(0.,1.,3.330669073875E-16));
#6012 = ORIENTED_EDGE('',*,*,#4771,.T.);
#6013 = ORIENTED_EDGE('',*,*,#5991,.F.);
#6014 = ORIENTED_EDGE('',*,*,#4921,.F.);
#6015 = PLANE('',#6016);
#6016 = AXIS2_PLACEMENT_3D('',#6017,#6018,#6019);
#6017 = CARTESIAN_POINT('',(6.15,-0.35,-3.5));
#6018 = DIRECTION('',(0.,3.330669073875E-16,-1.));
#6019 = DIRECTION('',(1.,0.,0.));
#6020 = ADVANCED_FACE('',(#6021),#6032,.T.);
#6021 = FACE_BOUND('',#6022,.T.);
#6022 = EDGE_LOOP('',(#6023,#6024,#6030,#6031));
#6023 = ORIENTED_EDGE('',*,*,#4929,.F.);
#6024 = ORIENTED_EDGE('',*,*,#6025,.T.);
#6025 = EDGE_CURVE('',#4930,#4780,#6026,.T.);
#6026 = LINE('',#6027,#6028);
#6027 = CARTESIAN_POINT('',(6.15,-0.35,-2.542562962528));
#6028 = VECTOR('',#6029,1.);
#6029 = DIRECTION('',(0.,1.,3.330669073875E-16));
#6030 = ORIENTED_EDGE('',*,*,#4779,.T.);
#6031 = ORIENTED_EDGE('',*,*,#6007,.F.);
#6032 = PLANE('',#6033);
#6033 = AXIS2_PLACEMENT_3D('',#6034,#6035,#6036);
#6034 = CARTESIAN_POINT('',(6.15,-0.35,-2.5));
#6035 = DIRECTION('',(-1.,0.,-0.));
#6036 = DIRECTION('',(0.,5.551115123126E-16,-1.));
#6037 = ADVANCED_FACE('',(#6038),#6049,.T.);
#6038 = FACE_BOUND('',#6039,.T.);
#6039 = EDGE_LOOP('',(#6040,#6041,#6042,#6048));
#6040 = ORIENTED_EDGE('',*,*,#5107,.T.);
#6041 = ORIENTED_EDGE('',*,*,#4821,.T.);
#6042 = ORIENTED_EDGE('',*,*,#6043,.F.);
#6043 = EDGE_CURVE('',#4964,#4814,#6044,.T.);
#6044 = LINE('',#6045,#6046);
#6045 = CARTESIAN_POINT('',(6.162230377286,-0.35,-0.540767924286));
#6046 = VECTOR('',#6047,1.);
#6047 = DIRECTION('',(0.,1.,3.330669073875E-16));
#6048 = ORIENTED_EDGE('',*,*,#4971,.F.);
#6049 = CYLINDRICAL_SURFACE('',#6050,0.29);
#6050 = AXIS2_PLACEMENT_3D('',#6051,#6052,#6053);
#6051 = CARTESIAN_POINT('',(6.44,-0.35,-0.457437037472));
#6052 = DIRECTION('',(0.,1.,3.330669073875E-16));
#6053 = DIRECTION('',(-1.,0.,0.));
#6054 = ADVANCED_FACE('',(#6055),#6066,.T.);
#6055 = FACE_BOUND('',#6056,.T.);
#6056 = EDGE_LOOP('',(#6057,#6063,#6064,#6065));
#6057 = ORIENTED_EDGE('',*,*,#6058,.T.);
#6058 = EDGE_CURVE('',#4938,#4788,#6059,.T.);
#6059 = LINE('',#6060,#6061);
#6060 = CARTESIAN_POINT('',(6.162230377286,-0.35,-2.459232075714));
#6061 = VECTOR('',#6062,1.);
#6062 = DIRECTION('',(0.,1.,3.330669073875E-16));
#6063 = ORIENTED_EDGE('',*,*,#4787,.T.);
#6064 = ORIENTED_EDGE('',*,*,#6025,.F.);
#6065 = ORIENTED_EDGE('',*,*,#4937,.F.);
#6066 = CYLINDRICAL_SURFACE('',#6067,0.29);
#6067 = AXIS2_PLACEMENT_3D('',#6068,#6069,#6070);
#6068 = CARTESIAN_POINT('',(6.44,-0.35,-2.542562962528));
#6069 = DIRECTION('',(0.,1.,3.330669073875E-16));
#6070 = DIRECTION('',(-0.957826285221,-9.570607158983E-17,0.287347885566
    ));
#6071 = ADVANCED_FACE('',(#6072),#6083,.F.);
#6072 = FACE_BOUND('',#6073,.F.);
#6073 = EDGE_LOOP('',(#6074,#6075,#6081,#6082));
#6074 = ORIENTED_EDGE('',*,*,#4963,.F.);
#6075 = ORIENTED_EDGE('',*,*,#6076,.T.);
#6076 = EDGE_CURVE('',#4955,#4805,#6077,.T.);
#6077 = LINE('',#6078,#6079);
#6078 = CARTESIAN_POINT('',(6.425000733956,-0.35,-1.416669113186));
#6079 = VECTOR('',#6080,1.);
#6080 = DIRECTION('',(0.,1.,3.330669073875E-16));
#6081 = ORIENTED_EDGE('',*,*,#4813,.T.);
#6082 = ORIENTED_EDGE('',*,*,#6043,.F.);
#6083 = PLANE('',#6084);
#6084 = AXIS2_PLACEMENT_3D('',#6085,#6086,#6087);
#6085 = CARTESIAN_POINT('',(6.45,-0.35,-1.5));
#6086 = DIRECTION('',(0.957826285221,-9.570607158995E-17,0.287347885566)
  );
#6087 = DIRECTION('',(-0.287347885566,-5.31700397722E-16,0.957826285221)
  );
#6088 = ADVANCED_FACE('',(#6089),#6100,.F.);
#6089 = FACE_BOUND('',#6090,.F.);
#6090 = EDGE_LOOP('',(#6091,#6092,#6093,#6094));
#6091 = ORIENTED_EDGE('',*,*,#4946,.F.);
#6092 = ORIENTED_EDGE('',*,*,#6058,.T.);
#6093 = ORIENTED_EDGE('',*,*,#4796,.T.);
#6094 = ORIENTED_EDGE('',*,*,#6095,.F.);
#6095 = EDGE_CURVE('',#4947,#4797,#6096,.T.);
#6096 = LINE('',#6097,#6098);
#6097 = CARTESIAN_POINT('',(6.425000733956,-0.35,-1.583330886814));
#6098 = VECTOR('',#6099,1.);
#6099 = DIRECTION('',(0.,1.,3.330669073875E-16));
#6100 = PLANE('',#6101);
#6101 = AXIS2_PLACEMENT_3D('',#6102,#6103,#6104);
#6102 = CARTESIAN_POINT('',(6.15,-0.35,-2.5));
#6103 = DIRECTION('',(0.957826285221,9.570607158995E-17,-0.287347885566)
  );
#6104 = DIRECTION('',(0.287347885566,-5.31700397722E-16,0.957826285221)
  );
#6105 = ADVANCED_FACE('',(#6106),#6112,.F.);
#6106 = FACE_BOUND('',#6107,.F.);
#6107 = EDGE_LOOP('',(#6108,#6109,#6110,#6111));
#6108 = ORIENTED_EDGE('',*,*,#4954,.T.);
#6109 = ORIENTED_EDGE('',*,*,#6095,.T.);
#6110 = ORIENTED_EDGE('',*,*,#4804,.F.);
#6111 = ORIENTED_EDGE('',*,*,#6076,.F.);
#6112 = CYLINDRICAL_SURFACE('',#6113,0.29);
#6113 = AXIS2_PLACEMENT_3D('',#6114,#6115,#6116);
#6114 = CARTESIAN_POINT('',(6.147231111242,-0.35,-1.5));
#6115 = DIRECTION('',(0.,1.,3.330669073875E-16));
#6116 = DIRECTION('',(0.957826285221,-9.570607158983E-17,0.287347885566)
  );
#6117 = ( GEOMETRIC_REPRESENTATION_CONTEXT(3) 
GLOBAL_UNCERTAINTY_ASSIGNED_CONTEXT((#6121)) 
GLOBAL_UNIT_ASSIGNED_CONTEXT((#6118,#6119,#6120)) REPRESENTATION_CONTEXT
('Context #1','3D Context with UNIT and UNCERTAINTY') );
#6118 = ( LENGTH_UNIT() NAMED_UNIT(*) SI_UNIT(.MILLI.,.METRE.) );
#6119 = ( NAMED_UNIT(*) PLANE_ANGLE_UNIT() SI_UNIT($,.RADIAN.) );
#6120 = ( NAMED_UNIT(*) SI_UNIT($,.STERADIAN.) SOLID_ANGLE_UNIT() );
#6121 = UNCERTAINTY_MEASURE_WITH_UNIT(LENGTH_MEASURE(1.E-07),#6118,
  'distance_accuracy_value','confusion accuracy');
#6122 = CONTEXT_DEPENDENT_SHAPE_REPRESENTATION(#6123,#6125);
#6123 = ( REPRESENTATION_RELATIONSHIP('','',#2887,#2864) 
REPRESENTATION_RELATIONSHIP_WITH_TRANSFORMATION(#6124) 
SHAPE_REPRESENTATION_RELATIONSHIP() );
#6124 = ITEM_DEFINED_TRANSFORMATION('','',#11,#2865);
#6125 = PRODUCT_DEFINITION_SHAPE('Placement','Placement of an item',
  #6126);
#6126 = NEXT_ASSEMBLY_USAGE_OCCURRENCE('5','=>[0:1:1:7]','',#2859,#2882,
  $);
#6127 = PRODUCT_RELATED_PRODUCT_CATEGORY('part',$,(#2884));
#6128 = SHAPE_DEFINITION_REPRESENTATION(#6129,#6135);
#6129 = PRODUCT_DEFINITION_SHAPE('','',#6130);
#6130 = PRODUCT_DEFINITION('design','',#6131,#6134);
#6131 = PRODUCT_DEFINITION_FORMATION('','',#6132);
#6132 = PRODUCT('R_Axial_DIN0207_L6.3mm_D2.5mm_P7.62mm_Horizontal',
  'R_Axial_DIN0207_L6.3mm_D2.5mm_P7.62mm_Horizontal','',(#6133));
#6133 = PRODUCT_CONTEXT('',#2,'mechanical');
#6134 = PRODUCT_DEFINITION_CONTEXT('part definition',#2,'design');
#6135 = SHAPE_REPRESENTATION('',(#11,#6136),#6140);
#6136 = AXIS2_PLACEMENT_3D('',#6137,#6138,#6139);
#6137 = CARTESIAN_POINT('',(0.,0.,0.));
#6138 = DIRECTION('',(0.,0.,1.));
#6139 = DIRECTION('',(1.,0.,-0.));
#6140 = ( GEOMETRIC_REPRESENTATION_CONTEXT(3) 
GLOBAL_UNCERTAINTY_ASSIGNED_CONTEXT((#6144)) 
GLOBAL_UNIT_ASSIGNED_CONTEXT((#6141,#6142,#6143)) REPRESENTATION_CONTEXT
('Context #1','3D Context with UNIT and UNCERTAINTY') );
#6141 = ( LENGTH_UNIT() NAMED_UNIT(*) SI_UNIT(.MILLI.,.METRE.) );
#6142 = ( NAMED_UNIT(*) PLANE_ANGLE_UNIT() SI_UNIT($,.RADIAN.) );
#6143 = ( NAMED_UNIT(*) SI_UNIT($,.STERADIAN.) SOLID_ANGLE_UNIT() );
#6144 = UNCERTAINTY_MEASURE_WITH_UNIT(LENGTH_MEASURE(1.E-07),#6141,
  'distance_accuracy_value','confusion accuracy');
#6145 = CONTEXT_DEPENDENT_SHAPE_REPRESENTATION(#6146,#6148);
#6146 = ( REPRESENTATION_RELATIONSHIP('','',#6135,#10) 
REPRESENTATION_RELATIONSHIP_WITH_TRANSFORMATION(#6147) 
SHAPE_REPRESENTATION_RELATIONSHIP() );
#6147 = ITEM_DEFINED_TRANSFORMATION('','',#11,#27);
#6148 = PRODUCT_DEFINITION_SHAPE('Placement','Placement of an item',
  #6149);
#6149 = NEXT_ASSEMBLY_USAGE_OCCURRENCE('8','R1','',#5,#6130,$);
#6150 = PRODUCT_RELATED_PRODUCT_CATEGORY('part',$,(#6132));
#6151 = SHAPE_DEFINITION_REPRESENTATION(#6152,#6158);
#6152 = PRODUCT_DEFINITION_SHAPE('','',#6153);
#6153 = PRODUCT_DEFINITION('design','',#6154,#6157);
#6154 = PRODUCT_DEFINITION_FORMATION('','',#6155);
#6155 = PRODUCT('R_Axial_DIN0207_L63mm_D25mm_P762mm_Horizontal',
  'R_Axial_DIN0207_L63mm_D25mm_P762mm_Horizontal','',(#6156));
#6156 = PRODUCT_CONTEXT('',#2,'mechanical');
#6157 = PRODUCT_DEFINITION_CONTEXT('part definition',#2,'design');
#6158 = ADVANCED_BREP_SHAPE_REPRESENTATION('',(#11,#6159),#6822);
#6159 = MANIFOLD_SOLID_BREP('',#6160);
#6160 = CLOSED_SHELL('',(#6161,#6194,#6220,#6240,#6423,#6448,#6474,#6494
    ,#6519,#6544,#6553,#6579,#6762,#6788,#6813));
#6161 = ADVANCED_FACE('',(#6162),#6189,.T.);
#6162 = FACE_BOUND('',#6163,.T.);
#6163 = EDGE_LOOP('',(#6164,#6173,#6181,#6188));
#6164 = ORIENTED_EDGE('',*,*,#6165,.T.);
#6165 = EDGE_CURVE('',#6166,#6166,#6168,.T.);
#6166 = VERTEX_POINT('',#6167);
#6167 = CARTESIAN_POINT('',(1.285,1.25,1.25));
#6168 = CIRCLE('',#6169,1.25);
#6169 = AXIS2_PLACEMENT_3D('',#6170,#6171,#6172);
#6170 = CARTESIAN_POINT('',(1.285,0.,1.25));
#6171 = DIRECTION('',(1.,0.,0.));
#6172 = DIRECTION('',(-0.,1.,0.));
#6173 = ORIENTED_EDGE('',*,*,#6174,.T.);
#6174 = EDGE_CURVE('',#6166,#6175,#6177,.T.);
#6175 = VERTEX_POINT('',#6176);
#6176 = CARTESIAN_POINT('',(2.235,1.25,1.25));
#6177 = LINE('',#6178,#6179);
#6178 = CARTESIAN_POINT('',(0.66,1.25,1.25));
#6179 = VECTOR('',#6180,1.);
#6180 = DIRECTION('',(1.,0.,0.));
#6181 = ORIENTED_EDGE('',*,*,#6182,.F.);
#6182 = EDGE_CURVE('',#6175,#6175,#6183,.T.);
#6183 = CIRCLE('',#6184,1.25);
#6184 = AXIS2_PLACEMENT_3D('',#6185,#6186,#6187);
#6185 = CARTESIAN_POINT('',(2.235,0.,1.25));
#6186 = DIRECTION('',(1.,0.,0.));
#6187 = DIRECTION('',(-0.,1.,0.));
#6188 = ORIENTED_EDGE('',*,*,#6174,.F.);
#6189 = CYLINDRICAL_SURFACE('',#6190,1.25);
#6190 = AXIS2_PLACEMENT_3D('',#6191,#6192,#6193);
#6191 = CARTESIAN_POINT('',(0.66,0.,1.25));
#6192 = DIRECTION('',(-1.,-0.,-0.));
#6193 = DIRECTION('',(0.,1.,0.));
#6194 = ADVANCED_FACE('',(#6195),#6215,.T.);
#6195 = FACE_BOUND('',#6196,.T.);
#6196 = EDGE_LOOP('',(#6197,#6206,#6213,#6214));
#6197 = ORIENTED_EDGE('',*,*,#6198,.T.);
#6198 = EDGE_CURVE('',#6199,#6199,#6201,.T.);
#6199 = VERTEX_POINT('',#6200);
#6200 = CARTESIAN_POINT('',(0.66,0.625,1.25));
#6201 = CIRCLE('',#6202,0.625);
#6202 = AXIS2_PLACEMENT_3D('',#6203,#6204,#6205);
#6203 = CARTESIAN_POINT('',(0.66,0.,1.25));
#6204 = DIRECTION('',(1.,0.,0.));
#6205 = DIRECTION('',(-0.,1.,0.));
#6206 = ORIENTED_EDGE('',*,*,#6207,.F.);
#6207 = EDGE_CURVE('',#6166,#6199,#6208,.T.);
#6208 = CIRCLE('',#6209,0.625);
#6209 = AXIS2_PLACEMENT_3D('',#6210,#6211,#6212);
#6210 = CARTESIAN_POINT('',(1.285,0.625,1.25));
#6211 = DIRECTION('',(0.,-0.,1.));
#6212 = DIRECTION('',(0.,1.,0.));
#6213 = ORIENTED_EDGE('',*,*,#6165,.F.);
#6214 = ORIENTED_EDGE('',*,*,#6207,.T.);
#6215 = TOROIDAL_SURFACE('',#6216,0.625,0.625);
#6216 = AXIS2_PLACEMENT_3D('',#6217,#6218,#6219);
#6217 = CARTESIAN_POINT('',(1.285,0.,1.25));
#6218 = DIRECTION('',(-1.,0.,0.));
#6219 = DIRECTION('',(0.,1.,0.));
#6220 = ADVANCED_FACE('',(#6221,#6224),#6235,.F.);
#6221 = FACE_BOUND('',#6222,.F.);
#6222 = EDGE_LOOP('',(#6223));
#6223 = ORIENTED_EDGE('',*,*,#6182,.F.);
#6224 = FACE_BOUND('',#6225,.F.);
#6225 = EDGE_LOOP('',(#6226));
#6226 = ORIENTED_EDGE('',*,*,#6227,.F.);
#6227 = EDGE_CURVE('',#6228,#6228,#6230,.T.);
#6228 = VERTEX_POINT('',#6229);
#6229 = CARTESIAN_POINT('',(2.235,1.125,1.25));
#6230 = CIRCLE('',#6231,1.125);
#6231 = AXIS2_PLACEMENT_3D('',#6232,#6233,#6234);
#6232 = CARTESIAN_POINT('',(2.235,0.,1.25));
#6233 = DIRECTION('',(-1.,0.,0.));
#6234 = DIRECTION('',(0.,1.,0.));
#6235 = PLANE('',#6236);
#6236 = AXIS2_PLACEMENT_3D('',#6237,#6238,#6239);
#6237 = CARTESIAN_POINT('',(2.235,1.25,1.25));
#6238 = DIRECTION('',(-1.,0.,0.));
#6239 = DIRECTION('',(0.,0.,-1.));
#6240 = ADVANCED_FACE('',(#6241,#6244),#6418,.T.);
#6241 = FACE_BOUND('',#6242,.T.);
#6242 = EDGE_LOOP('',(#6243));
#6243 = ORIENTED_EDGE('',*,*,#6198,.F.);
#6244 = FACE_BOUND('',#6245,.T.);
#6245 = EDGE_LOOP('',(#6246));
#6246 = ORIENTED_EDGE('',*,*,#6247,.F.);
#6247 = EDGE_CURVE('',#6248,#6248,#6250,.T.);
#6248 = VERTEX_POINT('',#6249);
#6249 = CARTESIAN_POINT('',(0.66,1.102182119233E-16,0.899909083395));
#6250 = B_SPLINE_CURVE_WITH_KNOTS('',6,(#6251,#6252,#6253,#6254,#6255,
    #6256,#6257,#6258,#6259,#6260,#6261,#6262,#6263,#6264,#6265,#6266,
    #6267,#6268,#6269,#6270,#6271,#6272,#6273,#6274,#6275,#6276,#6277,
    #6278,#6279,#6280,#6281,#6282,#6283,#6284,#6285,#6286,#6287,#6288,
    #6289,#6290,#6291,#6292,#6293,#6294,#6295,#6296,#6297,#6298,#6299,
    #6300,#6301,#6302,#6303,#6304,#6305,#6306,#6307,#6308,#6309,#6310,
    #6311,#6312,#6313,#6314,#6315,#6316,#6317,#6318,#6319,#6320,#6321,
    #6322,#6323,#6324,#6325,#6326,#6327,#6328,#6329,#6330,#6331,#6332,
    #6333,#6334,#6335,#6336,#6337,#6338,#6339,#6340,#6341,#6342,#6343,
    #6344,#6345,#6346,#6347,#6348,#6349,#6350,#6351,#6352,#6353,#6354,
    #6355,#6356,#6357,#6358,#6359,#6360,#6361,#6362,#6363,#6364,#6365,
    #6366,#6367,#6368,#6369,#6370,#6371,#6372,#6373,#6374,#6375,#6376,
    #6377,#6378,#6379,#6380,#6381,#6382,#6383,#6384,#6385,#6386,#6387,
    #6388,#6389,#6390,#6391,#6392,#6393,#6394,#6395,#6396,#6397,#6398,
    #6399,#6400,#6401,#6402,#6403,#6404,#6405,#6406,#6407,#6408,#6409,
    #6410,#6411,#6412,#6413,#6414,#6415,#6416,#6417),.UNSPECIFIED.,.T.,
  .F.,(1,6,5,5,5,5,5,5,5,5,5,5,5,5,5,5,5,5,5,5,5,5,5,5,5,5,5,5,5,5,5,5,5
    ,5,6,1),(-3.7441643477E-02,0.,2.521870323933E-02,5.431496394384E-02,
    8.648919549843E-02,0.120700162351,0.155854554579,0.191019956077,
    0.22552099352,0.258944151729,0.291091798271,0.321919308947,
    0.351475044446,0.379851974729,0.407153625953,0.43347490921,
    0.458900868731,0.483545347382,0.505902822615,0.530283950565,
    0.555351989471,0.581274789002,0.608140584187,0.636038742308,
    0.665070462617,0.695336577837,0.72690990423,0.759792997252,
    0.79386262098,0.828806470397,0.864066503475,0.898816439436,
    0.932013287381,0.962558356523,1.,1.025218703239),.UNSPECIFIED.);
#6251 = CARTESIAN_POINT('',(0.66,0.,0.899909083395));
#6252 = CARTESIAN_POINT('',(0.66,-9.861963323296E-03,0.899909084471));
#6253 = CARTESIAN_POINT('',(0.66,-1.960383099012E-02,0.900333558971));
#6254 = CARTESIAN_POINT('',(0.66,-2.90667633729E-02,0.901163095205));
#6255 = CARTESIAN_POINT('',(0.66,-3.818473840012E-02,0.902336888075));
#6256 = CARTESIAN_POINT('',(0.66,-4.697555886318E-02,0.903805406252));
#6257 = CARTESIAN_POINT('',(0.66,-6.541217845247E-02,0.907588617289));
#6258 = CARTESIAN_POINT('',(0.66,-7.491989955217E-02,0.909985996381));
#6259 = CARTESIAN_POINT('',(0.66,-8.408858685729E-02,0.912709602459));
#6260 = CARTESIAN_POINT('',(0.66,-9.29431150905E-02,0.915726339128));
#6261 = CARTESIAN_POINT('',(0.66,-0.101504886237,0.919011492948));
#6262 = CARTESIAN_POINT('',(0.66,-0.118958160976,0.926453793498));
#6263 = CARTESIAN_POINT('',(0.66,-0.127787740677,0.930666021227));
#6264 = CARTESIAN_POINT('',(0.66,-0.136306213845,0.935155972835));
#6265 = CARTESIAN_POINT('',(0.66,-0.144532125259,0.939904061777));
#6266 = CARTESIAN_POINT('',(0.66,-0.152479834979,0.944895594586));
#6267 = CARTESIAN_POINT('',(0.66,-0.168328675181,0.955672717204));
#6268 = CARTESIAN_POINT('',(0.66,-0.176194628708,0.961488338811));
#6269 = CARTESIAN_POINT('',(0.66,-0.183772627725,0.967551590964));
#6270 = CARTESIAN_POINT('',(0.66,-0.191071921446,0.973851630909));
#6271 = CARTESIAN_POINT('',(0.66,-0.19809849539,0.980379998969));
#6272 = CARTESIAN_POINT('',(0.66,-0.211800252103,0.99406561399));
#6273 = CARTESIAN_POINT('',(0.66,-0.218460183619,1.001235038361));
#6274 = CARTESIAN_POINT('',(0.66,-0.224839916669,1.008630424477));
#6275 = CARTESIAN_POINT('',(0.66,-0.230940302033,1.016245317007));
#6276 = CARTESIAN_POINT('',(0.66,-0.236759778797,1.024074009311));
#6277 = CARTESIAN_POINT('',(0.66,-0.247832030244,1.040150827903));
#6278 = CARTESIAN_POINT('',(0.66,-0.253084597548,1.048398894868));
#6279 = CARTESIAN_POINT('',(0.66,-0.258049056373,1.056850063306));
#6280 = CARTESIAN_POINT('',(0.66,-0.262719990238,1.065498702059));
#6281 = CARTESIAN_POINT('',(0.66,-0.267090249501,1.07433884651));
#6282 = CARTESIAN_POINT('',(0.66,-0.275134936213,1.092219038761));
#6283 = CARTESIAN_POINT('',(0.66,-0.278821023102,1.101251941956));
#6284 = CARTESIAN_POINT('',(0.66,-0.282200792082,1.110456832947));
#6285 = CARTESIAN_POINT('',(0.66,-0.285264705632,1.119826546568));
#6286 = CARTESIAN_POINT('',(0.66,-0.288002108658,1.129352827713));
#6287 = CARTESIAN_POINT('',(0.66,-0.29272539517,1.148397615962));
#6288 = CARTESIAN_POINT('',(0.66,-0.29473218058,1.157906910826));
#6289 = CARTESIAN_POINT('',(0.66,-0.296410836061,1.167545600214));
#6290 = CARTESIAN_POINT('',(0.66,-0.297750151594,1.177303530334));
#6291 = CARTESIAN_POINT('',(0.66,-0.298738455802,1.187169009313));
#6292 = CARTESIAN_POINT('',(0.66,-0.299964918417,1.206708514181));
#6293 = CARTESIAN_POINT('',(0.66,-0.300230384291,1.216375379318));
#6294 = CARTESIAN_POINT('',(0.66,-0.300149186912,1.226117491764));
#6295 = CARTESIAN_POINT('',(0.66,-0.299710710819,1.235921272022));
#6296 = CARTESIAN_POINT('',(0.66,-0.298904551758,1.245771471938));
#6297 = CARTESIAN_POINT('',(0.66,-0.296585103724,1.265125169703));
#6298 = CARTESIAN_POINT('',(0.66,-0.295102339165,1.274626258325));
#6299 = CARTESIAN_POINT('',(0.66,-0.293263240337,1.284139377081));
#6300 = CARTESIAN_POINT('',(0.66,-0.291059628806,1.293647957516));
#6301 = CARTESIAN_POINT('',(0.66,-0.288484130363,1.303133926208));
#6302 = CARTESIAN_POINT('',(0.66,-0.282698083788,1.321631884472));
#6303 = CARTESIAN_POINT('',(0.66,-0.279518227914,1.330647303479));
#6304 = CARTESIAN_POINT('',(0.66,-0.275984860345,1.33960658093));
#6305 = CARTESIAN_POINT('',(0.66,-0.272093455342,1.348491200819));
#6306 = CARTESIAN_POINT('',(0.66,-0.267840708483,1.357281511993));
#6307 = CARTESIAN_POINT('',(0.66,-0.258792476906,1.374285940745));
#6308 = CARTESIAN_POINT('',(0.66,-0.254025481533,1.382509111114));
#6309 = CARTESIAN_POINT('',(0.66,-0.248921768643,1.390607755283));
#6310 = CARTESIAN_POINT('',(0.66,-0.243480982245,1.398562700734));
#6311 = CARTESIAN_POINT('',(0.66,-0.237704192262,1.406354086406));
#6312 = CARTESIAN_POINT('',(0.66,-0.22571513259,1.421280378602));
#6313 = CARTESIAN_POINT('',(0.66,-0.219527706492,1.428429037341));
#6314 = CARTESIAN_POINT('',(0.66,-0.213033892817,1.435388992124));
#6315 = CARTESIAN_POINT('',(0.66,-0.206237433156,1.442141613477));
#6316 = CARTESIAN_POINT('',(0.66,-0.199143534101,1.448667989237));
#6317 = CARTESIAN_POINT('',(0.66,-0.184639374507,1.46100431938));
#6318 = CARTESIAN_POINT('',(0.66,-0.177249666015,1.466831638372));
#6319 = CARTESIAN_POINT('',(0.66,-0.169595736209,1.472413656662));
#6320 = CARTESIAN_POINT('',(0.66,-0.161685054894,1.477733175901));
#6321 = CARTESIAN_POINT('',(0.66,-0.153526567249,1.482773024258));
#6322 = CARTESIAN_POINT('',(0.66,-0.137020407721,1.492097753386));
#6323 = CARTESIAN_POINT('',(0.66,-0.128688747003,1.496402530856));
#6324 = CARTESIAN_POINT('',(0.66,-0.12014499879,1.500414878928));
#6325 = CARTESIAN_POINT('',(0.66,-0.111400259626,1.504119593216));
#6326 = CARTESIAN_POINT('',(0.66,-0.102467435485,1.507501774849));
#6327 = CARTESIAN_POINT('',(0.66,-8.453493192811E-02,1.513498294635));
#6328 = CARTESIAN_POINT('',(0.66,-7.554639694304E-02,1.516132890753));
#6329 = CARTESIAN_POINT('',(0.66,-6.64085144705E-02,1.518437847791));
#6330 = CARTESIAN_POINT('',(0.66,-5.713783351899E-02,1.520400106432));
#6331 = CARTESIAN_POINT('',(0.66,-4.775488525608E-02,1.522007764907));
#6332 = CARTESIAN_POINT('',(0.66,-2.969295309097E-02,1.524379864025));
#6333 = CARTESIAN_POINT('',(0.66,-2.102888075484E-02,1.525208782901));
#6334 = CARTESIAN_POINT('',(0.66,-1.231401679426E-02,1.525730893697));
#6335 = CARTESIAN_POINT('',(0.66,-3.572675622322E-03,1.525941364018));
#6336 = CARTESIAN_POINT('',(0.66,5.168222805428E-03,1.525838983228));
#6337 = CARTESIAN_POINT('',(0.66,2.337847467049E-02,1.524978205181));
#6338 = CARTESIAN_POINT('',(0.66,3.284375814827E-02,1.524161190409));
#6339 = CARTESIAN_POINT('',(0.66,4.224166817951E-02,1.522980309203));
#6340 = CARTESIAN_POINT('',(0.66,5.154498116248E-02,1.52144453626));
#6341 = CARTESIAN_POINT('',(0.66,6.073223707979E-02,1.519565307122));
#6342 = CARTESIAN_POINT('',(0.66,7.909772773064E-02,1.515080653378));
#6343 = CARTESIAN_POINT('',(0.66,8.826753248322E-02,1.512456350085));
#6344 = CARTESIAN_POINT('',(0.66,9.727917108862E-02,1.509494369221));
#6345 = CARTESIAN_POINT('',(0.66,0.106117308319,1.506208374239));
#6346 = CARTESIAN_POINT('',(0.66,0.114768939441,1.502612541932));
#6347 = CARTESIAN_POINT('',(0.66,0.131966117695,1.494697909774));
#6348 = CARTESIAN_POINT('',(0.66,0.140497702999,1.490358571609));
#6349 = CARTESIAN_POINT('',(0.66,0.148806061897,1.485719660214));
#6350 = CARTESIAN_POINT('',(0.66,0.156880650792,1.480797427009));
#6351 = CARTESIAN_POINT('',(0.66,0.164712466725,1.47560826256));
#6352 = CARTESIAN_POINT('',(0.66,0.180151423764,1.464531255078));
#6353 = CARTESIAN_POINT('',(0.66,0.187739958872,1.458624810593));
#6354 = CARTESIAN_POINT('',(0.66,0.195051326582,1.452467732556));
#6355 = CARTESIAN_POINT('',(0.66,0.202078661493,1.446078253645));
#6356 = CARTESIAN_POINT('',(0.66,0.208816558921,1.439474469779));
#6357 = CARTESIAN_POINT('',(0.66,0.221953232148,1.425612904145));
#6358 = CARTESIAN_POINT('',(0.66,0.228328983313,1.41833967682));
#6359 = CARTESIAN_POINT('',(0.66,0.234383958936,1.410874731309));
#6360 = CARTESIAN_POINT('',(0.66,0.240115246881,1.403237638329));
#6361 = CARTESIAN_POINT('',(0.66,0.245521392347,1.395447466144));
#6362 = CARTESIAN_POINT('',(0.66,0.255889855564,1.379276097975));
#6363 = CARTESIAN_POINT('',(0.66,0.260825146013,1.370883681886));
#6364 = CARTESIAN_POINT('',(0.66,0.265408341569,1.362366377835));
#6365 = CARTESIAN_POINT('',(0.66,0.269640849736,1.353744088225));
#6366 = CARTESIAN_POINT('',(0.66,0.273525413156,1.345035772328));
#6367 = CARTESIAN_POINT('',(0.66,0.280757352367,1.327109961101));
#6368 = CARTESIAN_POINT('',(0.66,0.284074759274,1.317886517643));
#6369 = CARTESIAN_POINT('',(0.66,0.287023012024,1.308609403309));
#6370 = CARTESIAN_POINT('',(0.66,0.289607802772,1.299297542852));
#6371 = CARTESIAN_POINT('',(0.66,0.291835834134,1.289968498384));
#6372 = CARTESIAN_POINT('',(0.66,0.295674958709,1.270905470981));
#6373 = CARTESIAN_POINT('',(0.66,0.297255116553,1.261171411794));
#6374 = CARTESIAN_POINT('',(0.66,0.298464074992,1.251454521799));
#6375 = CARTESIAN_POINT('',(0.66,0.299311100714,1.241771401083));
#6376 = CARTESIAN_POINT('',(0.66,0.299805944827,1.232137019844));
#6377 = CARTESIAN_POINT('',(0.66,0.30011808361,1.212595326012));
#6378 = CARTESIAN_POINT('',(0.66,0.299906283631,1.202693348802));
#6379 = CARTESIAN_POINT('',(0.66,0.299334987113,1.192873693594));
#6380 = CARTESIAN_POINT('',(0.66,0.298415571185,1.183149633751));
#6381 = CARTESIAN_POINT('',(0.66,0.297159245916,1.173532809156));
#6382 = CARTESIAN_POINT('',(0.66,0.293937772017,1.154190866917));
#6383 = CARTESIAN_POINT('',(0.66,0.291948568133,1.144474505513));
#6384 = CARTESIAN_POINT('',(0.66,0.289621677512,1.134895129825));
#6385 = CARTESIAN_POINT('',(0.66,0.286968496105,1.125462405282));
#6386 = CARTESIAN_POINT('',(0.66,0.283999580964,1.116184674916));
#6387 = CARTESIAN_POINT('',(0.66,0.277365684897,1.097719334783));
#6388 = CARTESIAN_POINT('',(0.66,0.273684712853,1.08854034335));
#6389 = CARTESIAN_POINT('',(0.66,0.269692176119,1.079539433524));
#6390 = CARTESIAN_POINT('',(0.66,0.265397048483,1.07072335418));
#6391 = CARTESIAN_POINT('',(0.66,0.260806835513,1.062098154612));
#6392 = CARTESIAN_POINT('',(0.66,0.251004164416,1.045163946312));
#6393 = CARTESIAN_POINT('',(0.66,0.245786379559,1.036858764173));
#6394 = CARTESIAN_POINT('',(0.66,0.240280407048,1.028758964174));
#6395 = CARTESIAN_POINT('',(0.66,0.234490342534,1.020870115558));
#6396 = CARTESIAN_POINT('',(0.66,0.228418190257,1.013198030747));
#6397 = CARTESIAN_POINT('',(0.66,0.215801462132,0.998407266407));
#6398 = CARTESIAN_POINT('',(0.66,0.209265037039,0.991282398269));
#6399 = CARTESIAN_POINT('',(0.66,0.202454011648,0.98438004474));
#6400 = CARTESIAN_POINT('',(0.66,0.195365844133,0.977707070031));
#6401 = CARTESIAN_POINT('',(0.66,0.187995125017,0.971271927442));
#6402 = CARTESIAN_POINT('',(0.66,0.173012685338,0.959175110633));
#6403 = CARTESIAN_POINT('',(0.66,0.165426730288,0.953491920673));
#6404 = CARTESIAN_POINT('',(0.66,0.157566473117,0.948044968651));
#6405 = CARTESIAN_POINT('',(0.66,0.149421191466,0.9428457983));
#6406 = CARTESIAN_POINT('',(0.66,0.140976348171,0.937909629891));
#6407 = CARTESIAN_POINT('',(0.66,0.124148062588,0.928975570166));
#6408 = CARTESIAN_POINT('',(0.66,0.115814079383,0.924934455913));
#6409 = CARTESIAN_POINT('',(0.66,0.107194119667,0.921149233675));
#6410 = CARTESIAN_POINT('',(0.66,9.826941158436E-02,0.91763978502));
#6411 = CARTESIAN_POINT('',(0.66,8.901687105598E-02,0.914432779149));
#6412 = CARTESIAN_POINT('',(0.66,6.762842160337E-02,0.908048369916));
#6413 = CARTESIAN_POINT('',(0.66,5.540310162877E-02,0.905067930004));
#6414 = CARTESIAN_POINT('',(0.66,4.253150709481E-02,0.902628405907));
#6415 = CARTESIAN_POINT('',(0.66,2.893757304003E-02,0.900850137762));
#6416 = CARTESIAN_POINT('',(0.66,1.468319780375E-02,0.899909084997));
#6417 = CARTESIAN_POINT('',(0.66,0.,0.899909083395));
#6418 = PLANE('',#6419);
#6419 = AXIS2_PLACEMENT_3D('',#6420,#6421,#6422);
#6420 = CARTESIAN_POINT('',(0.66,1.25,1.25));
#6421 = DIRECTION('',(-1.,0.,0.));
#6422 = DIRECTION('',(0.,0.,-1.));
#6423 = ADVANCED_FACE('',(#6424),#6443,.T.);
#6424 = FACE_BOUND('',#6425,.T.);
#6425 = EDGE_LOOP('',(#6426,#6435,#6441,#6442));
#6426 = ORIENTED_EDGE('',*,*,#6427,.T.);
#6427 = EDGE_CURVE('',#6428,#6428,#6430,.T.);
#6428 = VERTEX_POINT('',#6429);
#6429 = CARTESIAN_POINT('',(5.385,1.125,1.25));
#6430 = CIRCLE('',#6431,1.125);
#6431 = AXIS2_PLACEMENT_3D('',#6432,#6433,#6434);
#6432 = CARTESIAN_POINT('',(5.385,0.,1.25));
#6433 = DIRECTION('',(-1.,0.,0.));
#6434 = DIRECTION('',(0.,1.,0.));
#6435 = ORIENTED_EDGE('',*,*,#6436,.F.);
#6436 = EDGE_CURVE('',#6228,#6428,#6437,.T.);
#6437 = LINE('',#6438,#6439);
#6438 = CARTESIAN_POINT('',(0.66,1.125,1.25));
#6439 = VECTOR('',#6440,1.);
#6440 = DIRECTION('',(1.,0.,0.));
#6441 = ORIENTED_EDGE('',*,*,#6227,.F.);
#6442 = ORIENTED_EDGE('',*,*,#6436,.T.);
#6443 = CYLINDRICAL_SURFACE('',#6444,1.125);
#6444 = AXIS2_PLACEMENT_3D('',#6445,#6446,#6447);
#6445 = CARTESIAN_POINT('',(0.66,0.,1.25));
#6446 = DIRECTION('',(-1.,-0.,-0.));
#6447 = DIRECTION('',(0.,1.,0.));
#6448 = ADVANCED_FACE('',(#6449),#6469,.T.);
#6449 = FACE_BOUND('',#6450,.T.);
#6450 = EDGE_LOOP('',(#6451,#6460,#6467,#6468));
#6451 = ORIENTED_EDGE('',*,*,#6452,.T.);
#6452 = EDGE_CURVE('',#6453,#6453,#6455,.T.);
#6453 = VERTEX_POINT('',#6454);
#6454 = CARTESIAN_POINT('',(0.3,0.,0.35));
#6455 = CIRCLE('',#6456,0.3);
#6456 = AXIS2_PLACEMENT_3D('',#6457,#6458,#6459);
#6457 = CARTESIAN_POINT('',(0.,0.,0.35));
#6458 = DIRECTION('',(0.,0.,1.));
#6459 = DIRECTION('',(1.,0.,-0.));
#6460 = ORIENTED_EDGE('',*,*,#6461,.T.);
#6461 = EDGE_CURVE('',#6453,#6248,#6462,.T.);
#6462 = CIRCLE('',#6463,0.6);
#6463 = AXIS2_PLACEMENT_3D('',#6464,#6465,#6466);
#6464 = CARTESIAN_POINT('',(0.9,1.102182119233E-16,0.35));
#6465 = DIRECTION('',(0.,1.,-0.));
#6466 = DIRECTION('',(-1.,0.,4.93432455389E-16));
#6467 = ORIENTED_EDGE('',*,*,#6247,.T.);
#6468 = ORIENTED_EDGE('',*,*,#6461,.F.);
#6469 = TOROIDAL_SURFACE('',#6470,0.9,0.3);
#6470 = AXIS2_PLACEMENT_3D('',#6471,#6472,#6473);
#6471 = CARTESIAN_POINT('',(0.9,0.,0.35));
#6472 = DIRECTION('',(0.,1.,0.));
#6473 = DIRECTION('',(-1.,0.,4.93432455389E-16));
#6474 = ADVANCED_FACE('',(#6475,#6486),#6489,.T.);
#6475 = FACE_BOUND('',#6476,.T.);
#6476 = EDGE_LOOP('',(#6477));
#6477 = ORIENTED_EDGE('',*,*,#6478,.F.);
#6478 = EDGE_CURVE('',#6479,#6479,#6481,.T.);
#6479 = VERTEX_POINT('',#6480);
#6480 = CARTESIAN_POINT('',(5.385,1.25,1.25));
#6481 = CIRCLE('',#6482,1.25);
#6482 = AXIS2_PLACEMENT_3D('',#6483,#6484,#6485);
#6483 = CARTESIAN_POINT('',(5.385,0.,1.25));
#6484 = DIRECTION('',(1.,0.,0.));
#6485 = DIRECTION('',(-0.,1.,0.));
#6486 = FACE_BOUND('',#6487,.T.);
#6487 = EDGE_LOOP('',(#6488));
#6488 = ORIENTED_EDGE('',*,*,#6427,.F.);
#6489 = PLANE('',#6490);
#6490 = AXIS2_PLACEMENT_3D('',#6491,#6492,#6493);
#6491 = CARTESIAN_POINT('',(5.385,1.25,1.25));
#6492 = DIRECTION('',(-1.,0.,0.));
#6493 = DIRECTION('',(0.,0.,-1.));
#6494 = ADVANCED_FACE('',(#6495),#6514,.T.);
#6495 = FACE_BOUND('',#6496,.T.);
#6496 = EDGE_LOOP('',(#6497,#6505,#6506,#6507));
#6497 = ORIENTED_EDGE('',*,*,#6498,.T.);
#6498 = EDGE_CURVE('',#6499,#6453,#6501,.T.);
#6499 = VERTEX_POINT('',#6500);
#6500 = CARTESIAN_POINT('',(0.3,-7.347880794884E-17,-3.));
#6501 = LINE('',#6502,#6503);
#6502 = CARTESIAN_POINT('',(0.3,0.,-3.));
#6503 = VECTOR('',#6504,1.);
#6504 = DIRECTION('',(0.,0.,1.));
#6505 = ORIENTED_EDGE('',*,*,#6452,.F.);
#6506 = ORIENTED_EDGE('',*,*,#6498,.F.);
#6507 = ORIENTED_EDGE('',*,*,#6508,.T.);
#6508 = EDGE_CURVE('',#6499,#6499,#6509,.T.);
#6509 = CIRCLE('',#6510,0.3);
#6510 = AXIS2_PLACEMENT_3D('',#6511,#6512,#6513);
#6511 = CARTESIAN_POINT('',(0.,0.,-3.));
#6512 = DIRECTION('',(0.,0.,1.));
#6513 = DIRECTION('',(1.,0.,-0.));
#6514 = CYLINDRICAL_SURFACE('',#6515,0.3);
#6515 = AXIS2_PLACEMENT_3D('',#6516,#6517,#6518);
#6516 = CARTESIAN_POINT('',(0.,0.,-3.));
#6517 = DIRECTION('',(0.,0.,1.));
#6518 = DIRECTION('',(1.,0.,-0.));
#6519 = ADVANCED_FACE('',(#6520),#6539,.T.);
#6520 = FACE_BOUND('',#6521,.T.);
#6521 = EDGE_LOOP('',(#6522,#6523,#6531,#6538));
#6522 = ORIENTED_EDGE('',*,*,#6478,.T.);
#6523 = ORIENTED_EDGE('',*,*,#6524,.T.);
#6524 = EDGE_CURVE('',#6479,#6525,#6527,.T.);
#6525 = VERTEX_POINT('',#6526);
#6526 = CARTESIAN_POINT('',(6.335,1.25,1.25));
#6527 = LINE('',#6528,#6529);
#6528 = CARTESIAN_POINT('',(5.385,1.25,1.25));
#6529 = VECTOR('',#6530,1.);
#6530 = DIRECTION('',(1.,0.,0.));
#6531 = ORIENTED_EDGE('',*,*,#6532,.F.);
#6532 = EDGE_CURVE('',#6525,#6525,#6533,.T.);
#6533 = CIRCLE('',#6534,1.25);
#6534 = AXIS2_PLACEMENT_3D('',#6535,#6536,#6537);
#6535 = CARTESIAN_POINT('',(6.335,0.,1.25));
#6536 = DIRECTION('',(1.,0.,0.));
#6537 = DIRECTION('',(-0.,1.,0.));
#6538 = ORIENTED_EDGE('',*,*,#6524,.F.);
#6539 = CYLINDRICAL_SURFACE('',#6540,1.25);
#6540 = AXIS2_PLACEMENT_3D('',#6541,#6542,#6543);
#6541 = CARTESIAN_POINT('',(5.385,0.,1.25));
#6542 = DIRECTION('',(-1.,-0.,-0.));
#6543 = DIRECTION('',(0.,1.,0.));
#6544 = ADVANCED_FACE('',(#6545),#6548,.T.);
#6545 = FACE_BOUND('',#6546,.F.);
#6546 = EDGE_LOOP('',(#6547));
#6547 = ORIENTED_EDGE('',*,*,#6508,.T.);
#6548 = PLANE('',#6549);
#6549 = AXIS2_PLACEMENT_3D('',#6550,#6551,#6552);
#6550 = CARTESIAN_POINT('',(0.3,0.,-3.));
#6551 = DIRECTION('',(0.,0.,-1.));
#6552 = DIRECTION('',(-1.,0.,0.));
#6553 = ADVANCED_FACE('',(#6554),#6574,.T.);
#6554 = FACE_BOUND('',#6555,.T.);
#6555 = EDGE_LOOP('',(#6556,#6565,#6566,#6567));
#6556 = ORIENTED_EDGE('',*,*,#6557,.F.);
#6557 = EDGE_CURVE('',#6525,#6558,#6560,.T.);
#6558 = VERTEX_POINT('',#6559);
#6559 = CARTESIAN_POINT('',(6.96,0.625,1.25));
#6560 = CIRCLE('',#6561,0.625);
#6561 = AXIS2_PLACEMENT_3D('',#6562,#6563,#6564);
#6562 = CARTESIAN_POINT('',(6.335,0.625,1.25));
#6563 = DIRECTION('',(0.,0.,-1.));
#6564 = DIRECTION('',(0.,1.,0.));
#6565 = ORIENTED_EDGE('',*,*,#6532,.T.);
#6566 = ORIENTED_EDGE('',*,*,#6557,.T.);
#6567 = ORIENTED_EDGE('',*,*,#6568,.F.);
#6568 = EDGE_CURVE('',#6558,#6558,#6569,.T.);
#6569 = CIRCLE('',#6570,0.625);
#6570 = AXIS2_PLACEMENT_3D('',#6571,#6572,#6573);
#6571 = CARTESIAN_POINT('',(6.96,0.,1.25));
#6572 = DIRECTION('',(1.,0.,0.));
#6573 = DIRECTION('',(-0.,1.,0.));
#6574 = TOROIDAL_SURFACE('',#6575,0.625,0.625);
#6575 = AXIS2_PLACEMENT_3D('',#6576,#6577,#6578);
#6576 = CARTESIAN_POINT('',(6.335,0.,1.25));
#6577 = DIRECTION('',(1.,0.,0.));
#6578 = DIRECTION('',(-0.,1.,0.));
#6579 = ADVANCED_FACE('',(#6580,#6583),#6757,.F.);
#6580 = FACE_BOUND('',#6581,.F.);
#6581 = EDGE_LOOP('',(#6582));
#6582 = ORIENTED_EDGE('',*,*,#6568,.F.);
#6583 = FACE_BOUND('',#6584,.F.);
#6584 = EDGE_LOOP('',(#6585));
#6585 = ORIENTED_EDGE('',*,*,#6586,.F.);
#6586 = EDGE_CURVE('',#6587,#6587,#6589,.T.);
#6587 = VERTEX_POINT('',#6588);
#6588 = CARTESIAN_POINT('',(6.96,1.102182119233E-16,0.899909083395));
#6589 = B_SPLINE_CURVE_WITH_KNOTS('',6,(#6590,#6591,#6592,#6593,#6594,
    #6595,#6596,#6597,#6598,#6599,#6600,#6601,#6602,#6603,#6604,#6605,
    #6606,#6607,#6608,#6609,#6610,#6611,#6612,#6613,#6614,#6615,#6616,
    #6617,#6618,#6619,#6620,#6621,#6622,#6623,#6624,#6625,#6626,#6627,
    #6628,#6629,#6630,#6631,#6632,#6633,#6634,#6635,#6636,#6637,#6638,
    #6639,#6640,#6641,#6642,#6643,#6644,#6645,#6646,#6647,#6648,#6649,
    #6650,#6651,#6652,#6653,#6654,#6655,#6656,#6657,#6658,#6659,#6660,
    #6661,#6662,#6663,#6664,#6665,#6666,#6667,#6668,#6669,#6670,#6671,
    #6672,#6673,#6674,#6675,#6676,#6677,#6678,#6679,#6680,#6681,#6682,
    #6683,#6684,#6685,#6686,#6687,#6688,#6689,#6690,#6691,#6692,#6693,
    #6694,#6695,#6696,#6697,#6698,#6699,#6700,#6701,#6702,#6703,#6704,
    #6705,#6706,#6707,#6708,#6709,#6710,#6711,#6712,#6713,#6714,#6715,
    #6716,#6717,#6718,#6719,#6720,#6721,#6722,#6723,#6724,#6725,#6726,
    #6727,#6728,#6729,#6730,#6731,#6732,#6733,#6734,#6735,#6736,#6737,
    #6738,#6739,#6740,#6741,#6742,#6743,#6744,#6745,#6746,#6747,#6748,
    #6749,#6750,#6751,#6752,#6753,#6754,#6755,#6756),.UNSPECIFIED.,.T.,
  .F.,(1,6,5,5,5,5,5,5,5,5,5,5,5,5,5,5,5,5,5,5,5,5,5,5,5,5,5,5,5,5,5,5,5
    ,5,6,1),(-3.7454922963E-02,0.,2.522151735631E-02,5.431626764274E-02,
    8.648932873413E-02,0.120698905604,0.15585219498,0.191016701755,
    0.225517033144,0.258939642143,0.291086884381,0.32191412294,
    0.351469698498,0.379846555914,0.407148198058,0.433469525493,
    0.458895614127,0.483540398702,0.505898369155,0.530279933853,
    0.555348100008,0.581270886766,0.608136607836,0.636034631737,
    0.665066137875,0.695331933304,0.726904811218,0.759787311372,
    0.793856187529,0.828799116201,0.864057997078,0.898806507422,
    0.932001552493,0.962545077037,1.,1.025221517356),.UNSPECIFIED.);
#6590 = CARTESIAN_POINT('',(6.96,0.,0.899909083395));
#6591 = CARTESIAN_POINT('',(6.96,-9.860167462582E-03,0.89990896861));
#6592 = CARTESIAN_POINT('',(6.96,-1.96044152314E-02,0.900333777569));
#6593 = CARTESIAN_POINT('',(6.96,-2.906856746895E-02,0.901162791225));
#6594 = CARTESIAN_POINT('',(6.96,-3.818494668051E-02,0.902337445313));
#6595 = CARTESIAN_POINT('',(6.96,-4.697397432956E-02,0.903804960014));
#6596 = CARTESIAN_POINT('',(6.96,-6.54122858756E-02,0.907588661461));
#6597 = CARTESIAN_POINT('',(6.96,-7.491985816654E-02,0.909985989386));
#6598 = CARTESIAN_POINT('',(6.96,-8.408849098391E-02,0.912709553602));
#6599 = CARTESIAN_POINT('',(6.96,-9.294310465939E-02,0.915726321464));
#6600 = CARTESIAN_POINT('',(6.96,-0.10150496885,0.919011549987));
#6601 = CARTESIAN_POINT('',(6.96,-0.118958221281,0.926453836747));
#6602 = CARTESIAN_POINT('',(6.96,-0.127787715696,0.930666010737));
#6603 = CARTESIAN_POINT('',(6.96,-0.136306161655,0.935155928941));
#6604 = CARTESIAN_POINT('',(6.96,-0.144532121634,0.939904049757));
#6605 = CARTESIAN_POINT('',(6.96,-0.152479877126,0.944895641374));
#6606 = CARTESIAN_POINT('',(6.96,-0.168328600516,0.955672815412));
#6607 = CARTESIAN_POINT('',(6.96,-0.176194773963,0.961488214941));
#6608 = CARTESIAN_POINT('',(6.96,-0.183772608747,0.967551566344));
#6609 = CARTESIAN_POINT('',(6.96,-0.191071765541,0.973851742068));
#6610 = CARTESIAN_POINT('',(6.96,-0.198098606692,0.980379951052));
#6611 = CARTESIAN_POINT('',(6.96,-0.211800202804,0.994065659178));
#6612 = CARTESIAN_POINT('',(6.96,-0.218460270558,1.001234983766));
#6613 = CARTESIAN_POINT('',(6.96,-0.224839910615,1.00863041136));
#6614 = CARTESIAN_POINT('',(6.96,-0.230940211566,1.016245364777));
#6615 = CARTESIAN_POINT('',(6.96,-0.236759839456,1.024073990789));
#6616 = CARTESIAN_POINT('',(6.96,-0.247832003876,1.040150861324));
#6617 = CARTESIAN_POINT('',(6.96,-0.253084568675,1.048398903269));
#6618 = CARTESIAN_POINT('',(6.96,-0.258049049185,1.05685004652));
#6619 = CARTESIAN_POINT('',(6.96,-0.2627200155,1.065498685566));
#6620 = CARTESIAN_POINT('',(6.96,-0.267090290802,1.074338848812));
#6621 = CARTESIAN_POINT('',(6.96,-0.275134913375,1.092219064394));
#6622 = CARTESIAN_POINT('',(6.96,-0.278821000575,1.10125194666));
#6623 = CARTESIAN_POINT('',(6.96,-0.282200788118,1.110456818481));
#6624 = CARTESIAN_POINT('',(6.96,-0.285264726102,1.119826534893));
#6625 = CARTESIAN_POINT('',(6.96,-0.288002139566,1.129352832871));
#6626 = CARTESIAN_POINT('',(6.96,-0.292725370416,1.148397637921));
#6627 = CARTESIAN_POINT('',(6.96,-0.29473215882,1.157906911838));
#6628 = CARTESIAN_POINT('',(6.96,-0.296410834199,1.16754558505));
#6629 = CARTESIAN_POINT('',(6.96,-0.297750172302,1.177303521997));
#6630 = CARTESIAN_POINT('',(6.96,-0.298738484134,1.187169019587));
#6631 = CARTESIAN_POINT('',(6.96,-0.29996489055,1.20670853133));
#6632 = CARTESIAN_POINT('',(6.96,-0.300230362775,1.216375375657));
#6633 = CARTESIAN_POINT('',(6.96,-0.300149187552,1.22611747583));
#6634 = CARTESIAN_POINT('',(6.96,-0.299710732489,1.235921267953));
#6635 = CARTESIAN_POINT('',(6.96,-0.298904577874,1.245771488577));
#6636 = CARTESIAN_POINT('',(6.96,-0.296585075031,1.265125180201));
#6637 = CARTESIAN_POINT('',(6.96,-0.295102319855,1.27462625024));
#6638 = CARTESIAN_POINT('',(6.96,-0.293263243612,1.284139361954));
#6639 = CARTESIAN_POINT('',(6.96,-0.29105964956,1.293647958229));
#6640 = CARTESIAN_POINT('',(6.96,-0.288484151749,1.303133947704));
#6641 = CARTESIAN_POINT('',(6.96,-0.282698057797,1.321631888118));
#6642 = CARTESIAN_POINT('',(6.96,-0.279518212828,1.330647292743));
#6643 = CARTESIAN_POINT('',(6.96,-0.275984865526,1.339606568389));
#6644 = CARTESIAN_POINT('',(6.96,-0.27209347283,1.348491205415));
#6645 = CARTESIAN_POINT('',(6.96,-0.26784072321,1.357281534804));
#6646 = CARTESIAN_POINT('',(6.96,-0.258792456003,1.374285939199));
#6647 = CARTESIAN_POINT('',(6.96,-0.254025471274,1.382509099941));
#6648 = CARTESIAN_POINT('',(6.96,-0.248921774536,1.390607746147));
#6649 = CARTESIAN_POINT('',(6.96,-0.24348099529,1.398562707415));
#6650 = CARTESIAN_POINT('',(6.96,-0.237704200488,1.406354107177));
#6651 = CARTESIAN_POINT('',(6.96,-0.225715116467,1.421280374005));
#6652 = CARTESIAN_POINT('',(6.96,-0.219527700064,1.428429026844));
#6653 = CARTESIAN_POINT('',(6.96,-0.213033898729,1.435388985848));
#6654 = CARTESIAN_POINT('',(6.96,-0.206237442407,1.442141620875));
#6655 = CARTESIAN_POINT('',(6.96,-0.199143537578,1.448668007007));
#6656 = CARTESIAN_POINT('',(6.96,-0.184639358866,1.461004311837));
#6657 = CARTESIAN_POINT('',(6.96,-0.177249661366,1.46683162664));
#6658 = CARTESIAN_POINT('',(6.96,-0.169595743404,1.472413651413));
#6659 = CARTESIAN_POINT('',(6.96,-0.161685063001,1.477733185029));
#6660 = CARTESIAN_POINT('',(6.96,-0.153526567552,1.482773042789));
#6661 = CARTESIAN_POINT('',(6.96,-0.137020377957,1.492097733275));
#6662 = CARTESIAN_POINT('',(6.96,-0.128688741655,1.496402506097));
#6663 = CARTESIAN_POINT('',(6.96,-0.120145015698,1.500414870926));
#6664 = CARTESIAN_POINT('',(6.96,-0.111400273136,1.504119613979));
#6665 = CARTESIAN_POINT('',(6.96,-0.102467429294,1.507501811642));
#6666 = CARTESIAN_POINT('',(6.96,-8.453487359643E-02,1.513498183633));
#6667 = CARTESIAN_POINT('',(6.96,-7.554644720911E-02,1.51613308184));
#6668 = CARTESIAN_POINT('',(6.96,-6.640854708582E-02,1.518437839156));
#6669 = CARTESIAN_POINT('',(6.96,-5.713780068804E-02,1.520399910874));
#6670 = CARTESIAN_POINT('',(6.96,-4.775487845774E-02,1.522007893513));
#6671 = CARTESIAN_POINT('',(6.96,-2.969292548283E-02,1.52437977876));
#6672 = CARTESIAN_POINT('',(6.96,-2.102889094976E-02,1.525208924822));
#6673 = CARTESIAN_POINT('',(6.96,-1.231404153143E-02,1.525730890851));
#6674 = CARTESIAN_POINT('',(6.96,-3.572679276074E-03,1.525941220805));
#6675 = CARTESIAN_POINT('',(6.96,5.168243033088E-03,1.52583907475));
#6676 = CARTESIAN_POINT('',(6.96,2.337844678287E-02,1.524978413229));
#6677 = CARTESIAN_POINT('',(6.96,3.284373024997E-02,1.524160868463));
#6678 = CARTESIAN_POINT('',(6.96,4.224172239025E-02,1.522980299422));
#6679 = CARTESIAN_POINT('',(6.96,5.154503802108E-02,1.521444853212));
#6680 = CARTESIAN_POINT('',(6.96,6.073215666605E-02,1.519565119195));
#6681 = CARTESIAN_POINT('',(6.96,7.909771199475E-02,1.515080715405));
#6682 = CARTESIAN_POINT('',(6.96,8.82675531125E-02,1.512456387335));
#6683 = CARTESIAN_POINT('',(6.96,9.727920151967E-02,1.509494357792));
#6684 = CARTESIAN_POINT('',(6.96,0.106117302403,1.506208331254));
#6685 = CARTESIAN_POINT('',(6.96,0.114768890523,1.502612503667));
#6686 = CARTESIAN_POINT('',(6.96,0.1319661163,1.494697932395));
#6687 = CARTESIAN_POINT('',(6.96,0.140497712216,1.490358583428));
#6688 = CARTESIAN_POINT('',(6.96,0.148806071355,1.485719654426));
#6689 = CARTESIAN_POINT('',(6.96,0.156880646133,1.480797412311));
#6690 = CARTESIAN_POINT('',(6.96,0.164712447986,1.475608252032));
#6691 = CARTESIAN_POINT('',(6.96,0.180151425777,1.46453127229));
#6692 = CARTESIAN_POINT('',(6.96,0.187739967164,1.45862481836));
#6693 = CARTESIAN_POINT('',(6.96,0.195051332691,1.452467727028));
#6694 = CARTESIAN_POINT('',(6.96,0.20207865613,1.446078243141));
#6695 = CARTESIAN_POINT('',(6.96,0.208816543867,1.439474464151));
#6696 = CARTESIAN_POINT('',(6.96,0.221953238059,1.425612923524));
#6697 = CARTESIAN_POINT('',(6.96,0.228328994524,1.418339683896));
#6698 = CARTESIAN_POINT('',(6.96,0.234383964852,1.410874723556));
#6699 = CARTESIAN_POINT('',(6.96,0.240115238483,1.403237627432));
#6700 = CARTESIAN_POINT('',(6.96,0.245521373748,1.395447463058));
#6701 = CARTESIAN_POINT('',(6.96,0.25588986733,1.379276120213));
#6702 = CARTESIAN_POINT('',(6.96,0.260825161615,1.370883687614));
#6703 = CARTESIAN_POINT('',(6.96,0.265408347201,1.362366366749));
#6704 = CARTESIAN_POINT('',(6.96,0.269640836772,1.353744077057));
#6705 = CARTESIAN_POINT('',(6.96,0.273525389215,1.345035773446));
#6706 = CARTESIAN_POINT('',(6.96,0.280757370989,1.327109983642));
#6707 = CARTESIAN_POINT('',(6.96,0.284074778857,1.317886520225));
#6708 = CARTESIAN_POINT('',(6.96,0.28702301626,1.308609389122));
#6709 = CARTESIAN_POINT('',(6.96,0.289607785113,1.29929753334));
#6710 = CARTESIAN_POINT('',(6.96,0.291835806202,1.289968505808));
#6711 = CARTESIAN_POINT('',(6.96,0.295674983107,1.270905490066));
#6712 = CARTESIAN_POINT('',(6.96,0.297255138129,1.261171409814));
#6713 = CARTESIAN_POINT('',(6.96,0.298464076807,1.251454505978));
#6714 = CARTESIAN_POINT('',(6.96,0.299311079865,1.241771395371));
#6715 = CARTESIAN_POINT('',(6.96,0.299805916194,1.232137034265));
#6716 = CARTESIAN_POINT('',(6.96,0.300118111197,1.212595339038));
#6717 = CARTESIAN_POINT('',(6.96,0.299906304864,1.202693342182));
#6718 = CARTESIAN_POINT('',(6.96,0.299334986276,1.192873677979));
#6719 = CARTESIAN_POINT('',(6.96,0.298415549391,1.183149632812));
#6720 = CARTESIAN_POINT('',(6.96,0.29715921972,1.173532829284));
#6721 = CARTESIAN_POINT('',(6.96,0.293937801394,1.154190874));
#6722 = CARTESIAN_POINT('',(6.96,0.291948588365,1.144474495238));
#6723 = CARTESIAN_POINT('',(6.96,0.28962167445,1.134895115228));
#6724 = CARTESIAN_POINT('',(6.96,0.286968474246,1.125462408515));
#6725 = CARTESIAN_POINT('',(6.96,0.283999557728,1.116184698885));
#6726 = CARTESIAN_POINT('',(6.96,0.277365720041,1.097719338125));
#6727 = CARTESIAN_POINT('',(6.96,0.273684735103,1.088540329457));
#6728 = CARTESIAN_POINT('',(6.96,0.269692170683,1.079539418357));
#6729 = CARTESIAN_POINT('',(6.96,0.265397023465,1.070723360764));
#6730 = CARTESIAN_POINT('',(6.96,0.260806811571,1.062098183552));
#6731 = CARTESIAN_POINT('',(6.96,0.251004219697,1.045163947022));
#6732 = CARTESIAN_POINT('',(6.96,0.245786411547,1.036858741787));
#6733 = CARTESIAN_POINT('',(6.96,0.240280395782,1.028758943151));
#6734 = CARTESIAN_POINT('',(6.96,0.234490304979,1.02087012779));
#6735 = CARTESIAN_POINT('',(6.96,0.22841815861,1.013198074729));
#6736 = CARTESIAN_POINT('',(6.96,0.215801547815,0.998407234883));
#6737 = CARTESIAN_POINT('',(6.96,0.209264913083,0.99128247471));
#6738 = CARTESIAN_POINT('',(6.96,0.202454000094,0.984380026053));
#6739 = CARTESIAN_POINT('',(6.96,0.195365961507,0.977706983911));
#6740 = CARTESIAN_POINT('',(6.96,0.187995061392,0.971271997058));
#6741 = CARTESIAN_POINT('',(6.96,0.173012837564,0.959175029375));
#6742 = CARTESIAN_POINT('',(6.96,0.165426529007,0.953492099376));
#6743 = CARTESIAN_POINT('',(6.96,0.157566437944,0.948044934321));
#6744 = CARTESIAN_POINT('',(6.96,0.149421373308,0.942845601948));
#6745 = CARTESIAN_POINT('',(6.96,0.140976264593,0.937909781461));
#6746 = CARTESIAN_POINT('',(6.96,0.124148131162,0.928975627958));
#6747 = CARTESIAN_POINT('',(6.96,0.115814071992,0.924934439518));
#6748 = CARTESIAN_POINT('',(6.96,0.107194037794,0.921149181784));
#6749 = CARTESIAN_POINT('',(6.96,9.826937450524E-02,0.917639774974));
#6750 = CARTESIAN_POINT('',(6.96,8.901696421491E-02,0.914432828225));
#6751 = CARTESIAN_POINT('',(6.96,6.762356037127E-02,0.908046964389));
#6752 = CARTESIAN_POINT('',(6.96,5.540377745077E-02,0.905068595899));
#6753 = CARTESIAN_POINT('',(6.96,4.253681255711E-02,0.902629529668));
#6754 = CARTESIAN_POINT('',(6.96,2.893994360873E-02,0.900849442899));
#6755 = CARTESIAN_POINT('',(6.96,1.46772221458E-02,0.899909046356));
#6756 = CARTESIAN_POINT('',(6.96,0.,0.899909083395));
#6757 = PLANE('',#6758);
#6758 = AXIS2_PLACEMENT_3D('',#6759,#6760,#6761);
#6759 = CARTESIAN_POINT('',(6.96,1.25,1.25));
#6760 = DIRECTION('',(-1.,0.,0.));
#6761 = DIRECTION('',(0.,0.,-1.));
#6762 = ADVANCED_FACE('',(#6763),#6783,.T.);
#6763 = FACE_BOUND('',#6764,.T.);
#6764 = EDGE_LOOP('',(#6765,#6766,#6775,#6782));
#6765 = ORIENTED_EDGE('',*,*,#6586,.F.);
#6766 = ORIENTED_EDGE('',*,*,#6767,.T.);
#6767 = EDGE_CURVE('',#6587,#6768,#6770,.T.);
#6768 = VERTEX_POINT('',#6769);
#6769 = CARTESIAN_POINT('',(7.32,0.,0.35));
#6770 = CIRCLE('',#6771,0.6);
#6771 = AXIS2_PLACEMENT_3D('',#6772,#6773,#6774);
#6772 = CARTESIAN_POINT('',(6.72,1.102182119233E-16,0.35));
#6773 = DIRECTION('',(0.,1.,0.));
#6774 = DIRECTION('',(0.,-0.,1.));
#6775 = ORIENTED_EDGE('',*,*,#6776,.T.);
#6776 = EDGE_CURVE('',#6768,#6768,#6777,.T.);
#6777 = CIRCLE('',#6778,0.3);
#6778 = AXIS2_PLACEMENT_3D('',#6779,#6780,#6781);
#6779 = CARTESIAN_POINT('',(7.62,0.,0.35));
#6780 = DIRECTION('',(3.828568698927E-16,-0.,1.));
#6781 = DIRECTION('',(1.,0.,-3.828568698927E-16));
#6782 = ORIENTED_EDGE('',*,*,#6767,.F.);
#6783 = TOROIDAL_SURFACE('',#6784,0.9,0.3);
#6784 = AXIS2_PLACEMENT_3D('',#6785,#6786,#6787);
#6785 = CARTESIAN_POINT('',(6.72,0.,0.35));
#6786 = DIRECTION('',(0.,1.,0.));
#6787 = DIRECTION('',(0.,-0.,1.));
#6788 = ADVANCED_FACE('',(#6789),#6808,.T.);
#6789 = FACE_BOUND('',#6790,.T.);
#6790 = EDGE_LOOP('',(#6791,#6799,#6806,#6807));
#6791 = ORIENTED_EDGE('',*,*,#6792,.T.);
#6792 = EDGE_CURVE('',#6768,#6793,#6795,.T.);
#6793 = VERTEX_POINT('',#6794);
#6794 = CARTESIAN_POINT('',(7.32,-7.347880794884E-17,-3.));
#6795 = LINE('',#6796,#6797);
#6796 = CARTESIAN_POINT('',(7.32,0.,0.35));
#6797 = VECTOR('',#6798,1.);
#6798 = DIRECTION('',(0.,0.,-1.));
#6799 = ORIENTED_EDGE('',*,*,#6800,.F.);
#6800 = EDGE_CURVE('',#6793,#6793,#6801,.T.);
#6801 = CIRCLE('',#6802,0.3);
#6802 = AXIS2_PLACEMENT_3D('',#6803,#6804,#6805);
#6803 = CARTESIAN_POINT('',(7.62,0.,-3.));
#6804 = DIRECTION('',(0.,0.,-1.));
#6805 = DIRECTION('',(-1.,0.,0.));
#6806 = ORIENTED_EDGE('',*,*,#6792,.F.);
#6807 = ORIENTED_EDGE('',*,*,#6776,.F.);
#6808 = CYLINDRICAL_SURFACE('',#6809,0.3);
#6809 = AXIS2_PLACEMENT_3D('',#6810,#6811,#6812);
#6810 = CARTESIAN_POINT('',(7.62,0.,0.35));
#6811 = DIRECTION('',(0.,0.,-1.));
#6812 = DIRECTION('',(-1.,0.,0.));
#6813 = ADVANCED_FACE('',(#6814),#6817,.F.);
#6814 = FACE_BOUND('',#6815,.T.);
#6815 = EDGE_LOOP('',(#6816));
#6816 = ORIENTED_EDGE('',*,*,#6800,.T.);
#6817 = PLANE('',#6818);
#6818 = AXIS2_PLACEMENT_3D('',#6819,#6820,#6821);
#6819 = CARTESIAN_POINT('',(7.32,0.,-3.));
#6820 = DIRECTION('',(0.,0.,1.));
#6821 = DIRECTION('',(1.,0.,-0.));
#6822 = ( GEOMETRIC_REPRESENTATION_CONTEXT(3) 
GLOBAL_UNCERTAINTY_ASSIGNED_CONTEXT((#6826)) 
GLOBAL_UNIT_ASSIGNED_CONTEXT((#6823,#6824,#6825)) REPRESENTATION_CONTEXT
('Context #1','3D Context with UNIT and UNCERTAINTY') );
#6823 = ( LENGTH_UNIT() NAMED_UNIT(*) SI_UNIT(.MILLI.,.METRE.) );
#6824 = ( NAMED_UNIT(*) PLANE_ANGLE_UNIT() SI_UNIT($,.RADIAN.) );
#6825 = ( NAMED_UNIT(*) SI_UNIT($,.STERADIAN.) SOLID_ANGLE_UNIT() );
#6826 = UNCERTAINTY_MEASURE_WITH_UNIT(LENGTH_MEASURE(1.E-07),#6823,
  'distance_accuracy_value','confusion accuracy');
#6827 = CONTEXT_DEPENDENT_SHAPE_REPRESENTATION(#6828,#6830);
#6828 = ( REPRESENTATION_RELATIONSHIP('','',#6158,#6135) 
REPRESENTATION_RELATIONSHIP_WITH_TRANSFORMATION(#6829) 
SHAPE_REPRESENTATION_RELATIONSHIP() );
#6829 = ITEM_DEFINED_TRANSFORMATION('','',#11,#6136);
#6830 = PRODUCT_DEFINITION_SHAPE('Placement','Placement of an item',
  #6831);
#6831 = NEXT_ASSEMBLY_USAGE_OCCURRENCE('7','=>[0:1:1:9]','',#6130,#6153,
  $);
#6832 = PRODUCT_RELATED_PRODUCT_CATEGORY('part',$,(#6155));
#6833 = SHAPE_DEFINITION_REPRESENTATION(#6834,#6840);
#6834 = PRODUCT_DEFINITION_SHAPE('','',#6835);
#6835 = PRODUCT_DEFINITION('design','',#6836,#6839);
#6836 = PRODUCT_DEFINITION_FORMATION('','',#6837);
#6837 = PRODUCT('LED_D5.0mm','LED_D5.0mm','',(#6838));
#6838 = PRODUCT_CONTEXT('',#2,'mechanical');
#6839 = PRODUCT_DEFINITION_CONTEXT('part definition',#2,'design');
#6840 = SHAPE_REPRESENTATION('',(#11,#6841),#6845);
#6841 = AXIS2_PLACEMENT_3D('',#6842,#6843,#6844);
#6842 = CARTESIAN_POINT('',(0.,0.,0.));
#6843 = DIRECTION('',(0.,0.,1.));
#6844 = DIRECTION('',(1.,0.,-0.));
#6845 = ( GEOMETRIC_REPRESENTATION_CONTEXT(3) 
GLOBAL_UNCERTAINTY_ASSIGNED_CONTEXT((#6849)) 
GLOBAL_UNIT_ASSIGNED_CONTEXT((#6846,#6847,#6848)) REPRESENTATION_CONTEXT
('Context #1','3D Context with UNIT and UNCERTAINTY') );
#6846 = ( LENGTH_UNIT() NAMED_UNIT(*) SI_UNIT(.MILLI.,.METRE.) );
#6847 = ( NAMED_UNIT(*) PLANE_ANGLE_UNIT() SI_UNIT($,.RADIAN.) );
#6848 = ( NAMED_UNIT(*) SI_UNIT($,.STERADIAN.) SOLID_ANGLE_UNIT() );
#6849 = UNCERTAINTY_MEASURE_WITH_UNIT(LENGTH_MEASURE(1.E-07),#6846,
  'distance_accuracy_value','confusion accuracy');
#6850 = CONTEXT_DEPENDENT_SHAPE_REPRESENTATION(#6851,#6853);
#6851 = ( REPRESENTATION_RELATIONSHIP('','',#6840,#10) 
REPRESENTATION_RELATIONSHIP_WITH_TRANSFORMATION(#6852) 
SHAPE_REPRESENTATION_RELATIONSHIP() );
#6852 = ITEM_DEFINED_TRANSFORMATION('','',#11,#31);
#6853 = PRODUCT_DEFINITION_SHAPE('Placement','Placement of an item',
  #6854);
#6854 = NEXT_ASSEMBLY_USAGE_OCCURRENCE('10','D2','',#5,#6835,$);
#6855 = PRODUCT_RELATED_PRODUCT_CATEGORY('part',$,(#6837));
#6856 = SHAPE_DEFINITION_REPRESENTATION(#6857,#6863);
#6857 = PRODUCT_DEFINITION_SHAPE('','',#6858);
#6858 = PRODUCT_DEFINITION('design','',#6859,#6862);
#6859 = PRODUCT_DEFINITION_FORMATION('','',#6860);
#6860 = PRODUCT('LED_D5.0mm','LED_D5.0mm','',(#6861));
#6861 = PRODUCT_CONTEXT('',#2,'mechanical');
#6862 = PRODUCT_DEFINITION_CONTEXT('part definition',#2,'design');
#6863 = ADVANCED_BREP_SHAPE_REPRESENTATION('',(#11,#6864),#7289);
#6864 = MANIFOLD_SOLID_BREP('',#6865);
#6865 = CLOSED_SHELL('',(#6866,#6893,#6918,#6946,#6978,#6995,#7073,#7104
    ,#7128,#7152,#7169,#7200,#7224,#7248,#7265,#7277));
#6866 = ADVANCED_FACE('',(#6867),#6888,.T.);
#6867 = FACE_BOUND('',#6868,.T.);
#6868 = EDGE_LOOP('',(#6869,#6880,#6881));
#6869 = ORIENTED_EDGE('',*,*,#6870,.T.);
#6870 = EDGE_CURVE('',#6871,#6873,#6875,.T.);
#6871 = VERTEX_POINT('',#6872);
#6872 = CARTESIAN_POINT('',(3.72,6.095124405192E-15,9.15));
#6873 = VERTEX_POINT('',#6874);
#6874 = CARTESIAN_POINT('',(1.27,7.727152251391E-15,11.6));
#6875 = CIRCLE('',#6876,2.45);
#6876 = AXIS2_PLACEMENT_3D('',#6877,#6878,#6879);
#6877 = CARTESIAN_POINT('',(1.27,6.095124405192E-15,9.15));
#6878 = DIRECTION('',(0.,-1.,6.661338147751E-16));
#6879 = DIRECTION('',(1.,0.,0.));
#6880 = ORIENTED_EDGE('',*,*,#6870,.F.);
#6881 = ORIENTED_EDGE('',*,*,#6882,.F.);
#6882 = EDGE_CURVE('',#6871,#6871,#6883,.T.);
#6883 = CIRCLE('',#6884,2.45);
#6884 = AXIS2_PLACEMENT_3D('',#6885,#6886,#6887);
#6885 = CARTESIAN_POINT('',(1.27,4.063416270128E-15,9.15));
#6886 = DIRECTION('',(-4.379057701015E-47,-4.440892098501E-16,-1.));
#6887 = DIRECTION('',(1.,8.292686265567E-16,-3.68269249121E-31));
#6888 = SPHERICAL_SURFACE('',#6889,2.45);
#6889 = AXIS2_PLACEMENT_3D('',#6890,#6891,#6892);
#6890 = CARTESIAN_POINT('',(1.27,6.095124405192E-15,9.15));
#6891 = DIRECTION('',(0.,4.440892098501E-16,1.));
#6892 = DIRECTION('',(1.,1.394807543452E-15,-6.194189798646E-31));
#6893 = ADVANCED_FACE('',(#6894),#6913,.T.);
#6894 = FACE_BOUND('',#6895,.T.);
#6895 = EDGE_LOOP('',(#6896,#6904,#6905,#6906));
#6896 = ORIENTED_EDGE('',*,*,#6897,.F.);
#6897 = EDGE_CURVE('',#6871,#6898,#6900,.T.);
#6898 = VERTEX_POINT('',#6899);
#6899 = CARTESIAN_POINT('',(3.72,2.6645352591E-15,4.));
#6900 = LINE('',#6901,#6902);
#6901 = CARTESIAN_POINT('',(3.72,6.095124405192E-15,9.15));
#6902 = VECTOR('',#6903,1.);
#6903 = DIRECTION('',(0.,-6.661338147751E-16,-1.));
#6904 = ORIENTED_EDGE('',*,*,#6882,.T.);
#6905 = ORIENTED_EDGE('',*,*,#6897,.T.);
#6906 = ORIENTED_EDGE('',*,*,#6907,.F.);
#6907 = EDGE_CURVE('',#6898,#6898,#6908,.T.);
#6908 = CIRCLE('',#6909,2.45);
#6909 = AXIS2_PLACEMENT_3D('',#6910,#6911,#6912);
#6910 = CARTESIAN_POINT('',(1.27,1.7763568394E-15,4.));
#6911 = DIRECTION('',(-2.189528850508E-47,-4.440892098501E-16,-1.));
#6912 = DIRECTION('',(1.,3.625218039592E-16,-1.609920214737E-31));
#6913 = CYLINDRICAL_SURFACE('',#6914,2.45);
#6914 = AXIS2_PLACEMENT_3D('',#6915,#6916,#6917);
#6915 = CARTESIAN_POINT('',(1.27,4.063416270128E-15,9.15));
#6916 = DIRECTION('',(0.,-4.440892098501E-16,-1.));
#6917 = DIRECTION('',(1.,8.292686265567E-16,-3.68269249121E-31));
#6918 = ADVANCED_FACE('',(#6919,#6938),#6941,.F.);
#6919 = FACE_BOUND('',#6920,.F.);
#6920 = EDGE_LOOP('',(#6921,#6932));
#6921 = ORIENTED_EDGE('',*,*,#6922,.F.);
#6922 = EDGE_CURVE('',#6923,#6925,#6927,.T.);
#6923 = VERTEX_POINT('',#6924);
#6924 = CARTESIAN_POINT('',(-1.229999999999,-1.46969384567,4.));
#6925 = VERTEX_POINT('',#6926);
#6926 = CARTESIAN_POINT('',(-1.23,1.469693845669,4.));
#6927 = CIRCLE('',#6928,2.9);
#6928 = AXIS2_PLACEMENT_3D('',#6929,#6930,#6931);
#6929 = CARTESIAN_POINT('',(1.27,0.,4.));
#6930 = DIRECTION('',(0.,0.,1.));
#6931 = DIRECTION('',(1.,0.,-0.));
#6932 = ORIENTED_EDGE('',*,*,#6933,.T.);
#6933 = EDGE_CURVE('',#6923,#6925,#6934,.T.);
#6934 = LINE('',#6935,#6936);
#6935 = CARTESIAN_POINT('',(-1.229999999999,-1.46969384567,4.));
#6936 = VECTOR('',#6937,1.);
#6937 = DIRECTION('',(0.,1.,0.));
#6938 = FACE_BOUND('',#6939,.F.);
#6939 = EDGE_LOOP('',(#6940));
#6940 = ORIENTED_EDGE('',*,*,#6907,.F.);
#6941 = PLANE('',#6942);
#6942 = AXIS2_PLACEMENT_3D('',#6943,#6944,#6945);
#6943 = CARTESIAN_POINT('',(-1.229999999999,-1.469693845671,4.));
#6944 = DIRECTION('',(0.,0.,-1.));
#6945 = DIRECTION('',(-1.,0.,0.));
#6946 = ADVANCED_FACE('',(#6947),#6973,.T.);
#6947 = FACE_BOUND('',#6948,.T.);
#6948 = EDGE_LOOP('',(#6949,#6960,#6966,#6967));
#6949 = ORIENTED_EDGE('',*,*,#6950,.T.);
#6950 = EDGE_CURVE('',#6951,#6953,#6955,.T.);
#6951 = VERTEX_POINT('',#6952);
#6952 = CARTESIAN_POINT('',(-1.229999999999,-1.46969384567,3.));
#6953 = VERTEX_POINT('',#6954);
#6954 = CARTESIAN_POINT('',(-1.23,1.469693845669,3.));
#6955 = CIRCLE('',#6956,2.9);
#6956 = AXIS2_PLACEMENT_3D('',#6957,#6958,#6959);
#6957 = CARTESIAN_POINT('',(1.27,0.,3.));
#6958 = DIRECTION('',(0.,0.,1.));
#6959 = DIRECTION('',(1.,0.,-0.));
#6960 = ORIENTED_EDGE('',*,*,#6961,.T.);
#6961 = EDGE_CURVE('',#6953,#6925,#6962,.T.);
#6962 = LINE('',#6963,#6964);
#6963 = CARTESIAN_POINT('',(-1.23,1.469693845669,3.));
#6964 = VECTOR('',#6965,1.);
#6965 = DIRECTION('',(0.,0.,1.));
#6966 = ORIENTED_EDGE('',*,*,#6922,.F.);
#6967 = ORIENTED_EDGE('',*,*,#6968,.F.);
#6968 = EDGE_CURVE('',#6951,#6923,#6969,.T.);
#6969 = LINE('',#6970,#6971);
#6970 = CARTESIAN_POINT('',(-1.229999999999,-1.46969384567,3.));
#6971 = VECTOR('',#6972,1.);
#6972 = DIRECTION('',(0.,0.,1.));
#6973 = CYLINDRICAL_SURFACE('',#6974,2.9);
#6974 = AXIS2_PLACEMENT_3D('',#6975,#6976,#6977);
#6975 = CARTESIAN_POINT('',(1.27,0.,3.));
#6976 = DIRECTION('',(-0.,-0.,-1.));
#6977 = DIRECTION('',(1.,0.,0.));
#6978 = ADVANCED_FACE('',(#6979),#6990,.T.);
#6979 = FACE_BOUND('',#6980,.T.);
#6980 = EDGE_LOOP('',(#6981,#6982,#6983,#6984));
#6981 = ORIENTED_EDGE('',*,*,#6968,.T.);
#6982 = ORIENTED_EDGE('',*,*,#6933,.T.);
#6983 = ORIENTED_EDGE('',*,*,#6961,.F.);
#6984 = ORIENTED_EDGE('',*,*,#6985,.F.);
#6985 = EDGE_CURVE('',#6951,#6953,#6986,.T.);
#6986 = LINE('',#6987,#6988);
#6987 = CARTESIAN_POINT('',(-1.229999999999,-1.46969384567,3.));
#6988 = VECTOR('',#6989,1.);
#6989 = DIRECTION('',(0.,1.,0.));
#6990 = PLANE('',#6991);
#6991 = AXIS2_PLACEMENT_3D('',#6992,#6993,#6994);
#6992 = CARTESIAN_POINT('',(-1.229999999999,-1.46969384567,3.));
#6993 = DIRECTION('',(-1.,0.,0.));
#6994 = DIRECTION('',(0.,1.,0.));
#6995 = ADVANCED_FACE('',(#6996,#7000,#7034),#7068,.T.);
#6996 = FACE_BOUND('',#6997,.T.);
#6997 = EDGE_LOOP('',(#6998,#6999));
#6998 = ORIENTED_EDGE('',*,*,#6950,.F.);
#6999 = ORIENTED_EDGE('',*,*,#6985,.T.);
#7000 = FACE_BOUND('',#7001,.T.);
#7001 = EDGE_LOOP('',(#7002,#7012,#7020,#7028));
#7002 = ORIENTED_EDGE('',*,*,#7003,.T.);
#7003 = EDGE_CURVE('',#7004,#7006,#7008,.T.);
#7004 = VERTEX_POINT('',#7005);
#7005 = CARTESIAN_POINT('',(-0.2,-0.2,3.));
#7006 = VERTEX_POINT('',#7007);
#7007 = CARTESIAN_POINT('',(0.2,-0.2,3.));
#7008 = LINE('',#7009,#7010);
#7009 = CARTESIAN_POINT('',(-0.515,-0.2,3.));
#7010 = VECTOR('',#7011,1.);
#7011 = DIRECTION('',(1.,0.,0.));
#7012 = ORIENTED_EDGE('',*,*,#7013,.T.);
#7013 = EDGE_CURVE('',#7006,#7014,#7016,.T.);
#7014 = VERTEX_POINT('',#7015);
#7015 = CARTESIAN_POINT('',(0.2,0.2,3.));
#7016 = LINE('',#7017,#7018);
#7017 = CARTESIAN_POINT('',(0.2,-0.634846922835,3.));
#7018 = VECTOR('',#7019,1.);
#7019 = DIRECTION('',(0.,1.,0.));
#7020 = ORIENTED_EDGE('',*,*,#7021,.T.);
#7021 = EDGE_CURVE('',#7014,#7022,#7024,.T.);
#7022 = VERTEX_POINT('',#7023);
#7023 = CARTESIAN_POINT('',(-0.2,0.2,3.));
#7024 = LINE('',#7025,#7026);
#7025 = CARTESIAN_POINT('',(-0.715,0.2,3.));
#7026 = VECTOR('',#7027,1.);
#7027 = DIRECTION('',(-1.,-0.,-0.));
#7028 = ORIENTED_EDGE('',*,*,#7029,.T.);
#7029 = EDGE_CURVE('',#7022,#7004,#7030,.T.);
#7030 = LINE('',#7031,#7032);
#7031 = CARTESIAN_POINT('',(-0.2,-0.834846922835,3.));
#7032 = VECTOR('',#7033,1.);
#7033 = DIRECTION('',(0.,-1.,0.));
#7034 = FACE_BOUND('',#7035,.T.);
#7035 = EDGE_LOOP('',(#7036,#7046,#7054,#7062));
#7036 = ORIENTED_EDGE('',*,*,#7037,.T.);
#7037 = EDGE_CURVE('',#7038,#7040,#7042,.T.);
#7038 = VERTEX_POINT('',#7039);
#7039 = CARTESIAN_POINT('',(2.34,0.2,3.));
#7040 = VERTEX_POINT('',#7041);
#7041 = CARTESIAN_POINT('',(2.34,-0.2,3.));
#7042 = LINE('',#7043,#7044);
#7043 = CARTESIAN_POINT('',(2.34,-0.834846922835,3.));
#7044 = VECTOR('',#7045,1.);
#7045 = DIRECTION('',(0.,-1.,0.));
#7046 = ORIENTED_EDGE('',*,*,#7047,.T.);
#7047 = EDGE_CURVE('',#7040,#7048,#7050,.T.);
#7048 = VERTEX_POINT('',#7049);
#7049 = CARTESIAN_POINT('',(2.74,-0.2,3.));
#7050 = LINE('',#7051,#7052);
#7051 = CARTESIAN_POINT('',(0.755,-0.2,3.));
#7052 = VECTOR('',#7053,1.);
#7053 = DIRECTION('',(1.,0.,0.));
#7054 = ORIENTED_EDGE('',*,*,#7055,.T.);
#7055 = EDGE_CURVE('',#7048,#7056,#7058,.T.);
#7056 = VERTEX_POINT('',#7057);
#7057 = CARTESIAN_POINT('',(2.74,0.2,3.));
#7058 = LINE('',#7059,#7060);
#7059 = CARTESIAN_POINT('',(2.74,-0.634846922835,3.));
#7060 = VECTOR('',#7061,1.);
#7061 = DIRECTION('',(0.,1.,0.));
#7062 = ORIENTED_EDGE('',*,*,#7063,.T.);
#7063 = EDGE_CURVE('',#7056,#7038,#7064,.T.);
#7064 = LINE('',#7065,#7066);
#7065 = CARTESIAN_POINT('',(0.555,0.2,3.));
#7066 = VECTOR('',#7067,1.);
#7067 = DIRECTION('',(-1.,-0.,-0.));
#7068 = PLANE('',#7069);
#7069 = AXIS2_PLACEMENT_3D('',#7070,#7071,#7072);
#7070 = CARTESIAN_POINT('',(-1.229999999999,-1.469693845671,3.));
#7071 = DIRECTION('',(0.,0.,-1.));
#7072 = DIRECTION('',(-1.,0.,0.));
#7073 = ADVANCED_FACE('',(#7074),#7099,.F.);
#7074 = FACE_BOUND('',#7075,.F.);
#7075 = EDGE_LOOP('',(#7076,#7077,#7085,#7093));
#7076 = ORIENTED_EDGE('',*,*,#7003,.T.);
#7077 = ORIENTED_EDGE('',*,*,#7078,.T.);
#7078 = EDGE_CURVE('',#7006,#7079,#7081,.T.);
#7079 = VERTEX_POINT('',#7080);
#7080 = CARTESIAN_POINT('',(0.2,-0.2,-2.5));
#7081 = LINE('',#7082,#7083);
#7082 = CARTESIAN_POINT('',(0.2,-0.2,3.5));
#7083 = VECTOR('',#7084,1.);
#7084 = DIRECTION('',(-0.,-0.,-1.));
#7085 = ORIENTED_EDGE('',*,*,#7086,.T.);
#7086 = EDGE_CURVE('',#7079,#7087,#7089,.T.);
#7087 = VERTEX_POINT('',#7088);
#7088 = CARTESIAN_POINT('',(-0.2,-0.2,-2.5));
#7089 = LINE('',#7090,#7091);
#7090 = CARTESIAN_POINT('',(0.2,-0.2,-2.5));
#7091 = VECTOR('',#7092,1.);
#7092 = DIRECTION('',(-1.,0.,0.));
#7093 = ORIENTED_EDGE('',*,*,#7094,.F.);
#7094 = EDGE_CURVE('',#7004,#7087,#7095,.T.);
#7095 = LINE('',#7096,#7097);
#7096 = CARTESIAN_POINT('',(-0.2,-0.2,3.5));
#7097 = VECTOR('',#7098,1.);
#7098 = DIRECTION('',(-0.,-0.,-1.));
#7099 = PLANE('',#7100);
#7100 = AXIS2_PLACEMENT_3D('',#7101,#7102,#7103);
#7101 = CARTESIAN_POINT('',(0.2,-0.2,3.5));
#7102 = DIRECTION('',(0.,1.,0.));
#7103 = DIRECTION('',(-1.,0.,0.));
#7104 = ADVANCED_FACE('',(#7105),#7123,.F.);
#7105 = FACE_BOUND('',#7106,.F.);
#7106 = EDGE_LOOP('',(#7107,#7108,#7109,#7117));
#7107 = ORIENTED_EDGE('',*,*,#7029,.T.);
#7108 = ORIENTED_EDGE('',*,*,#7094,.T.);
#7109 = ORIENTED_EDGE('',*,*,#7110,.T.);
#7110 = EDGE_CURVE('',#7087,#7111,#7113,.T.);
#7111 = VERTEX_POINT('',#7112);
#7112 = CARTESIAN_POINT('',(-0.2,0.2,-2.5));
#7113 = LINE('',#7114,#7115);
#7114 = CARTESIAN_POINT('',(-0.2,-0.2,-2.5));
#7115 = VECTOR('',#7116,1.);
#7116 = DIRECTION('',(0.,1.,0.));
#7117 = ORIENTED_EDGE('',*,*,#7118,.F.);
#7118 = EDGE_CURVE('',#7022,#7111,#7119,.T.);
#7119 = LINE('',#7120,#7121);
#7120 = CARTESIAN_POINT('',(-0.2,0.2,3.5));
#7121 = VECTOR('',#7122,1.);
#7122 = DIRECTION('',(-0.,-0.,-1.));
#7123 = PLANE('',#7124);
#7124 = AXIS2_PLACEMENT_3D('',#7125,#7126,#7127);
#7125 = CARTESIAN_POINT('',(-0.2,-0.2,3.5));
#7126 = DIRECTION('',(1.,0.,0.));
#7127 = DIRECTION('',(-0.,1.,0.));
#7128 = ADVANCED_FACE('',(#7129),#7147,.F.);
#7129 = FACE_BOUND('',#7130,.F.);
#7130 = EDGE_LOOP('',(#7131,#7132,#7133,#7141));
#7131 = ORIENTED_EDGE('',*,*,#7021,.T.);
#7132 = ORIENTED_EDGE('',*,*,#7118,.T.);
#7133 = ORIENTED_EDGE('',*,*,#7134,.T.);
#7134 = EDGE_CURVE('',#7111,#7135,#7137,.T.);
#7135 = VERTEX_POINT('',#7136);
#7136 = CARTESIAN_POINT('',(0.2,0.2,-2.5));
#7137 = LINE('',#7138,#7139);
#7138 = CARTESIAN_POINT('',(-0.2,0.2,-2.5));
#7139 = VECTOR('',#7140,1.);
#7140 = DIRECTION('',(1.,0.,0.));
#7141 = ORIENTED_EDGE('',*,*,#7142,.F.);
#7142 = EDGE_CURVE('',#7014,#7135,#7143,.T.);
#7143 = LINE('',#7144,#7145);
#7144 = CARTESIAN_POINT('',(0.2,0.2,3.5));
#7145 = VECTOR('',#7146,1.);
#7146 = DIRECTION('',(-0.,-0.,-1.));
#7147 = PLANE('',#7148);
#7148 = AXIS2_PLACEMENT_3D('',#7149,#7150,#7151);
#7149 = CARTESIAN_POINT('',(-0.2,0.2,3.5));
#7150 = DIRECTION('',(0.,-1.,0.));
#7151 = DIRECTION('',(1.,0.,0.));
#7152 = ADVANCED_FACE('',(#7153),#7164,.F.);
#7153 = FACE_BOUND('',#7154,.F.);
#7154 = EDGE_LOOP('',(#7155,#7156,#7157,#7163));
#7155 = ORIENTED_EDGE('',*,*,#7013,.T.);
#7156 = ORIENTED_EDGE('',*,*,#7142,.T.);
#7157 = ORIENTED_EDGE('',*,*,#7158,.T.);
#7158 = EDGE_CURVE('',#7135,#7079,#7159,.T.);
#7159 = LINE('',#7160,#7161);
#7160 = CARTESIAN_POINT('',(0.2,0.2,-2.5));
#7161 = VECTOR('',#7162,1.);
#7162 = DIRECTION('',(0.,-1.,0.));
#7163 = ORIENTED_EDGE('',*,*,#7078,.F.);
#7164 = PLANE('',#7165);
#7165 = AXIS2_PLACEMENT_3D('',#7166,#7167,#7168);
#7166 = CARTESIAN_POINT('',(0.2,0.2,3.5));
#7167 = DIRECTION('',(-1.,0.,0.));
#7168 = DIRECTION('',(0.,-1.,0.));
#7169 = ADVANCED_FACE('',(#7170),#7195,.F.);
#7170 = FACE_BOUND('',#7171,.F.);
#7171 = EDGE_LOOP('',(#7172,#7173,#7181,#7189));
#7172 = ORIENTED_EDGE('',*,*,#7037,.T.);
#7173 = ORIENTED_EDGE('',*,*,#7174,.T.);
#7174 = EDGE_CURVE('',#7040,#7175,#7177,.T.);
#7175 = VERTEX_POINT('',#7176);
#7176 = CARTESIAN_POINT('',(2.34,-0.2,-2.5));
#7177 = LINE('',#7178,#7179);
#7178 = CARTESIAN_POINT('',(2.34,-0.2,3.5));
#7179 = VECTOR('',#7180,1.);
#7180 = DIRECTION('',(-0.,-0.,-1.));
#7181 = ORIENTED_EDGE('',*,*,#7182,.T.);
#7182 = EDGE_CURVE('',#7175,#7183,#7185,.T.);
#7183 = VERTEX_POINT('',#7184);
#7184 = CARTESIAN_POINT('',(2.34,0.2,-2.5));
#7185 = LINE('',#7186,#7187);
#7186 = CARTESIAN_POINT('',(2.34,-0.2,-2.5));
#7187 = VECTOR('',#7188,1.);
#7188 = DIRECTION('',(0.,1.,0.));
#7189 = ORIENTED_EDGE('',*,*,#7190,.F.);
#7190 = EDGE_CURVE('',#7038,#7183,#7191,.T.);
#7191 = LINE('',#7192,#7193);
#7192 = CARTESIAN_POINT('',(2.34,0.2,3.5));
#7193 = VECTOR('',#7194,1.);
#7194 = DIRECTION('',(-0.,-0.,-1.));
#7195 = PLANE('',#7196);
#7196 = AXIS2_PLACEMENT_3D('',#7197,#7198,#7199);
#7197 = CARTESIAN_POINT('',(2.34,-0.2,3.5));
#7198 = DIRECTION('',(1.,0.,0.));
#7199 = DIRECTION('',(-0.,1.,0.));
#7200 = ADVANCED_FACE('',(#7201),#7219,.F.);
#7201 = FACE_BOUND('',#7202,.F.);
#7202 = EDGE_LOOP('',(#7203,#7204,#7205,#7213));
#7203 = ORIENTED_EDGE('',*,*,#7063,.T.);
#7204 = ORIENTED_EDGE('',*,*,#7190,.T.);
#7205 = ORIENTED_EDGE('',*,*,#7206,.T.);
#7206 = EDGE_CURVE('',#7183,#7207,#7209,.T.);
#7207 = VERTEX_POINT('',#7208);
#7208 = CARTESIAN_POINT('',(2.74,0.2,-2.5));
#7209 = LINE('',#7210,#7211);
#7210 = CARTESIAN_POINT('',(2.34,0.2,-2.5));
#7211 = VECTOR('',#7212,1.);
#7212 = DIRECTION('',(1.,0.,0.));
#7213 = ORIENTED_EDGE('',*,*,#7214,.F.);
#7214 = EDGE_CURVE('',#7056,#7207,#7215,.T.);
#7215 = LINE('',#7216,#7217);
#7216 = CARTESIAN_POINT('',(2.74,0.2,3.5));
#7217 = VECTOR('',#7218,1.);
#7218 = DIRECTION('',(-0.,-0.,-1.));
#7219 = PLANE('',#7220);
#7220 = AXIS2_PLACEMENT_3D('',#7221,#7222,#7223);
#7221 = CARTESIAN_POINT('',(2.34,0.2,3.5));
#7222 = DIRECTION('',(0.,-1.,0.));
#7223 = DIRECTION('',(1.,0.,0.));
#7224 = ADVANCED_FACE('',(#7225),#7243,.F.);
#7225 = FACE_BOUND('',#7226,.F.);
#7226 = EDGE_LOOP('',(#7227,#7228,#7229,#7237));
#7227 = ORIENTED_EDGE('',*,*,#7055,.T.);
#7228 = ORIENTED_EDGE('',*,*,#7214,.T.);
#7229 = ORIENTED_EDGE('',*,*,#7230,.T.);
#7230 = EDGE_CURVE('',#7207,#7231,#7233,.T.);
#7231 = VERTEX_POINT('',#7232);
#7232 = CARTESIAN_POINT('',(2.74,-0.2,-2.5));
#7233 = LINE('',#7234,#7235);
#7234 = CARTESIAN_POINT('',(2.74,0.2,-2.5));
#7235 = VECTOR('',#7236,1.);
#7236 = DIRECTION('',(0.,-1.,0.));
#7237 = ORIENTED_EDGE('',*,*,#7238,.F.);
#7238 = EDGE_CURVE('',#7048,#7231,#7239,.T.);
#7239 = LINE('',#7240,#7241);
#7240 = CARTESIAN_POINT('',(2.74,-0.2,3.5));
#7241 = VECTOR('',#7242,1.);
#7242 = DIRECTION('',(-0.,-0.,-1.));
#7243 = PLANE('',#7244);
#7244 = AXIS2_PLACEMENT_3D('',#7245,#7246,#7247);
#7245 = CARTESIAN_POINT('',(2.74,0.2,3.5));
#7246 = DIRECTION('',(-1.,0.,0.));
#7247 = DIRECTION('',(0.,-1.,0.));
#7248 = ADVANCED_FACE('',(#7249),#7260,.F.);
#7249 = FACE_BOUND('',#7250,.F.);
#7250 = EDGE_LOOP('',(#7251,#7252,#7253,#7259));
#7251 = ORIENTED_EDGE('',*,*,#7047,.T.);
#7252 = ORIENTED_EDGE('',*,*,#7238,.T.);
#7253 = ORIENTED_EDGE('',*,*,#7254,.T.);
#7254 = EDGE_CURVE('',#7231,#7175,#7255,.T.);
#7255 = LINE('',#7256,#7257);
#7256 = CARTESIAN_POINT('',(2.74,-0.2,-2.5));
#7257 = VECTOR('',#7258,1.);
#7258 = DIRECTION('',(-1.,0.,0.));
#7259 = ORIENTED_EDGE('',*,*,#7174,.F.);
#7260 = PLANE('',#7261);
#7261 = AXIS2_PLACEMENT_3D('',#7262,#7263,#7264);
#7262 = CARTESIAN_POINT('',(2.74,-0.2,3.5));
#7263 = DIRECTION('',(0.,1.,0.));
#7264 = DIRECTION('',(-1.,0.,0.));
#7265 = ADVANCED_FACE('',(#7266),#7272,.F.);
#7266 = FACE_BOUND('',#7267,.T.);
#7267 = EDGE_LOOP('',(#7268,#7269,#7270,#7271));
#7268 = ORIENTED_EDGE('',*,*,#7134,.T.);
#7269 = ORIENTED_EDGE('',*,*,#7158,.T.);
#7270 = ORIENTED_EDGE('',*,*,#7086,.T.);
#7271 = ORIENTED_EDGE('',*,*,#7110,.T.);
#7272 = PLANE('',#7273);
#7273 = AXIS2_PLACEMENT_3D('',#7274,#7275,#7276);
#7274 = CARTESIAN_POINT('',(-0.2,0.2,-2.5));
#7275 = DIRECTION('',(0.,0.,1.));
#7276 = DIRECTION('',(1.,0.,-0.));
#7277 = ADVANCED_FACE('',(#7278),#7284,.F.);
#7278 = FACE_BOUND('',#7279,.T.);
#7279 = EDGE_LOOP('',(#7280,#7281,#7282,#7283));
#7280 = ORIENTED_EDGE('',*,*,#7206,.T.);
#7281 = ORIENTED_EDGE('',*,*,#7230,.T.);
#7282 = ORIENTED_EDGE('',*,*,#7254,.T.);
#7283 = ORIENTED_EDGE('',*,*,#7182,.T.);
#7284 = PLANE('',#7285);
#7285 = AXIS2_PLACEMENT_3D('',#7286,#7287,#7288);
#7286 = CARTESIAN_POINT('',(2.34,0.2,-2.5));
#7287 = DIRECTION('',(0.,0.,1.));
#7288 = DIRECTION('',(1.,0.,-0.));
#7289 = ( GEOMETRIC_REPRESENTATION_CONTEXT(3) 
GLOBAL_UNCERTAINTY_ASSIGNED_CONTEXT((#7293)) 
GLOBAL_UNIT_ASSIGNED_CONTEXT((#7290,#7291,#7292)) REPRESENTATION_CONTEXT
('Context #1','3D Context with UNIT and UNCERTAINTY') );
#7290 = ( LENGTH_UNIT() NAMED_UNIT(*) SI_UNIT(.MILLI.,.METRE.) );
#7291 = ( NAMED_UNIT(*) PLANE_ANGLE_UNIT() SI_UNIT($,.RADIAN.) );
#7292 = ( NAMED_UNIT(*) SI_UNIT($,.STERADIAN.) SOLID_ANGLE_UNIT() );
#7293 = UNCERTAINTY_MEASURE_WITH_UNIT(LENGTH_MEASURE(1.E-07),#7290,
  'distance_accuracy_value','confusion accuracy');
#7294 = CONTEXT_DEPENDENT_SHAPE_REPRESENTATION(#7295,#7297);
#7295 = ( REPRESENTATION_RELATIONSHIP('','',#6863,#6840) 
REPRESENTATION_RELATIONSHIP_WITH_TRANSFORMATION(#7296) 
SHAPE_REPRESENTATION_RELATIONSHIP() );
#7296 = ITEM_DEFINED_TRANSFORMATION('','',#11,#6841);
#7297 = PRODUCT_DEFINITION_SHAPE('Placement','Placement of an item',
  #7298);
#7298 = NEXT_ASSEMBLY_USAGE_OCCURRENCE('9','=>[0:1:1:11]','',#6835,#6858
  ,$);
#7299 = PRODUCT_RELATED_PRODUCT_CATEGORY('part',$,(#6860));
#7300 = CONTEXT_DEPENDENT_SHAPE_REPRESENTATION(#7301,#7303);
#7301 = ( REPRESENTATION_RELATIONSHIP('','',#449,#10) 
REPRESENTATION_RELATIONSHIP_WITH_TRANSFORMATION(#7302) 
SHAPE_REPRESENTATION_RELATIONSHIP() );
#7302 = ITEM_DEFINED_TRANSFORMATION('','',#11,#35);
#7303 = PRODUCT_DEFINITION_SHAPE('Placement','Placement of an item',
  #7304);
#7304 = NEXT_ASSEMBLY_USAGE_OCCURRENCE('11','J3','',#5,#444,$);
#7305 = CONTEXT_DEPENDENT_SHAPE_REPRESENTATION(#7306,#7308);
#7306 = ( REPRESENTATION_RELATIONSHIP('','',#72,#10) 
REPRESENTATION_RELATIONSHIP_WITH_TRANSFORMATION(#7307) 
SHAPE_REPRESENTATION_RELATIONSHIP() );
#7307 = ITEM_DEFINED_TRANSFORMATION('','',#11,#39);
#7308 = PRODUCT_DEFINITION_SHAPE('Placement','Placement of an item',
  #7309);
#7309 = NEXT_ASSEMBLY_USAGE_OCCURRENCE('12','D1','',#5,#67,$);
#7310 = CONTEXT_DEPENDENT_SHAPE_REPRESENTATION(#7311,#7313);
#7311 = ( REPRESENTATION_RELATIONSHIP('','',#449,#10) 
REPRESENTATION_RELATIONSHIP_WITH_TRANSFORMATION(#7312) 
SHAPE_REPRESENTATION_RELATIONSHIP() );
#7312 = ITEM_DEFINED_TRANSFORMATION('','',#11,#43);
#7313 = PRODUCT_DEFINITION_SHAPE('Placement','Placement of an item',
  #7314);
#7314 = NEXT_ASSEMBLY_USAGE_OCCURRENCE('13','J2','',#5,#444,$);
#7315 = CONTEXT_DEPENDENT_SHAPE_REPRESENTATION(#7316,#7318);
#7316 = ( REPRESENTATION_RELATIONSHIP('','',#449,#10) 
REPRESENTATION_RELATIONSHIP_WITH_TRANSFORMATION(#7317) 
SHAPE_REPRESENTATION_RELATIONSHIP() );
#7317 = ITEM_DEFINED_TRANSFORMATION('','',#11,#47);
#7318 = PRODUCT_DEFINITION_SHAPE('Placement','Placement of an item',
  #7319);
#7319 = NEXT_ASSEMBLY_USAGE_OCCURRENCE('14','J1','',#5,#444,$);
#7320 = CONTEXT_DEPENDENT_SHAPE_REPRESENTATION(#7321,#7323);
#7321 = ( REPRESENTATION_RELATIONSHIP('','',#72,#10) 
REPRESENTATION_RELATIONSHIP_WITH_TRANSFORMATION(#7322) 
SHAPE_REPRESENTATION_RELATIONSHIP() );
#7322 = ITEM_DEFINED_TRANSFORMATION('','',#11,#51);
#7323 = PRODUCT_DEFINITION_SHAPE('Placement','Placement of an item',
  #7324);
#7324 = NEXT_ASSEMBLY_USAGE_OCCURRENCE('15','D4','',#5,#67,$);
#7325 = SHAPE_DEFINITION_REPRESENTATION(#7326,#7332);
#7326 = PRODUCT_DEFINITION_SHAPE('','',#7327);
#7327 = PRODUCT_DEFINITION('design','',#7328,#7331);
#7328 = PRODUCT_DEFINITION_FORMATION('','',#7329);
#7329 = PRODUCT('ams_latch_F24_PCB','ams_latch_F24_PCB','',(#7330));
#7330 = PRODUCT_CONTEXT('',#2,'mechanical');
#7331 = PRODUCT_DEFINITION_CONTEXT('part definition',#2,'design');
#7332 = ADVANCED_BREP_SHAPE_REPRESENTATION('',(#11,#7333),#9121);
#7333 = MANIFOLD_SOLID_BREP('',#7334);
#7334 = CLOSED_SHELL('',(#7335,#7375,#7406,#7437,#7916,#8395,#8407,#8424
    ,#8441,#8458,#8475,#8492,#8509,#8526,#8543,#8560,#8577,#8594,#8611,
    #8628,#8645,#8662,#8679,#8696,#8713,#8730,#8747,#8764,#8781,#8798,
    #8815,#8832,#8849,#8866,#8883,#8900,#8917,#8934,#8951,#8968,#8985,
    #9002,#9019,#9036,#9053,#9070,#9087,#9104));
#7335 = ADVANCED_FACE('',(#7336),#7370,.T.);
#7336 = FACE_BOUND('',#7337,.T.);
#7337 = EDGE_LOOP('',(#7338,#7348,#7356,#7364));
#7338 = ORIENTED_EDGE('',*,*,#7339,.T.);
#7339 = EDGE_CURVE('',#7340,#7342,#7344,.T.);
#7340 = VERTEX_POINT('',#7341);
#7341 = CARTESIAN_POINT('',(156.52,-144.554,0.));
#7342 = VERTEX_POINT('',#7343);
#7343 = CARTESIAN_POINT('',(156.52,-144.554,1.6));
#7344 = LINE('',#7345,#7346);
#7345 = CARTESIAN_POINT('',(156.52,-144.554,0.));
#7346 = VECTOR('',#7347,1.);
#7347 = DIRECTION('',(0.,0.,1.));
#7348 = ORIENTED_EDGE('',*,*,#7349,.T.);
#7349 = EDGE_CURVE('',#7342,#7350,#7352,.T.);
#7350 = VERTEX_POINT('',#7351);
#7351 = CARTESIAN_POINT('',(96.52,-144.554,1.6));
#7352 = LINE('',#7353,#7354);
#7353 = CARTESIAN_POINT('',(156.52,-144.554,1.6));
#7354 = VECTOR('',#7355,1.);
#7355 = DIRECTION('',(-1.,0.,0.));
#7356 = ORIENTED_EDGE('',*,*,#7357,.F.);
#7357 = EDGE_CURVE('',#7358,#7350,#7360,.T.);
#7358 = VERTEX_POINT('',#7359);
#7359 = CARTESIAN_POINT('',(96.52,-144.554,0.));
#7360 = LINE('',#7361,#7362);
#7361 = CARTESIAN_POINT('',(96.52,-144.554,0.));
#7362 = VECTOR('',#7363,1.);
#7363 = DIRECTION('',(0.,0.,1.));
#7364 = ORIENTED_EDGE('',*,*,#7365,.F.);
#7365 = EDGE_CURVE('',#7340,#7358,#7366,.T.);
#7366 = LINE('',#7367,#7368);
#7367 = CARTESIAN_POINT('',(156.52,-144.554,0.));
#7368 = VECTOR('',#7369,1.);
#7369 = DIRECTION('',(-1.,0.,0.));
#7370 = PLANE('',#7371);
#7371 = AXIS2_PLACEMENT_3D('',#7372,#7373,#7374);
#7372 = CARTESIAN_POINT('',(156.52,-144.554,0.));
#7373 = DIRECTION('',(0.,-1.,0.));
#7374 = DIRECTION('',(-1.,0.,0.));
#7375 = ADVANCED_FACE('',(#7376),#7401,.T.);
#7376 = FACE_BOUND('',#7377,.T.);
#7377 = EDGE_LOOP('',(#7378,#7388,#7394,#7395));
#7378 = ORIENTED_EDGE('',*,*,#7379,.T.);
#7379 = EDGE_CURVE('',#7380,#7382,#7384,.T.);
#7380 = VERTEX_POINT('',#7381);
#7381 = CARTESIAN_POINT('',(156.52,-84.554,0.));
#7382 = VERTEX_POINT('',#7383);
#7383 = CARTESIAN_POINT('',(156.52,-84.554,1.6));
#7384 = LINE('',#7385,#7386);
#7385 = CARTESIAN_POINT('',(156.52,-84.554,0.));
#7386 = VECTOR('',#7387,1.);
#7387 = DIRECTION('',(0.,0.,1.));
#7388 = ORIENTED_EDGE('',*,*,#7389,.T.);
#7389 = EDGE_CURVE('',#7382,#7342,#7390,.T.);
#7390 = LINE('',#7391,#7392);
#7391 = CARTESIAN_POINT('',(156.52,-84.554,1.6));
#7392 = VECTOR('',#7393,1.);
#7393 = DIRECTION('',(0.,-1.,0.));
#7394 = ORIENTED_EDGE('',*,*,#7339,.F.);
#7395 = ORIENTED_EDGE('',*,*,#7396,.F.);
#7396 = EDGE_CURVE('',#7380,#7340,#7397,.T.);
#7397 = LINE('',#7398,#7399);
#7398 = CARTESIAN_POINT('',(156.52,-84.554,0.));
#7399 = VECTOR('',#7400,1.);
#7400 = DIRECTION('',(0.,-1.,0.));
#7401 = PLANE('',#7402);
#7402 = AXIS2_PLACEMENT_3D('',#7403,#7404,#7405);
#7403 = CARTESIAN_POINT('',(156.52,-84.554,0.));
#7404 = DIRECTION('',(1.,0.,-0.));
#7405 = DIRECTION('',(0.,-1.,0.));
#7406 = ADVANCED_FACE('',(#7407),#7432,.T.);
#7407 = FACE_BOUND('',#7408,.T.);
#7408 = EDGE_LOOP('',(#7409,#7410,#7418,#7426));
#7409 = ORIENTED_EDGE('',*,*,#7357,.T.);
#7410 = ORIENTED_EDGE('',*,*,#7411,.T.);
#7411 = EDGE_CURVE('',#7350,#7412,#7414,.T.);
#7412 = VERTEX_POINT('',#7413);
#7413 = CARTESIAN_POINT('',(96.52,-84.554,1.6));
#7414 = LINE('',#7415,#7416);
#7415 = CARTESIAN_POINT('',(96.52,-144.554,1.6));
#7416 = VECTOR('',#7417,1.);
#7417 = DIRECTION('',(0.,1.,0.));
#7418 = ORIENTED_EDGE('',*,*,#7419,.F.);
#7419 = EDGE_CURVE('',#7420,#7412,#7422,.T.);
#7420 = VERTEX_POINT('',#7421);
#7421 = CARTESIAN_POINT('',(96.52,-84.554,0.));
#7422 = LINE('',#7423,#7424);
#7423 = CARTESIAN_POINT('',(96.52,-84.554,0.));
#7424 = VECTOR('',#7425,1.);
#7425 = DIRECTION('',(0.,0.,1.));
#7426 = ORIENTED_EDGE('',*,*,#7427,.F.);
#7427 = EDGE_CURVE('',#7358,#7420,#7428,.T.);
#7428 = LINE('',#7429,#7430);
#7429 = CARTESIAN_POINT('',(96.52,-144.554,0.));
#7430 = VECTOR('',#7431,1.);
#7431 = DIRECTION('',(0.,1.,0.));
#7432 = PLANE('',#7433);
#7433 = AXIS2_PLACEMENT_3D('',#7434,#7435,#7436);
#7434 = CARTESIAN_POINT('',(96.52,-144.554,0.));
#7435 = DIRECTION('',(-1.,0.,0.));
#7436 = DIRECTION('',(0.,1.,0.));
#7437 = ADVANCED_FACE('',(#7438,#7449,#7460,#7471,#7482,#7493,#7504,
    #7515,#7526,#7537,#7548,#7559,#7570,#7581,#7592,#7603,#7614,#7625,
    #7636,#7647,#7658,#7669,#7680,#7691,#7702,#7713,#7724,#7735,#7746,
    #7757,#7768,#7779,#7790,#7801,#7812,#7823,#7834,#7845,#7856,#7867,
    #7878,#7889,#7900),#7911,.F.);
#7438 = FACE_BOUND('',#7439,.F.);
#7439 = EDGE_LOOP('',(#7440,#7441,#7442,#7448));
#7440 = ORIENTED_EDGE('',*,*,#7365,.F.);
#7441 = ORIENTED_EDGE('',*,*,#7396,.F.);
#7442 = ORIENTED_EDGE('',*,*,#7443,.F.);
#7443 = EDGE_CURVE('',#7420,#7380,#7444,.T.);
#7444 = LINE('',#7445,#7446);
#7445 = CARTESIAN_POINT('',(96.52,-84.554,0.));
#7446 = VECTOR('',#7447,1.);
#7447 = DIRECTION('',(1.,0.,0.));
#7448 = ORIENTED_EDGE('',*,*,#7427,.F.);
#7449 = FACE_BOUND('',#7450,.F.);
#7450 = EDGE_LOOP('',(#7451));
#7451 = ORIENTED_EDGE('',*,*,#7452,.T.);
#7452 = EDGE_CURVE('',#7453,#7453,#7455,.T.);
#7453 = VERTEX_POINT('',#7454);
#7454 = CARTESIAN_POINT('',(103.378,-139.056,0.));
#7455 = CIRCLE('',#7456,2.15);
#7456 = AXIS2_PLACEMENT_3D('',#7457,#7458,#7459);
#7457 = CARTESIAN_POINT('',(103.378,-136.906,0.));
#7458 = DIRECTION('',(-0.,0.,-1.));
#7459 = DIRECTION('',(-0.,-1.,0.));
#7460 = FACE_BOUND('',#7461,.F.);
#7461 = EDGE_LOOP('',(#7462));
#7462 = ORIENTED_EDGE('',*,*,#7463,.T.);
#7463 = EDGE_CURVE('',#7464,#7464,#7466,.T.);
#7464 = VERTEX_POINT('',#7465);
#7465 = CARTESIAN_POINT('',(114.3,-128.112832,0.));
#7466 = CIRCLE('',#7467,0.55);
#7467 = AXIS2_PLACEMENT_3D('',#7468,#7469,#7470);
#7468 = CARTESIAN_POINT('',(114.3,-127.562832,0.));
#7469 = DIRECTION('',(-0.,0.,-1.));
#7470 = DIRECTION('',(-0.,-1.,0.));
#7471 = FACE_BOUND('',#7472,.F.);
#7472 = EDGE_LOOP('',(#7473));
#7473 = ORIENTED_EDGE('',*,*,#7474,.T.);
#7474 = EDGE_CURVE('',#7475,#7475,#7477,.T.);
#7475 = VERTEX_POINT('',#7476);
#7476 = CARTESIAN_POINT('',(106.00225,-126.176,0.));
#7477 = CIRCLE('',#7478,0.7);
#7478 = AXIS2_PLACEMENT_3D('',#7479,#7480,#7481);
#7479 = CARTESIAN_POINT('',(106.00225,-125.476,0.));
#7480 = DIRECTION('',(-0.,0.,-1.));
#7481 = DIRECTION('',(-0.,-1.,0.));
#7482 = FACE_BOUND('',#7483,.F.);
#7483 = EDGE_LOOP('',(#7484));
#7484 = ORIENTED_EDGE('',*,*,#7485,.T.);
#7485 = EDGE_CURVE('',#7486,#7486,#7488,.T.);
#7486 = VERTEX_POINT('',#7487);
#7487 = CARTESIAN_POINT('',(106.00225,-120.676,0.));
#7488 = CIRCLE('',#7489,0.7);
#7489 = AXIS2_PLACEMENT_3D('',#7490,#7491,#7492);
#7490 = CARTESIAN_POINT('',(106.00225,-119.976,0.));
#7491 = DIRECTION('',(-0.,0.,-1.));
#7492 = DIRECTION('',(-0.,-1.,0.));
#7493 = FACE_BOUND('',#7494,.F.);
#7494 = EDGE_LOOP('',(#7495));
#7495 = ORIENTED_EDGE('',*,*,#7496,.T.);
#7496 = EDGE_CURVE('',#7497,#7497,#7499,.T.);
#7497 = VERTEX_POINT('',#7498);
#7498 = CARTESIAN_POINT('',(120.442241,-125.422832,0.));
#7499 = CIRCLE('',#7500,0.4);
#7500 = AXIS2_PLACEMENT_3D('',#7501,#7502,#7503);
#7501 = CARTESIAN_POINT('',(120.442241,-125.022832,0.));
#7502 = DIRECTION('',(-0.,0.,-1.));
#7503 = DIRECTION('',(-0.,-1.,0.));
#7504 = FACE_BOUND('',#7505,.F.);
#7505 = EDGE_LOOP('',(#7506));
#7506 = ORIENTED_EDGE('',*,*,#7507,.T.);
#7507 = EDGE_CURVE('',#7508,#7508,#7510,.T.);
#7508 = VERTEX_POINT('',#7509);
#7509 = CARTESIAN_POINT('',(125.522241,-125.422832,0.));
#7510 = CIRCLE('',#7511,0.4);
#7511 = AXIS2_PLACEMENT_3D('',#7512,#7513,#7514);
#7512 = CARTESIAN_POINT('',(125.522241,-125.022832,0.));
#7513 = DIRECTION('',(-0.,0.,-1.));
#7514 = DIRECTION('',(-3.552713678801E-14,-1.,0.));
#7515 = FACE_BOUND('',#7516,.F.);
#7516 = EDGE_LOOP('',(#7517));
#7517 = ORIENTED_EDGE('',*,*,#7518,.T.);
#7518 = EDGE_CURVE('',#7519,#7519,#7521,.T.);
#7519 = VERTEX_POINT('',#7520);
#7520 = CARTESIAN_POINT('',(114.3,-117.952832,0.));
#7521 = CIRCLE('',#7522,0.55);
#7522 = AXIS2_PLACEMENT_3D('',#7523,#7524,#7525);
#7523 = CARTESIAN_POINT('',(114.3,-117.402832,0.));
#7524 = DIRECTION('',(-0.,0.,-1.));
#7525 = DIRECTION('',(-0.,-1.,0.));
#7526 = FACE_BOUND('',#7527,.F.);
#7527 = EDGE_LOOP('',(#7528));
#7528 = ORIENTED_EDGE('',*,*,#7529,.T.);
#7529 = EDGE_CURVE('',#7530,#7530,#7532,.T.);
#7530 = VERTEX_POINT('',#7531);
#7531 = CARTESIAN_POINT('',(120.442241,-120.342832,0.));
#7532 = CIRCLE('',#7533,0.4);
#7533 = AXIS2_PLACEMENT_3D('',#7534,#7535,#7536);
#7534 = CARTESIAN_POINT('',(120.442241,-119.942832,0.));
#7535 = DIRECTION('',(-0.,0.,-1.));
#7536 = DIRECTION('',(-0.,-1.,0.));
#7537 = FACE_BOUND('',#7538,.F.);
#7538 = EDGE_LOOP('',(#7539));
#7539 = ORIENTED_EDGE('',*,*,#7540,.T.);
#7540 = EDGE_CURVE('',#7541,#7541,#7543,.T.);
#7541 = VERTEX_POINT('',#7542);
#7542 = CARTESIAN_POINT('',(125.522241,-120.342832,0.));
#7543 = CIRCLE('',#7544,0.4);
#7544 = AXIS2_PLACEMENT_3D('',#7545,#7546,#7547);
#7545 = CARTESIAN_POINT('',(125.522241,-119.942832,0.));
#7546 = DIRECTION('',(-0.,0.,-1.));
#7547 = DIRECTION('',(-3.552713678801E-14,-1.,0.));
#7548 = FACE_BOUND('',#7549,.F.);
#7549 = EDGE_LOOP('',(#7550));
#7550 = ORIENTED_EDGE('',*,*,#7551,.T.);
#7551 = EDGE_CURVE('',#7552,#7552,#7554,.T.);
#7552 = VERTEX_POINT('',#7553);
#7553 = CARTESIAN_POINT('',(149.606,-139.056,0.));
#7554 = CIRCLE('',#7555,2.15);
#7555 = AXIS2_PLACEMENT_3D('',#7556,#7557,#7558);
#7556 = CARTESIAN_POINT('',(149.606,-136.906,0.));
#7557 = DIRECTION('',(-0.,0.,-1.));
#7558 = DIRECTION('',(-0.,-1.,0.));
#7559 = FACE_BOUND('',#7560,.F.);
#7560 = EDGE_LOOP('',(#7561));
#7561 = ORIENTED_EDGE('',*,*,#7562,.T.);
#7562 = EDGE_CURVE('',#7563,#7563,#7565,.T.);
#7563 = VERTEX_POINT('',#7564);
#7564 = CARTESIAN_POINT('',(139.954,-128.112832,0.));
#7565 = CIRCLE('',#7566,0.55);
#7566 = AXIS2_PLACEMENT_3D('',#7567,#7568,#7569);
#7567 = CARTESIAN_POINT('',(139.954,-127.562832,0.));
#7568 = DIRECTION('',(-0.,0.,-1.));
#7569 = DIRECTION('',(-0.,-1.,0.));
#7570 = FACE_BOUND('',#7571,.F.);
#7571 = EDGE_LOOP('',(#7572));
#7572 = ORIENTED_EDGE('',*,*,#7573,.T.);
#7573 = EDGE_CURVE('',#7574,#7574,#7576,.T.);
#7574 = VERTEX_POINT('',#7575);
#7575 = CARTESIAN_POINT('',(128.062241,-125.422832,0.));
#7576 = CIRCLE('',#7577,0.4);
#7577 = AXIS2_PLACEMENT_3D('',#7578,#7579,#7580);
#7578 = CARTESIAN_POINT('',(128.062241,-125.022832,0.));
#7579 = DIRECTION('',(-0.,0.,-1.));
#7580 = DIRECTION('',(-0.,-1.,0.));
#7581 = FACE_BOUND('',#7582,.F.);
#7582 = EDGE_LOOP('',(#7583));
#7583 = ORIENTED_EDGE('',*,*,#7584,.T.);
#7584 = EDGE_CURVE('',#7585,#7585,#7587,.T.);
#7585 = VERTEX_POINT('',#7586);
#7586 = CARTESIAN_POINT('',(130.602241,-125.422832,0.));
#7587 = CIRCLE('',#7588,0.4);
#7588 = AXIS2_PLACEMENT_3D('',#7589,#7590,#7591);
#7589 = CARTESIAN_POINT('',(130.602241,-125.022832,0.));
#7590 = DIRECTION('',(-0.,0.,-1.));
#7591 = DIRECTION('',(-0.,-1.,0.));
#7592 = FACE_BOUND('',#7593,.F.);
#7593 = EDGE_LOOP('',(#7594));
#7594 = ORIENTED_EDGE('',*,*,#7595,.T.);
#7595 = EDGE_CURVE('',#7596,#7596,#7598,.T.);
#7596 = VERTEX_POINT('',#7597);
#7597 = CARTESIAN_POINT('',(133.142241,-125.422832,0.));
#7598 = CIRCLE('',#7599,0.4);
#7599 = AXIS2_PLACEMENT_3D('',#7600,#7601,#7602);
#7600 = CARTESIAN_POINT('',(133.142241,-125.022832,0.));
#7601 = DIRECTION('',(-0.,0.,-1.));
#7602 = DIRECTION('',(-0.,-1.,0.));
#7603 = FACE_BOUND('',#7604,.F.);
#7604 = EDGE_LOOP('',(#7605));
#7605 = ORIENTED_EDGE('',*,*,#7606,.T.);
#7606 = EDGE_CURVE('',#7607,#7607,#7609,.T.);
#7607 = VERTEX_POINT('',#7608);
#7608 = CARTESIAN_POINT('',(128.062241,-120.342832,0.));
#7609 = CIRCLE('',#7610,0.4);
#7610 = AXIS2_PLACEMENT_3D('',#7611,#7612,#7613);
#7611 = CARTESIAN_POINT('',(128.062241,-119.942832,0.));
#7612 = DIRECTION('',(-0.,0.,-1.));
#7613 = DIRECTION('',(-0.,-1.,0.));
#7614 = FACE_BOUND('',#7615,.F.);
#7615 = EDGE_LOOP('',(#7616));
#7616 = ORIENTED_EDGE('',*,*,#7617,.T.);
#7617 = EDGE_CURVE('',#7618,#7618,#7620,.T.);
#7618 = VERTEX_POINT('',#7619);
#7619 = CARTESIAN_POINT('',(130.602241,-120.342832,0.));
#7620 = CIRCLE('',#7621,0.4);
#7621 = AXIS2_PLACEMENT_3D('',#7622,#7623,#7624);
#7622 = CARTESIAN_POINT('',(130.602241,-119.942832,0.));
#7623 = DIRECTION('',(-0.,0.,-1.));
#7624 = DIRECTION('',(-0.,-1.,0.));
#7625 = FACE_BOUND('',#7626,.F.);
#7626 = EDGE_LOOP('',(#7627));
#7627 = ORIENTED_EDGE('',*,*,#7628,.T.);
#7628 = EDGE_CURVE('',#7629,#7629,#7631,.T.);
#7629 = VERTEX_POINT('',#7630);
#7630 = CARTESIAN_POINT('',(133.142241,-120.342832,0.));
#7631 = CIRCLE('',#7632,0.4);
#7632 = AXIS2_PLACEMENT_3D('',#7633,#7634,#7635);
#7633 = CARTESIAN_POINT('',(133.142241,-119.942832,0.));
#7634 = DIRECTION('',(-0.,0.,-1.));
#7635 = DIRECTION('',(-0.,-1.,0.));
#7636 = FACE_BOUND('',#7637,.F.);
#7637 = EDGE_LOOP('',(#7638));
#7638 = ORIENTED_EDGE('',*,*,#7639,.T.);
#7639 = EDGE_CURVE('',#7640,#7640,#7642,.T.);
#7640 = VERTEX_POINT('',#7641);
#7641 = CARTESIAN_POINT('',(149.098,-125.834,0.));
#7642 = CIRCLE('',#7643,0.7);
#7643 = AXIS2_PLACEMENT_3D('',#7644,#7645,#7646);
#7644 = CARTESIAN_POINT('',(149.098,-125.134,0.));
#7645 = DIRECTION('',(-0.,0.,-1.));
#7646 = DIRECTION('',(-0.,-1.,0.));
#7647 = FACE_BOUND('',#7648,.F.);
#7648 = EDGE_LOOP('',(#7649));
#7649 = ORIENTED_EDGE('',*,*,#7650,.T.);
#7650 = EDGE_CURVE('',#7651,#7651,#7653,.T.);
#7651 = VERTEX_POINT('',#7652);
#7652 = CARTESIAN_POINT('',(139.954,-117.952832,0.));
#7653 = CIRCLE('',#7654,0.55);
#7654 = AXIS2_PLACEMENT_3D('',#7655,#7656,#7657);
#7655 = CARTESIAN_POINT('',(139.954,-117.402832,0.));
#7656 = DIRECTION('',(-0.,0.,-1.));
#7657 = DIRECTION('',(-0.,-1.,0.));
#7658 = FACE_BOUND('',#7659,.F.);
#7659 = EDGE_LOOP('',(#7660));
#7660 = ORIENTED_EDGE('',*,*,#7661,.T.);
#7661 = EDGE_CURVE('',#7662,#7662,#7664,.T.);
#7662 = VERTEX_POINT('',#7663);
#7663 = CARTESIAN_POINT('',(149.098,-120.334,0.));
#7664 = CIRCLE('',#7665,0.7);
#7665 = AXIS2_PLACEMENT_3D('',#7666,#7667,#7668);
#7666 = CARTESIAN_POINT('',(149.098,-119.634,0.));
#7667 = DIRECTION('',(-0.,0.,-1.));
#7668 = DIRECTION('',(-0.,-1.,0.));
#7669 = FACE_BOUND('',#7670,.F.);
#7670 = EDGE_LOOP('',(#7671));
#7671 = ORIENTED_EDGE('',*,*,#7672,.T.);
#7672 = EDGE_CURVE('',#7673,#7673,#7675,.T.);
#7673 = VERTEX_POINT('',#7674);
#7674 = CARTESIAN_POINT('',(104.902,-112.056,0.));
#7675 = CIRCLE('',#7676,0.55);
#7676 = AXIS2_PLACEMENT_3D('',#7677,#7678,#7679);
#7677 = CARTESIAN_POINT('',(104.902,-111.506,0.));
#7678 = DIRECTION('',(-0.,0.,-1.));
#7679 = DIRECTION('',(-0.,-1.,0.));
#7680 = FACE_BOUND('',#7681,.F.);
#7681 = EDGE_LOOP('',(#7682));
#7682 = ORIENTED_EDGE('',*,*,#7683,.T.);
#7683 = EDGE_CURVE('',#7684,#7684,#7686,.T.);
#7684 = VERTEX_POINT('',#7685);
#7685 = CARTESIAN_POINT('',(110.155241,-109.947932,0.));
#7686 = CIRCLE('',#7687,0.508);
#7687 = AXIS2_PLACEMENT_3D('',#7688,#7689,#7690);
#7688 = CARTESIAN_POINT('',(110.155241,-109.439932,0.));
#7689 = DIRECTION('',(-0.,0.,-1.));
#7690 = DIRECTION('',(2.797412345512E-14,-1.,-0.));
#7691 = FACE_BOUND('',#7692,.F.);
#7692 = EDGE_LOOP('',(#7693));
#7693 = ORIENTED_EDGE('',*,*,#7694,.T.);
#7694 = EDGE_CURVE('',#7695,#7695,#7697,.T.);
#7695 = VERTEX_POINT('',#7696);
#7696 = CARTESIAN_POINT('',(110.155241,-104.867932,0.));
#7697 = CIRCLE('',#7698,0.508);
#7698 = AXIS2_PLACEMENT_3D('',#7699,#7700,#7701);
#7699 = CARTESIAN_POINT('',(110.155241,-104.359932,0.));
#7700 = DIRECTION('',(-0.,0.,-1.));
#7701 = DIRECTION('',(2.797412345512E-14,-1.,-0.));
#7702 = FACE_BOUND('',#7703,.F.);
#7703 = EDGE_LOOP('',(#7704));
#7704 = ORIENTED_EDGE('',*,*,#7705,.T.);
#7705 = EDGE_CURVE('',#7706,#7706,#7708,.T.);
#7706 = VERTEX_POINT('',#7707);
#7707 = CARTESIAN_POINT('',(117.775241,-109.947932,0.));
#7708 = CIRCLE('',#7709,0.508);
#7709 = AXIS2_PLACEMENT_3D('',#7710,#7711,#7712);
#7710 = CARTESIAN_POINT('',(117.775241,-109.439932,0.));
#7711 = DIRECTION('',(-0.,0.,-1.));
#7712 = DIRECTION('',(-0.,-1.,0.));
#7713 = FACE_BOUND('',#7714,.F.);
#7714 = EDGE_LOOP('',(#7715));
#7715 = ORIENTED_EDGE('',*,*,#7716,.T.);
#7716 = EDGE_CURVE('',#7717,#7717,#7719,.T.);
#7717 = VERTEX_POINT('',#7718);
#7718 = CARTESIAN_POINT('',(120.315241,-109.947932,0.));
#7719 = CIRCLE('',#7720,0.508);
#7720 = AXIS2_PLACEMENT_3D('',#7721,#7722,#7723);
#7721 = CARTESIAN_POINT('',(120.315241,-109.439932,0.));
#7722 = DIRECTION('',(-0.,0.,-1.));
#7723 = DIRECTION('',(-0.,-1.,0.));
#7724 = FACE_BOUND('',#7725,.F.);
#7725 = EDGE_LOOP('',(#7726));
#7726 = ORIENTED_EDGE('',*,*,#7727,.T.);
#7727 = EDGE_CURVE('',#7728,#7728,#7730,.T.);
#7728 = VERTEX_POINT('',#7729);
#7729 = CARTESIAN_POINT('',(117.775241,-104.867932,0.));
#7730 = CIRCLE('',#7731,0.508);
#7731 = AXIS2_PLACEMENT_3D('',#7732,#7733,#7734);
#7732 = CARTESIAN_POINT('',(117.775241,-104.359932,0.));
#7733 = DIRECTION('',(-0.,0.,-1.));
#7734 = DIRECTION('',(-0.,-1.,0.));
#7735 = FACE_BOUND('',#7736,.F.);
#7736 = EDGE_LOOP('',(#7737));
#7737 = ORIENTED_EDGE('',*,*,#7738,.T.);
#7738 = EDGE_CURVE('',#7739,#7739,#7741,.T.);
#7739 = VERTEX_POINT('',#7740);
#7740 = CARTESIAN_POINT('',(120.315241,-104.867932,0.));
#7741 = CIRCLE('',#7742,0.508);
#7742 = AXIS2_PLACEMENT_3D('',#7743,#7744,#7745);
#7743 = CARTESIAN_POINT('',(120.315241,-104.359932,0.));
#7744 = DIRECTION('',(-0.,0.,-1.));
#7745 = DIRECTION('',(-0.,-1.,0.));
#7746 = FACE_BOUND('',#7747,.F.);
#7747 = EDGE_LOOP('',(#7748));
#7748 = ORIENTED_EDGE('',*,*,#7749,.T.);
#7749 = EDGE_CURVE('',#7750,#7750,#7752,.T.);
#7750 = VERTEX_POINT('',#7751);
#7751 = CARTESIAN_POINT('',(104.902,-101.896,0.));
#7752 = CIRCLE('',#7753,0.55);
#7753 = AXIS2_PLACEMENT_3D('',#7754,#7755,#7756);
#7754 = CARTESIAN_POINT('',(104.902,-101.346,0.));
#7755 = DIRECTION('',(-0.,0.,-1.));
#7756 = DIRECTION('',(-0.,-1.,0.));
#7757 = FACE_BOUND('',#7758,.F.);
#7758 = EDGE_LOOP('',(#7759));
#7759 = ORIENTED_EDGE('',*,*,#7760,.T.);
#7760 = EDGE_CURVE('',#7761,#7761,#7763,.T.);
#7761 = VERTEX_POINT('',#7762);
#7762 = CARTESIAN_POINT('',(103.378,-95.368,0.));
#7763 = CIRCLE('',#7764,2.15);
#7764 = AXIS2_PLACEMENT_3D('',#7765,#7766,#7767);
#7765 = CARTESIAN_POINT('',(103.378,-93.218,0.));
#7766 = DIRECTION('',(-0.,0.,-1.));
#7767 = DIRECTION('',(-0.,-1.,0.));
#7768 = FACE_BOUND('',#7769,.F.);
#7769 = EDGE_LOOP('',(#7770));
#7770 = ORIENTED_EDGE('',*,*,#7771,.T.);
#7771 = EDGE_CURVE('',#7772,#7772,#7774,.T.);
#7772 = VERTEX_POINT('',#7773);
#7773 = CARTESIAN_POINT('',(113.626,-96.37375,0.));
#7774 = CIRCLE('',#7775,0.7);
#7775 = AXIS2_PLACEMENT_3D('',#7776,#7777,#7778);
#7776 = CARTESIAN_POINT('',(113.626,-95.67375,0.));
#7777 = DIRECTION('',(-0.,0.,-1.));
#7778 = DIRECTION('',(-0.,-1.,0.));
#7779 = FACE_BOUND('',#7780,.F.);
#7780 = EDGE_LOOP('',(#7781));
#7781 = ORIENTED_EDGE('',*,*,#7782,.T.);
#7782 = EDGE_CURVE('',#7783,#7783,#7785,.T.);
#7783 = VERTEX_POINT('',#7784);
#7784 = CARTESIAN_POINT('',(125.522241,-97.532832,0.));
#7785 = CIRCLE('',#7786,0.45);
#7786 = AXIS2_PLACEMENT_3D('',#7787,#7788,#7789);
#7787 = CARTESIAN_POINT('',(125.522241,-97.082832,0.));
#7788 = DIRECTION('',(-0.,0.,-1.));
#7789 = DIRECTION('',(-3.157967714489E-14,-1.,0.));
#7790 = FACE_BOUND('',#7791,.F.);
#7791 = EDGE_LOOP('',(#7792));
#7792 = ORIENTED_EDGE('',*,*,#7793,.T.);
#7793 = EDGE_CURVE('',#7794,#7794,#7796,.T.);
#7794 = VERTEX_POINT('',#7795);
#7795 = CARTESIAN_POINT('',(119.126,-96.37375,0.));
#7796 = CIRCLE('',#7797,0.7);
#7797 = AXIS2_PLACEMENT_3D('',#7798,#7799,#7800);
#7798 = CARTESIAN_POINT('',(119.126,-95.67375,0.));
#7799 = DIRECTION('',(-0.,0.,-1.));
#7800 = DIRECTION('',(-0.,-1.,0.));
#7801 = FACE_BOUND('',#7802,.F.);
#7802 = EDGE_LOOP('',(#7803));
#7803 = ORIENTED_EDGE('',*,*,#7804,.T.);
#7804 = EDGE_CURVE('',#7805,#7805,#7807,.T.);
#7805 = VERTEX_POINT('',#7806);
#7806 = CARTESIAN_POINT('',(128.062241,-112.722832,0.));
#7807 = CIRCLE('',#7808,0.4);
#7808 = AXIS2_PLACEMENT_3D('',#7809,#7810,#7811);
#7809 = CARTESIAN_POINT('',(128.062241,-112.322832,0.));
#7810 = DIRECTION('',(-0.,0.,-1.));
#7811 = DIRECTION('',(-0.,-1.,0.));
#7812 = FACE_BOUND('',#7813,.F.);
#7813 = EDGE_LOOP('',(#7814));
#7814 = ORIENTED_EDGE('',*,*,#7815,.T.);
#7815 = EDGE_CURVE('',#7816,#7816,#7818,.T.);
#7816 = VERTEX_POINT('',#7817);
#7817 = CARTESIAN_POINT('',(134.262241,-110.042832,0.));
#7818 = CIRCLE('',#7819,0.55);
#7819 = AXIS2_PLACEMENT_3D('',#7820,#7821,#7822);
#7820 = CARTESIAN_POINT('',(134.262241,-109.492832,0.));
#7821 = DIRECTION('',(-0.,0.,-1.));
#7822 = DIRECTION('',(-5.167583532801E-14,-1.,0.));
#7823 = FACE_BOUND('',#7824,.F.);
#7824 = EDGE_LOOP('',(#7825));
#7825 = ORIENTED_EDGE('',*,*,#7826,.T.);
#7826 = EDGE_CURVE('',#7827,#7827,#7829,.T.);
#7827 = VERTEX_POINT('',#7828);
#7828 = CARTESIAN_POINT('',(128.062241,-105.102832,0.));
#7829 = CIRCLE('',#7830,0.4);
#7830 = AXIS2_PLACEMENT_3D('',#7831,#7832,#7833);
#7831 = CARTESIAN_POINT('',(128.062241,-104.702832,0.));
#7832 = DIRECTION('',(-0.,0.,-1.));
#7833 = DIRECTION('',(-0.,-1.,0.));
#7834 = FACE_BOUND('',#7835,.F.);
#7835 = EDGE_LOOP('',(#7836));
#7836 = ORIENTED_EDGE('',*,*,#7837,.T.);
#7837 = EDGE_CURVE('',#7838,#7838,#7840,.T.);
#7838 = VERTEX_POINT('',#7839);
#7839 = CARTESIAN_POINT('',(134.262241,-105.542832,0.));
#7840 = CIRCLE('',#7841,0.55);
#7841 = AXIS2_PLACEMENT_3D('',#7842,#7843,#7844);
#7842 = CARTESIAN_POINT('',(134.262241,-104.992832,0.));
#7843 = DIRECTION('',(-0.,0.,-1.));
#7844 = DIRECTION('',(-5.167583532801E-14,-1.,0.));
#7845 = FACE_BOUND('',#7846,.F.);
#7846 = EDGE_LOOP('',(#7847));
#7847 = ORIENTED_EDGE('',*,*,#7848,.T.);
#7848 = EDGE_CURVE('',#7849,#7849,#7851,.T.);
#7849 = VERTEX_POINT('',#7850);
#7850 = CARTESIAN_POINT('',(140.762241,-110.042832,0.));
#7851 = CIRCLE('',#7852,0.55);
#7852 = AXIS2_PLACEMENT_3D('',#7853,#7854,#7855);
#7853 = CARTESIAN_POINT('',(140.762241,-109.492832,0.));
#7854 = DIRECTION('',(-0.,0.,-1.));
#7855 = DIRECTION('',(-5.167583532801E-14,-1.,0.));
#7856 = FACE_BOUND('',#7857,.F.);
#7857 = EDGE_LOOP('',(#7858));
#7858 = ORIENTED_EDGE('',*,*,#7859,.T.);
#7859 = EDGE_CURVE('',#7860,#7860,#7862,.T.);
#7860 = VERTEX_POINT('',#7861);
#7861 = CARTESIAN_POINT('',(140.762241,-105.542832,0.));
#7862 = CIRCLE('',#7863,0.55);
#7863 = AXIS2_PLACEMENT_3D('',#7864,#7865,#7866);
#7864 = CARTESIAN_POINT('',(140.762241,-104.992832,0.));
#7865 = DIRECTION('',(-0.,0.,-1.));
#7866 = DIRECTION('',(-5.167583532801E-14,-1.,0.));
#7867 = FACE_BOUND('',#7868,.F.);
#7868 = EDGE_LOOP('',(#7869));
#7869 = ORIENTED_EDGE('',*,*,#7870,.T.);
#7870 = EDGE_CURVE('',#7871,#7871,#7873,.T.);
#7871 = VERTEX_POINT('',#7872);
#7872 = CARTESIAN_POINT('',(128.062241,-97.532832,0.));
#7873 = CIRCLE('',#7874,0.45);
#7874 = AXIS2_PLACEMENT_3D('',#7875,#7876,#7877);
#7875 = CARTESIAN_POINT('',(128.062241,-97.082832,0.));
#7876 = DIRECTION('',(-0.,0.,-1.));
#7877 = DIRECTION('',(-0.,-1.,0.));
#7878 = FACE_BOUND('',#7879,.F.);
#7879 = EDGE_LOOP('',(#7880));
#7880 = ORIENTED_EDGE('',*,*,#7881,.T.);
#7881 = EDGE_CURVE('',#7882,#7882,#7884,.T.);
#7882 = VERTEX_POINT('',#7883);
#7883 = CARTESIAN_POINT('',(134.962,-96.204,0.));
#7884 = CIRCLE('',#7885,0.7);
#7885 = AXIS2_PLACEMENT_3D('',#7886,#7887,#7888);
#7886 = CARTESIAN_POINT('',(134.962,-95.504,0.));
#7887 = DIRECTION('',(-0.,0.,-1.));
#7888 = DIRECTION('',(-0.,-1.,0.));
#7889 = FACE_BOUND('',#7890,.F.);
#7890 = EDGE_LOOP('',(#7891));
#7891 = ORIENTED_EDGE('',*,*,#7892,.T.);
#7892 = EDGE_CURVE('',#7893,#7893,#7895,.T.);
#7893 = VERTEX_POINT('',#7894);
#7894 = CARTESIAN_POINT('',(140.462,-96.204,0.));
#7895 = CIRCLE('',#7896,0.7);
#7896 = AXIS2_PLACEMENT_3D('',#7897,#7898,#7899);
#7897 = CARTESIAN_POINT('',(140.462,-95.504,0.));
#7898 = DIRECTION('',(-0.,0.,-1.));
#7899 = DIRECTION('',(-0.,-1.,0.));
#7900 = FACE_BOUND('',#7901,.F.);
#7901 = EDGE_LOOP('',(#7902));
#7902 = ORIENTED_EDGE('',*,*,#7903,.T.);
#7903 = EDGE_CURVE('',#7904,#7904,#7906,.T.);
#7904 = VERTEX_POINT('',#7905);
#7905 = CARTESIAN_POINT('',(149.606,-95.368,0.));
#7906 = CIRCLE('',#7907,2.15);
#7907 = AXIS2_PLACEMENT_3D('',#7908,#7909,#7910);
#7908 = CARTESIAN_POINT('',(149.606,-93.218,0.));
#7909 = DIRECTION('',(-0.,0.,-1.));
#7910 = DIRECTION('',(-0.,-1.,0.));
#7911 = PLANE('',#7912);
#7912 = AXIS2_PLACEMENT_3D('',#7913,#7914,#7915);
#7913 = CARTESIAN_POINT('',(0.,0.,0.));
#7914 = DIRECTION('',(0.,0.,1.));
#7915 = DIRECTION('',(1.,0.,-0.));
#7916 = ADVANCED_FACE('',(#7917,#7928,#7939,#7950,#7961,#7972,#7983,
    #7994,#8005,#8016,#8027,#8038,#8049,#8060,#8071,#8082,#8093,#8104,
    #8115,#8126,#8137,#8148,#8159,#8170,#8181,#8192,#8203,#8214,#8225,
    #8236,#8247,#8258,#8269,#8280,#8291,#8302,#8313,#8324,#8335,#8346,
    #8357,#8368,#8379),#8390,.T.);
#7917 = FACE_BOUND('',#7918,.T.);
#7918 = EDGE_LOOP('',(#7919,#7920,#7921,#7927));
#7919 = ORIENTED_EDGE('',*,*,#7349,.F.);
#7920 = ORIENTED_EDGE('',*,*,#7389,.F.);
#7921 = ORIENTED_EDGE('',*,*,#7922,.F.);
#7922 = EDGE_CURVE('',#7412,#7382,#7923,.T.);
#7923 = LINE('',#7924,#7925);
#7924 = CARTESIAN_POINT('',(96.52,-84.554,1.6));
#7925 = VECTOR('',#7926,1.);
#7926 = DIRECTION('',(1.,0.,0.));
#7927 = ORIENTED_EDGE('',*,*,#7411,.F.);
#7928 = FACE_BOUND('',#7929,.T.);
#7929 = EDGE_LOOP('',(#7930));
#7930 = ORIENTED_EDGE('',*,*,#7931,.T.);
#7931 = EDGE_CURVE('',#7932,#7932,#7934,.T.);
#7932 = VERTEX_POINT('',#7933);
#7933 = CARTESIAN_POINT('',(103.378,-139.056,1.6));
#7934 = CIRCLE('',#7935,2.15);
#7935 = AXIS2_PLACEMENT_3D('',#7936,#7937,#7938);
#7936 = CARTESIAN_POINT('',(103.378,-136.906,1.6));
#7937 = DIRECTION('',(-0.,0.,-1.));
#7938 = DIRECTION('',(-0.,-1.,0.));
#7939 = FACE_BOUND('',#7940,.T.);
#7940 = EDGE_LOOP('',(#7941));
#7941 = ORIENTED_EDGE('',*,*,#7942,.T.);
#7942 = EDGE_CURVE('',#7943,#7943,#7945,.T.);
#7943 = VERTEX_POINT('',#7944);
#7944 = CARTESIAN_POINT('',(114.3,-128.112832,1.6));
#7945 = CIRCLE('',#7946,0.55);
#7946 = AXIS2_PLACEMENT_3D('',#7947,#7948,#7949);
#7947 = CARTESIAN_POINT('',(114.3,-127.562832,1.6));
#7948 = DIRECTION('',(-0.,0.,-1.));
#7949 = DIRECTION('',(-0.,-1.,0.));
#7950 = FACE_BOUND('',#7951,.T.);
#7951 = EDGE_LOOP('',(#7952));
#7952 = ORIENTED_EDGE('',*,*,#7953,.T.);
#7953 = EDGE_CURVE('',#7954,#7954,#7956,.T.);
#7954 = VERTEX_POINT('',#7955);
#7955 = CARTESIAN_POINT('',(106.00225,-126.176,1.6));
#7956 = CIRCLE('',#7957,0.7);
#7957 = AXIS2_PLACEMENT_3D('',#7958,#7959,#7960);
#7958 = CARTESIAN_POINT('',(106.00225,-125.476,1.6));
#7959 = DIRECTION('',(-0.,0.,-1.));
#7960 = DIRECTION('',(-0.,-1.,0.));
#7961 = FACE_BOUND('',#7962,.T.);
#7962 = EDGE_LOOP('',(#7963));
#7963 = ORIENTED_EDGE('',*,*,#7964,.T.);
#7964 = EDGE_CURVE('',#7965,#7965,#7967,.T.);
#7965 = VERTEX_POINT('',#7966);
#7966 = CARTESIAN_POINT('',(106.00225,-120.676,1.6));
#7967 = CIRCLE('',#7968,0.7);
#7968 = AXIS2_PLACEMENT_3D('',#7969,#7970,#7971);
#7969 = CARTESIAN_POINT('',(106.00225,-119.976,1.6));
#7970 = DIRECTION('',(-0.,0.,-1.));
#7971 = DIRECTION('',(-0.,-1.,0.));
#7972 = FACE_BOUND('',#7973,.T.);
#7973 = EDGE_LOOP('',(#7974));
#7974 = ORIENTED_EDGE('',*,*,#7975,.T.);
#7975 = EDGE_CURVE('',#7976,#7976,#7978,.T.);
#7976 = VERTEX_POINT('',#7977);
#7977 = CARTESIAN_POINT('',(120.442241,-125.422832,1.6));
#7978 = CIRCLE('',#7979,0.4);
#7979 = AXIS2_PLACEMENT_3D('',#7980,#7981,#7982);
#7980 = CARTESIAN_POINT('',(120.442241,-125.022832,1.6));
#7981 = DIRECTION('',(-0.,0.,-1.));
#7982 = DIRECTION('',(-0.,-1.,0.));
#7983 = FACE_BOUND('',#7984,.T.);
#7984 = EDGE_LOOP('',(#7985));
#7985 = ORIENTED_EDGE('',*,*,#7986,.T.);
#7986 = EDGE_CURVE('',#7987,#7987,#7989,.T.);
#7987 = VERTEX_POINT('',#7988);
#7988 = CARTESIAN_POINT('',(125.522241,-125.422832,1.6));
#7989 = CIRCLE('',#7990,0.4);
#7990 = AXIS2_PLACEMENT_3D('',#7991,#7992,#7993);
#7991 = CARTESIAN_POINT('',(125.522241,-125.022832,1.6));
#7992 = DIRECTION('',(-0.,0.,-1.));
#7993 = DIRECTION('',(-3.552713678801E-14,-1.,0.));
#7994 = FACE_BOUND('',#7995,.T.);
#7995 = EDGE_LOOP('',(#7996));
#7996 = ORIENTED_EDGE('',*,*,#7997,.T.);
#7997 = EDGE_CURVE('',#7998,#7998,#8000,.T.);
#7998 = VERTEX_POINT('',#7999);
#7999 = CARTESIAN_POINT('',(114.3,-117.952832,1.6));
#8000 = CIRCLE('',#8001,0.55);
#8001 = AXIS2_PLACEMENT_3D('',#8002,#8003,#8004);
#8002 = CARTESIAN_POINT('',(114.3,-117.402832,1.6));
#8003 = DIRECTION('',(-0.,0.,-1.));
#8004 = DIRECTION('',(-0.,-1.,0.));
#8005 = FACE_BOUND('',#8006,.T.);
#8006 = EDGE_LOOP('',(#8007));
#8007 = ORIENTED_EDGE('',*,*,#8008,.T.);
#8008 = EDGE_CURVE('',#8009,#8009,#8011,.T.);
#8009 = VERTEX_POINT('',#8010);
#8010 = CARTESIAN_POINT('',(120.442241,-120.342832,1.6));
#8011 = CIRCLE('',#8012,0.4);
#8012 = AXIS2_PLACEMENT_3D('',#8013,#8014,#8015);
#8013 = CARTESIAN_POINT('',(120.442241,-119.942832,1.6));
#8014 = DIRECTION('',(-0.,0.,-1.));
#8015 = DIRECTION('',(-0.,-1.,0.));
#8016 = FACE_BOUND('',#8017,.T.);
#8017 = EDGE_LOOP('',(#8018));
#8018 = ORIENTED_EDGE('',*,*,#8019,.T.);
#8019 = EDGE_CURVE('',#8020,#8020,#8022,.T.);
#8020 = VERTEX_POINT('',#8021);
#8021 = CARTESIAN_POINT('',(125.522241,-120.342832,1.6));
#8022 = CIRCLE('',#8023,0.4);
#8023 = AXIS2_PLACEMENT_3D('',#8024,#8025,#8026);
#8024 = CARTESIAN_POINT('',(125.522241,-119.942832,1.6));
#8025 = DIRECTION('',(-0.,0.,-1.));
#8026 = DIRECTION('',(-3.552713678801E-14,-1.,0.));
#8027 = FACE_BOUND('',#8028,.T.);
#8028 = EDGE_LOOP('',(#8029));
#8029 = ORIENTED_EDGE('',*,*,#8030,.T.);
#8030 = EDGE_CURVE('',#8031,#8031,#8033,.T.);
#8031 = VERTEX_POINT('',#8032);
#8032 = CARTESIAN_POINT('',(149.606,-139.056,1.6));
#8033 = CIRCLE('',#8034,2.15);
#8034 = AXIS2_PLACEMENT_3D('',#8035,#8036,#8037);
#8035 = CARTESIAN_POINT('',(149.606,-136.906,1.6));
#8036 = DIRECTION('',(-0.,0.,-1.));
#8037 = DIRECTION('',(-0.,-1.,0.));
#8038 = FACE_BOUND('',#8039,.T.);
#8039 = EDGE_LOOP('',(#8040));
#8040 = ORIENTED_EDGE('',*,*,#8041,.T.);
#8041 = EDGE_CURVE('',#8042,#8042,#8044,.T.);
#8042 = VERTEX_POINT('',#8043);
#8043 = CARTESIAN_POINT('',(139.954,-128.112832,1.6));
#8044 = CIRCLE('',#8045,0.55);
#8045 = AXIS2_PLACEMENT_3D('',#8046,#8047,#8048);
#8046 = CARTESIAN_POINT('',(139.954,-127.562832,1.6));
#8047 = DIRECTION('',(-0.,0.,-1.));
#8048 = DIRECTION('',(-0.,-1.,0.));
#8049 = FACE_BOUND('',#8050,.T.);
#8050 = EDGE_LOOP('',(#8051));
#8051 = ORIENTED_EDGE('',*,*,#8052,.T.);
#8052 = EDGE_CURVE('',#8053,#8053,#8055,.T.);
#8053 = VERTEX_POINT('',#8054);
#8054 = CARTESIAN_POINT('',(128.062241,-125.422832,1.6));
#8055 = CIRCLE('',#8056,0.4);
#8056 = AXIS2_PLACEMENT_3D('',#8057,#8058,#8059);
#8057 = CARTESIAN_POINT('',(128.062241,-125.022832,1.6));
#8058 = DIRECTION('',(-0.,0.,-1.));
#8059 = DIRECTION('',(-0.,-1.,0.));
#8060 = FACE_BOUND('',#8061,.T.);
#8061 = EDGE_LOOP('',(#8062));
#8062 = ORIENTED_EDGE('',*,*,#8063,.T.);
#8063 = EDGE_CURVE('',#8064,#8064,#8066,.T.);
#8064 = VERTEX_POINT('',#8065);
#8065 = CARTESIAN_POINT('',(130.602241,-125.422832,1.6));
#8066 = CIRCLE('',#8067,0.4);
#8067 = AXIS2_PLACEMENT_3D('',#8068,#8069,#8070);
#8068 = CARTESIAN_POINT('',(130.602241,-125.022832,1.6));
#8069 = DIRECTION('',(-0.,0.,-1.));
#8070 = DIRECTION('',(-0.,-1.,0.));
#8071 = FACE_BOUND('',#8072,.T.);
#8072 = EDGE_LOOP('',(#8073));
#8073 = ORIENTED_EDGE('',*,*,#8074,.T.);
#8074 = EDGE_CURVE('',#8075,#8075,#8077,.T.);
#8075 = VERTEX_POINT('',#8076);
#8076 = CARTESIAN_POINT('',(133.142241,-125.422832,1.6));
#8077 = CIRCLE('',#8078,0.4);
#8078 = AXIS2_PLACEMENT_3D('',#8079,#8080,#8081);
#8079 = CARTESIAN_POINT('',(133.142241,-125.022832,1.6));
#8080 = DIRECTION('',(-0.,0.,-1.));
#8081 = DIRECTION('',(-0.,-1.,0.));
#8082 = FACE_BOUND('',#8083,.T.);
#8083 = EDGE_LOOP('',(#8084));
#8084 = ORIENTED_EDGE('',*,*,#8085,.T.);
#8085 = EDGE_CURVE('',#8086,#8086,#8088,.T.);
#8086 = VERTEX_POINT('',#8087);
#8087 = CARTESIAN_POINT('',(128.062241,-120.342832,1.6));
#8088 = CIRCLE('',#8089,0.4);
#8089 = AXIS2_PLACEMENT_3D('',#8090,#8091,#8092);
#8090 = CARTESIAN_POINT('',(128.062241,-119.942832,1.6));
#8091 = DIRECTION('',(-0.,0.,-1.));
#8092 = DIRECTION('',(-0.,-1.,0.));
#8093 = FACE_BOUND('',#8094,.T.);
#8094 = EDGE_LOOP('',(#8095));
#8095 = ORIENTED_EDGE('',*,*,#8096,.T.);
#8096 = EDGE_CURVE('',#8097,#8097,#8099,.T.);
#8097 = VERTEX_POINT('',#8098);
#8098 = CARTESIAN_POINT('',(130.602241,-120.342832,1.6));
#8099 = CIRCLE('',#8100,0.4);
#8100 = AXIS2_PLACEMENT_3D('',#8101,#8102,#8103);
#8101 = CARTESIAN_POINT('',(130.602241,-119.942832,1.6));
#8102 = DIRECTION('',(-0.,0.,-1.));
#8103 = DIRECTION('',(-0.,-1.,0.));
#8104 = FACE_BOUND('',#8105,.T.);
#8105 = EDGE_LOOP('',(#8106));
#8106 = ORIENTED_EDGE('',*,*,#8107,.T.);
#8107 = EDGE_CURVE('',#8108,#8108,#8110,.T.);
#8108 = VERTEX_POINT('',#8109);
#8109 = CARTESIAN_POINT('',(133.142241,-120.342832,1.6));
#8110 = CIRCLE('',#8111,0.4);
#8111 = AXIS2_PLACEMENT_3D('',#8112,#8113,#8114);
#8112 = CARTESIAN_POINT('',(133.142241,-119.942832,1.6));
#8113 = DIRECTION('',(-0.,0.,-1.));
#8114 = DIRECTION('',(-0.,-1.,0.));
#8115 = FACE_BOUND('',#8116,.T.);
#8116 = EDGE_LOOP('',(#8117));
#8117 = ORIENTED_EDGE('',*,*,#8118,.T.);
#8118 = EDGE_CURVE('',#8119,#8119,#8121,.T.);
#8119 = VERTEX_POINT('',#8120);
#8120 = CARTESIAN_POINT('',(149.098,-125.834,1.6));
#8121 = CIRCLE('',#8122,0.7);
#8122 = AXIS2_PLACEMENT_3D('',#8123,#8124,#8125);
#8123 = CARTESIAN_POINT('',(149.098,-125.134,1.6));
#8124 = DIRECTION('',(-0.,0.,-1.));
#8125 = DIRECTION('',(-0.,-1.,0.));
#8126 = FACE_BOUND('',#8127,.T.);
#8127 = EDGE_LOOP('',(#8128));
#8128 = ORIENTED_EDGE('',*,*,#8129,.T.);
#8129 = EDGE_CURVE('',#8130,#8130,#8132,.T.);
#8130 = VERTEX_POINT('',#8131);
#8131 = CARTESIAN_POINT('',(139.954,-117.952832,1.6));
#8132 = CIRCLE('',#8133,0.55);
#8133 = AXIS2_PLACEMENT_3D('',#8134,#8135,#8136);
#8134 = CARTESIAN_POINT('',(139.954,-117.402832,1.6));
#8135 = DIRECTION('',(-0.,0.,-1.));
#8136 = DIRECTION('',(-0.,-1.,0.));
#8137 = FACE_BOUND('',#8138,.T.);
#8138 = EDGE_LOOP('',(#8139));
#8139 = ORIENTED_EDGE('',*,*,#8140,.T.);
#8140 = EDGE_CURVE('',#8141,#8141,#8143,.T.);
#8141 = VERTEX_POINT('',#8142);
#8142 = CARTESIAN_POINT('',(149.098,-120.334,1.6));
#8143 = CIRCLE('',#8144,0.7);
#8144 = AXIS2_PLACEMENT_3D('',#8145,#8146,#8147);
#8145 = CARTESIAN_POINT('',(149.098,-119.634,1.6));
#8146 = DIRECTION('',(-0.,0.,-1.));
#8147 = DIRECTION('',(-0.,-1.,0.));
#8148 = FACE_BOUND('',#8149,.T.);
#8149 = EDGE_LOOP('',(#8150));
#8150 = ORIENTED_EDGE('',*,*,#8151,.T.);
#8151 = EDGE_CURVE('',#8152,#8152,#8154,.T.);
#8152 = VERTEX_POINT('',#8153);
#8153 = CARTESIAN_POINT('',(104.902,-112.056,1.6));
#8154 = CIRCLE('',#8155,0.55);
#8155 = AXIS2_PLACEMENT_3D('',#8156,#8157,#8158);
#8156 = CARTESIAN_POINT('',(104.902,-111.506,1.6));
#8157 = DIRECTION('',(-0.,0.,-1.));
#8158 = DIRECTION('',(-0.,-1.,0.));
#8159 = FACE_BOUND('',#8160,.T.);
#8160 = EDGE_LOOP('',(#8161));
#8161 = ORIENTED_EDGE('',*,*,#8162,.T.);
#8162 = EDGE_CURVE('',#8163,#8163,#8165,.T.);
#8163 = VERTEX_POINT('',#8164);
#8164 = CARTESIAN_POINT('',(110.155241,-109.947932,1.6));
#8165 = CIRCLE('',#8166,0.508);
#8166 = AXIS2_PLACEMENT_3D('',#8167,#8168,#8169);
#8167 = CARTESIAN_POINT('',(110.155241,-109.439932,1.6));
#8168 = DIRECTION('',(-0.,0.,-1.));
#8169 = DIRECTION('',(2.797412345512E-14,-1.,-0.));
#8170 = FACE_BOUND('',#8171,.T.);
#8171 = EDGE_LOOP('',(#8172));
#8172 = ORIENTED_EDGE('',*,*,#8173,.T.);
#8173 = EDGE_CURVE('',#8174,#8174,#8176,.T.);
#8174 = VERTEX_POINT('',#8175);
#8175 = CARTESIAN_POINT('',(110.155241,-104.867932,1.6));
#8176 = CIRCLE('',#8177,0.508);
#8177 = AXIS2_PLACEMENT_3D('',#8178,#8179,#8180);
#8178 = CARTESIAN_POINT('',(110.155241,-104.359932,1.6));
#8179 = DIRECTION('',(-0.,0.,-1.));
#8180 = DIRECTION('',(2.797412345512E-14,-1.,-0.));
#8181 = FACE_BOUND('',#8182,.T.);
#8182 = EDGE_LOOP('',(#8183));
#8183 = ORIENTED_EDGE('',*,*,#8184,.T.);
#8184 = EDGE_CURVE('',#8185,#8185,#8187,.T.);
#8185 = VERTEX_POINT('',#8186);
#8186 = CARTESIAN_POINT('',(117.775241,-109.947932,1.6));
#8187 = CIRCLE('',#8188,0.508);
#8188 = AXIS2_PLACEMENT_3D('',#8189,#8190,#8191);
#8189 = CARTESIAN_POINT('',(117.775241,-109.439932,1.6));
#8190 = DIRECTION('',(-0.,0.,-1.));
#8191 = DIRECTION('',(-0.,-1.,0.));
#8192 = FACE_BOUND('',#8193,.T.);
#8193 = EDGE_LOOP('',(#8194));
#8194 = ORIENTED_EDGE('',*,*,#8195,.T.);
#8195 = EDGE_CURVE('',#8196,#8196,#8198,.T.);
#8196 = VERTEX_POINT('',#8197);
#8197 = CARTESIAN_POINT('',(120.315241,-109.947932,1.6));
#8198 = CIRCLE('',#8199,0.508);
#8199 = AXIS2_PLACEMENT_3D('',#8200,#8201,#8202);
#8200 = CARTESIAN_POINT('',(120.315241,-109.439932,1.6));
#8201 = DIRECTION('',(-0.,0.,-1.));
#8202 = DIRECTION('',(-0.,-1.,0.));
#8203 = FACE_BOUND('',#8204,.T.);
#8204 = EDGE_LOOP('',(#8205));
#8205 = ORIENTED_EDGE('',*,*,#8206,.T.);
#8206 = EDGE_CURVE('',#8207,#8207,#8209,.T.);
#8207 = VERTEX_POINT('',#8208);
#8208 = CARTESIAN_POINT('',(117.775241,-104.867932,1.6));
#8209 = CIRCLE('',#8210,0.508);
#8210 = AXIS2_PLACEMENT_3D('',#8211,#8212,#8213);
#8211 = CARTESIAN_POINT('',(117.775241,-104.359932,1.6));
#8212 = DIRECTION('',(-0.,0.,-1.));
#8213 = DIRECTION('',(-0.,-1.,0.));
#8214 = FACE_BOUND('',#8215,.T.);
#8215 = EDGE_LOOP('',(#8216));
#8216 = ORIENTED_EDGE('',*,*,#8217,.T.);
#8217 = EDGE_CURVE('',#8218,#8218,#8220,.T.);
#8218 = VERTEX_POINT('',#8219);
#8219 = CARTESIAN_POINT('',(120.315241,-104.867932,1.6));
#8220 = CIRCLE('',#8221,0.508);
#8221 = AXIS2_PLACEMENT_3D('',#8222,#8223,#8224);
#8222 = CARTESIAN_POINT('',(120.315241,-104.359932,1.6));
#8223 = DIRECTION('',(-0.,0.,-1.));
#8224 = DIRECTION('',(-0.,-1.,0.));
#8225 = FACE_BOUND('',#8226,.T.);
#8226 = EDGE_LOOP('',(#8227));
#8227 = ORIENTED_EDGE('',*,*,#8228,.T.);
#8228 = EDGE_CURVE('',#8229,#8229,#8231,.T.);
#8229 = VERTEX_POINT('',#8230);
#8230 = CARTESIAN_POINT('',(104.902,-101.896,1.6));
#8231 = CIRCLE('',#8232,0.55);
#8232 = AXIS2_PLACEMENT_3D('',#8233,#8234,#8235);
#8233 = CARTESIAN_POINT('',(104.902,-101.346,1.6));
#8234 = DIRECTION('',(-0.,0.,-1.));
#8235 = DIRECTION('',(-0.,-1.,0.));
#8236 = FACE_BOUND('',#8237,.T.);
#8237 = EDGE_LOOP('',(#8238));
#8238 = ORIENTED_EDGE('',*,*,#8239,.T.);
#8239 = EDGE_CURVE('',#8240,#8240,#8242,.T.);
#8240 = VERTEX_POINT('',#8241);
#8241 = CARTESIAN_POINT('',(103.378,-95.368,1.6));
#8242 = CIRCLE('',#8243,2.15);
#8243 = AXIS2_PLACEMENT_3D('',#8244,#8245,#8246);
#8244 = CARTESIAN_POINT('',(103.378,-93.218,1.6));
#8245 = DIRECTION('',(-0.,0.,-1.));
#8246 = DIRECTION('',(-0.,-1.,0.));
#8247 = FACE_BOUND('',#8248,.T.);
#8248 = EDGE_LOOP('',(#8249));
#8249 = ORIENTED_EDGE('',*,*,#8250,.T.);
#8250 = EDGE_CURVE('',#8251,#8251,#8253,.T.);
#8251 = VERTEX_POINT('',#8252);
#8252 = CARTESIAN_POINT('',(113.626,-96.37375,1.6));
#8253 = CIRCLE('',#8254,0.7);
#8254 = AXIS2_PLACEMENT_3D('',#8255,#8256,#8257);
#8255 = CARTESIAN_POINT('',(113.626,-95.67375,1.6));
#8256 = DIRECTION('',(-0.,0.,-1.));
#8257 = DIRECTION('',(-0.,-1.,0.));
#8258 = FACE_BOUND('',#8259,.T.);
#8259 = EDGE_LOOP('',(#8260));
#8260 = ORIENTED_EDGE('',*,*,#8261,.T.);
#8261 = EDGE_CURVE('',#8262,#8262,#8264,.T.);
#8262 = VERTEX_POINT('',#8263);
#8263 = CARTESIAN_POINT('',(125.522241,-97.532832,1.6));
#8264 = CIRCLE('',#8265,0.45);
#8265 = AXIS2_PLACEMENT_3D('',#8266,#8267,#8268);
#8266 = CARTESIAN_POINT('',(125.522241,-97.082832,1.6));
#8267 = DIRECTION('',(-0.,0.,-1.));
#8268 = DIRECTION('',(-3.157967714489E-14,-1.,0.));
#8269 = FACE_BOUND('',#8270,.T.);
#8270 = EDGE_LOOP('',(#8271));
#8271 = ORIENTED_EDGE('',*,*,#8272,.T.);
#8272 = EDGE_CURVE('',#8273,#8273,#8275,.T.);
#8273 = VERTEX_POINT('',#8274);
#8274 = CARTESIAN_POINT('',(119.126,-96.37375,1.6));
#8275 = CIRCLE('',#8276,0.7);
#8276 = AXIS2_PLACEMENT_3D('',#8277,#8278,#8279);
#8277 = CARTESIAN_POINT('',(119.126,-95.67375,1.6));
#8278 = DIRECTION('',(-0.,0.,-1.));
#8279 = DIRECTION('',(-0.,-1.,0.));
#8280 = FACE_BOUND('',#8281,.T.);
#8281 = EDGE_LOOP('',(#8282));
#8282 = ORIENTED_EDGE('',*,*,#8283,.T.);
#8283 = EDGE_CURVE('',#8284,#8284,#8286,.T.);
#8284 = VERTEX_POINT('',#8285);
#8285 = CARTESIAN_POINT('',(128.062241,-112.722832,1.6));
#8286 = CIRCLE('',#8287,0.4);
#8287 = AXIS2_PLACEMENT_3D('',#8288,#8289,#8290);
#8288 = CARTESIAN_POINT('',(128.062241,-112.322832,1.6));
#8289 = DIRECTION('',(-0.,0.,-1.));
#8290 = DIRECTION('',(-0.,-1.,0.));
#8291 = FACE_BOUND('',#8292,.T.);
#8292 = EDGE_LOOP('',(#8293));
#8293 = ORIENTED_EDGE('',*,*,#8294,.T.);
#8294 = EDGE_CURVE('',#8295,#8295,#8297,.T.);
#8295 = VERTEX_POINT('',#8296);
#8296 = CARTESIAN_POINT('',(134.262241,-110.042832,1.6));
#8297 = CIRCLE('',#8298,0.55);
#8298 = AXIS2_PLACEMENT_3D('',#8299,#8300,#8301);
#8299 = CARTESIAN_POINT('',(134.262241,-109.492832,1.6));
#8300 = DIRECTION('',(-0.,0.,-1.));
#8301 = DIRECTION('',(-5.167583532801E-14,-1.,0.));
#8302 = FACE_BOUND('',#8303,.T.);
#8303 = EDGE_LOOP('',(#8304));
#8304 = ORIENTED_EDGE('',*,*,#8305,.T.);
#8305 = EDGE_CURVE('',#8306,#8306,#8308,.T.);
#8306 = VERTEX_POINT('',#8307);
#8307 = CARTESIAN_POINT('',(128.062241,-105.102832,1.6));
#8308 = CIRCLE('',#8309,0.4);
#8309 = AXIS2_PLACEMENT_3D('',#8310,#8311,#8312);
#8310 = CARTESIAN_POINT('',(128.062241,-104.702832,1.6));
#8311 = DIRECTION('',(-0.,0.,-1.));
#8312 = DIRECTION('',(-0.,-1.,0.));
#8313 = FACE_BOUND('',#8314,.T.);
#8314 = EDGE_LOOP('',(#8315));
#8315 = ORIENTED_EDGE('',*,*,#8316,.T.);
#8316 = EDGE_CURVE('',#8317,#8317,#8319,.T.);
#8317 = VERTEX_POINT('',#8318);
#8318 = CARTESIAN_POINT('',(134.262241,-105.542832,1.6));
#8319 = CIRCLE('',#8320,0.55);
#8320 = AXIS2_PLACEMENT_3D('',#8321,#8322,#8323);
#8321 = CARTESIAN_POINT('',(134.262241,-104.992832,1.6));
#8322 = DIRECTION('',(-0.,0.,-1.));
#8323 = DIRECTION('',(-5.167583532801E-14,-1.,0.));
#8324 = FACE_BOUND('',#8325,.T.);
#8325 = EDGE_LOOP('',(#8326));
#8326 = ORIENTED_EDGE('',*,*,#8327,.T.);
#8327 = EDGE_CURVE('',#8328,#8328,#8330,.T.);
#8328 = VERTEX_POINT('',#8329);
#8329 = CARTESIAN_POINT('',(140.762241,-110.042832,1.6));
#8330 = CIRCLE('',#8331,0.55);
#8331 = AXIS2_PLACEMENT_3D('',#8332,#8333,#8334);
#8332 = CARTESIAN_POINT('',(140.762241,-109.492832,1.6));
#8333 = DIRECTION('',(-0.,0.,-1.));
#8334 = DIRECTION('',(-5.167583532801E-14,-1.,0.));
#8335 = FACE_BOUND('',#8336,.T.);
#8336 = EDGE_LOOP('',(#8337));
#8337 = ORIENTED_EDGE('',*,*,#8338,.T.);
#8338 = EDGE_CURVE('',#8339,#8339,#8341,.T.);
#8339 = VERTEX_POINT('',#8340);
#8340 = CARTESIAN_POINT('',(140.762241,-105.542832,1.6));
#8341 = CIRCLE('',#8342,0.55);
#8342 = AXIS2_PLACEMENT_3D('',#8343,#8344,#8345);
#8343 = CARTESIAN_POINT('',(140.762241,-104.992832,1.6));
#8344 = DIRECTION('',(-0.,0.,-1.));
#8345 = DIRECTION('',(-5.167583532801E-14,-1.,0.));
#8346 = FACE_BOUND('',#8347,.T.);
#8347 = EDGE_LOOP('',(#8348));
#8348 = ORIENTED_EDGE('',*,*,#8349,.T.);
#8349 = EDGE_CURVE('',#8350,#8350,#8352,.T.);
#8350 = VERTEX_POINT('',#8351);
#8351 = CARTESIAN_POINT('',(128.062241,-97.532832,1.6));
#8352 = CIRCLE('',#8353,0.45);
#8353 = AXIS2_PLACEMENT_3D('',#8354,#8355,#8356);
#8354 = CARTESIAN_POINT('',(128.062241,-97.082832,1.6));
#8355 = DIRECTION('',(-0.,0.,-1.));
#8356 = DIRECTION('',(-0.,-1.,0.));
#8357 = FACE_BOUND('',#8358,.T.);
#8358 = EDGE_LOOP('',(#8359));
#8359 = ORIENTED_EDGE('',*,*,#8360,.T.);
#8360 = EDGE_CURVE('',#8361,#8361,#8363,.T.);
#8361 = VERTEX_POINT('',#8362);
#8362 = CARTESIAN_POINT('',(134.962,-96.204,1.6));
#8363 = CIRCLE('',#8364,0.7);
#8364 = AXIS2_PLACEMENT_3D('',#8365,#8366,#8367);
#8365 = CARTESIAN_POINT('',(134.962,-95.504,1.6));
#8366 = DIRECTION('',(-0.,0.,-1.));
#8367 = DIRECTION('',(-0.,-1.,0.));
#8368 = FACE_BOUND('',#8369,.T.);
#8369 = EDGE_LOOP('',(#8370));
#8370 = ORIENTED_EDGE('',*,*,#8371,.T.);
#8371 = EDGE_CURVE('',#8372,#8372,#8374,.T.);
#8372 = VERTEX_POINT('',#8373);
#8373 = CARTESIAN_POINT('',(140.462,-96.204,1.6));
#8374 = CIRCLE('',#8375,0.7);
#8375 = AXIS2_PLACEMENT_3D('',#8376,#8377,#8378);
#8376 = CARTESIAN_POINT('',(140.462,-95.504,1.6));
#8377 = DIRECTION('',(-0.,0.,-1.));
#8378 = DIRECTION('',(-0.,-1.,0.));
#8379 = FACE_BOUND('',#8380,.T.);
#8380 = EDGE_LOOP('',(#8381));
#8381 = ORIENTED_EDGE('',*,*,#8382,.T.);
#8382 = EDGE_CURVE('',#8383,#8383,#8385,.T.);
#8383 = VERTEX_POINT('',#8384);
#8384 = CARTESIAN_POINT('',(149.606,-95.368,1.6));
#8385 = CIRCLE('',#8386,2.15);
#8386 = AXIS2_PLACEMENT_3D('',#8387,#8388,#8389);
#8387 = CARTESIAN_POINT('',(149.606,-93.218,1.6));
#8388 = DIRECTION('',(-0.,0.,-1.));
#8389 = DIRECTION('',(-0.,-1.,0.));
#8390 = PLANE('',#8391);
#8391 = AXIS2_PLACEMENT_3D('',#8392,#8393,#8394);
#8392 = CARTESIAN_POINT('',(0.,0.,1.6));
#8393 = DIRECTION('',(0.,0.,1.));
#8394 = DIRECTION('',(1.,0.,-0.));
#8395 = ADVANCED_FACE('',(#8396),#8402,.T.);
#8396 = FACE_BOUND('',#8397,.T.);
#8397 = EDGE_LOOP('',(#8398,#8399,#8400,#8401));
#8398 = ORIENTED_EDGE('',*,*,#7419,.T.);
#8399 = ORIENTED_EDGE('',*,*,#7922,.T.);
#8400 = ORIENTED_EDGE('',*,*,#7379,.F.);
#8401 = ORIENTED_EDGE('',*,*,#7443,.F.);
#8402 = PLANE('',#8403);
#8403 = AXIS2_PLACEMENT_3D('',#8404,#8405,#8406);
#8404 = CARTESIAN_POINT('',(96.52,-84.554,0.));
#8405 = DIRECTION('',(0.,1.,0.));
#8406 = DIRECTION('',(1.,0.,0.));
#8407 = ADVANCED_FACE('',(#8408),#8419,.F.);
#8408 = FACE_BOUND('',#8409,.T.);
#8409 = EDGE_LOOP('',(#8410,#8411,#8417,#8418));
#8410 = ORIENTED_EDGE('',*,*,#7452,.T.);
#8411 = ORIENTED_EDGE('',*,*,#8412,.T.);
#8412 = EDGE_CURVE('',#7453,#7932,#8413,.T.);
#8413 = LINE('',#8414,#8415);
#8414 = CARTESIAN_POINT('',(103.378,-139.056,-4.5E-02));
#8415 = VECTOR('',#8416,1.);
#8416 = DIRECTION('',(0.,0.,1.));
#8417 = ORIENTED_EDGE('',*,*,#7931,.F.);
#8418 = ORIENTED_EDGE('',*,*,#8412,.F.);
#8419 = CYLINDRICAL_SURFACE('',#8420,2.15);
#8420 = AXIS2_PLACEMENT_3D('',#8421,#8422,#8423);
#8421 = CARTESIAN_POINT('',(103.378,-136.906,-4.5E-02));
#8422 = DIRECTION('',(-0.,-0.,-1.));
#8423 = DIRECTION('',(-0.,-1.,0.));
#8424 = ADVANCED_FACE('',(#8425),#8436,.F.);
#8425 = FACE_BOUND('',#8426,.T.);
#8426 = EDGE_LOOP('',(#8427,#8428,#8434,#8435));
#8427 = ORIENTED_EDGE('',*,*,#7463,.T.);
#8428 = ORIENTED_EDGE('',*,*,#8429,.T.);
#8429 = EDGE_CURVE('',#7464,#7943,#8430,.T.);
#8430 = LINE('',#8431,#8432);
#8431 = CARTESIAN_POINT('',(114.3,-128.112832,-4.5E-02));
#8432 = VECTOR('',#8433,1.);
#8433 = DIRECTION('',(0.,0.,1.));
#8434 = ORIENTED_EDGE('',*,*,#7942,.F.);
#8435 = ORIENTED_EDGE('',*,*,#8429,.F.);
#8436 = CYLINDRICAL_SURFACE('',#8437,0.55);
#8437 = AXIS2_PLACEMENT_3D('',#8438,#8439,#8440);
#8438 = CARTESIAN_POINT('',(114.3,-127.562832,-4.5E-02));
#8439 = DIRECTION('',(-0.,-0.,-1.));
#8440 = DIRECTION('',(-0.,-1.,0.));
#8441 = ADVANCED_FACE('',(#8442),#8453,.F.);
#8442 = FACE_BOUND('',#8443,.T.);
#8443 = EDGE_LOOP('',(#8444,#8445,#8451,#8452));
#8444 = ORIENTED_EDGE('',*,*,#7474,.T.);
#8445 = ORIENTED_EDGE('',*,*,#8446,.T.);
#8446 = EDGE_CURVE('',#7475,#7954,#8447,.T.);
#8447 = LINE('',#8448,#8449);
#8448 = CARTESIAN_POINT('',(106.00225,-126.176,-4.5E-02));
#8449 = VECTOR('',#8450,1.);
#8450 = DIRECTION('',(0.,0.,1.));
#8451 = ORIENTED_EDGE('',*,*,#7953,.F.);
#8452 = ORIENTED_EDGE('',*,*,#8446,.F.);
#8453 = CYLINDRICAL_SURFACE('',#8454,0.7);
#8454 = AXIS2_PLACEMENT_3D('',#8455,#8456,#8457);
#8455 = CARTESIAN_POINT('',(106.00225,-125.476,-4.5E-02));
#8456 = DIRECTION('',(-0.,-0.,-1.));
#8457 = DIRECTION('',(-0.,-1.,0.));
#8458 = ADVANCED_FACE('',(#8459),#8470,.F.);
#8459 = FACE_BOUND('',#8460,.T.);
#8460 = EDGE_LOOP('',(#8461,#8462,#8468,#8469));
#8461 = ORIENTED_EDGE('',*,*,#7485,.T.);
#8462 = ORIENTED_EDGE('',*,*,#8463,.T.);
#8463 = EDGE_CURVE('',#7486,#7965,#8464,.T.);
#8464 = LINE('',#8465,#8466);
#8465 = CARTESIAN_POINT('',(106.00225,-120.676,-4.5E-02));
#8466 = VECTOR('',#8467,1.);
#8467 = DIRECTION('',(0.,0.,1.));
#8468 = ORIENTED_EDGE('',*,*,#7964,.F.);
#8469 = ORIENTED_EDGE('',*,*,#8463,.F.);
#8470 = CYLINDRICAL_SURFACE('',#8471,0.7);
#8471 = AXIS2_PLACEMENT_3D('',#8472,#8473,#8474);
#8472 = CARTESIAN_POINT('',(106.00225,-119.976,-4.5E-02));
#8473 = DIRECTION('',(-0.,-0.,-1.));
#8474 = DIRECTION('',(-0.,-1.,0.));
#8475 = ADVANCED_FACE('',(#8476),#8487,.F.);
#8476 = FACE_BOUND('',#8477,.T.);
#8477 = EDGE_LOOP('',(#8478,#8479,#8485,#8486));
#8478 = ORIENTED_EDGE('',*,*,#7496,.T.);
#8479 = ORIENTED_EDGE('',*,*,#8480,.T.);
#8480 = EDGE_CURVE('',#7497,#7976,#8481,.T.);
#8481 = LINE('',#8482,#8483);
#8482 = CARTESIAN_POINT('',(120.442241,-125.422832,-4.5E-02));
#8483 = VECTOR('',#8484,1.);
#8484 = DIRECTION('',(0.,0.,1.));
#8485 = ORIENTED_EDGE('',*,*,#7975,.F.);
#8486 = ORIENTED_EDGE('',*,*,#8480,.F.);
#8487 = CYLINDRICAL_SURFACE('',#8488,0.4);
#8488 = AXIS2_PLACEMENT_3D('',#8489,#8490,#8491);
#8489 = CARTESIAN_POINT('',(120.442241,-125.022832,-4.5E-02));
#8490 = DIRECTION('',(-0.,-0.,-1.));
#8491 = DIRECTION('',(-0.,-1.,0.));
#8492 = ADVANCED_FACE('',(#8493),#8504,.F.);
#8493 = FACE_BOUND('',#8494,.T.);
#8494 = EDGE_LOOP('',(#8495,#8496,#8502,#8503));
#8495 = ORIENTED_EDGE('',*,*,#7507,.T.);
#8496 = ORIENTED_EDGE('',*,*,#8497,.T.);
#8497 = EDGE_CURVE('',#7508,#7987,#8498,.T.);
#8498 = LINE('',#8499,#8500);
#8499 = CARTESIAN_POINT('',(125.522241,-125.422832,-4.5E-02));
#8500 = VECTOR('',#8501,1.);
#8501 = DIRECTION('',(0.,0.,1.));
#8502 = ORIENTED_EDGE('',*,*,#7986,.F.);
#8503 = ORIENTED_EDGE('',*,*,#8497,.F.);
#8504 = CYLINDRICAL_SURFACE('',#8505,0.4);
#8505 = AXIS2_PLACEMENT_3D('',#8506,#8507,#8508);
#8506 = CARTESIAN_POINT('',(125.522241,-125.022832,-4.5E-02));
#8507 = DIRECTION('',(-0.,-0.,-1.));
#8508 = DIRECTION('',(-3.552713678801E-14,-1.,0.));
#8509 = ADVANCED_FACE('',(#8510),#8521,.F.);
#8510 = FACE_BOUND('',#8511,.T.);
#8511 = EDGE_LOOP('',(#8512,#8513,#8519,#8520));
#8512 = ORIENTED_EDGE('',*,*,#7518,.T.);
#8513 = ORIENTED_EDGE('',*,*,#8514,.T.);
#8514 = EDGE_CURVE('',#7519,#7998,#8515,.T.);
#8515 = LINE('',#8516,#8517);
#8516 = CARTESIAN_POINT('',(114.3,-117.952832,-4.5E-02));
#8517 = VECTOR('',#8518,1.);
#8518 = DIRECTION('',(0.,0.,1.));
#8519 = ORIENTED_EDGE('',*,*,#7997,.F.);
#8520 = ORIENTED_EDGE('',*,*,#8514,.F.);
#8521 = CYLINDRICAL_SURFACE('',#8522,0.55);
#8522 = AXIS2_PLACEMENT_3D('',#8523,#8524,#8525);
#8523 = CARTESIAN_POINT('',(114.3,-117.402832,-4.5E-02));
#8524 = DIRECTION('',(-0.,-0.,-1.));
#8525 = DIRECTION('',(-0.,-1.,0.));
#8526 = ADVANCED_FACE('',(#8527),#8538,.F.);
#8527 = FACE_BOUND('',#8528,.T.);
#8528 = EDGE_LOOP('',(#8529,#8530,#8536,#8537));
#8529 = ORIENTED_EDGE('',*,*,#7529,.T.);
#8530 = ORIENTED_EDGE('',*,*,#8531,.T.);
#8531 = EDGE_CURVE('',#7530,#8009,#8532,.T.);
#8532 = LINE('',#8533,#8534);
#8533 = CARTESIAN_POINT('',(120.442241,-120.342832,-4.5E-02));
#8534 = VECTOR('',#8535,1.);
#8535 = DIRECTION('',(0.,0.,1.));
#8536 = ORIENTED_EDGE('',*,*,#8008,.F.);
#8537 = ORIENTED_EDGE('',*,*,#8531,.F.);
#8538 = CYLINDRICAL_SURFACE('',#8539,0.4);
#8539 = AXIS2_PLACEMENT_3D('',#8540,#8541,#8542);
#8540 = CARTESIAN_POINT('',(120.442241,-119.942832,-4.5E-02));
#8541 = DIRECTION('',(-0.,-0.,-1.));
#8542 = DIRECTION('',(-0.,-1.,0.));
#8543 = ADVANCED_FACE('',(#8544),#8555,.F.);
#8544 = FACE_BOUND('',#8545,.T.);
#8545 = EDGE_LOOP('',(#8546,#8547,#8553,#8554));
#8546 = ORIENTED_EDGE('',*,*,#7540,.T.);
#8547 = ORIENTED_EDGE('',*,*,#8548,.T.);
#8548 = EDGE_CURVE('',#7541,#8020,#8549,.T.);
#8549 = LINE('',#8550,#8551);
#8550 = CARTESIAN_POINT('',(125.522241,-120.342832,-4.5E-02));
#8551 = VECTOR('',#8552,1.);
#8552 = DIRECTION('',(0.,0.,1.));
#8553 = ORIENTED_EDGE('',*,*,#8019,.F.);
#8554 = ORIENTED_EDGE('',*,*,#8548,.F.);
#8555 = CYLINDRICAL_SURFACE('',#8556,0.4);
#8556 = AXIS2_PLACEMENT_3D('',#8557,#8558,#8559);
#8557 = CARTESIAN_POINT('',(125.522241,-119.942832,-4.5E-02));
#8558 = DIRECTION('',(-0.,-0.,-1.));
#8559 = DIRECTION('',(-3.552713678801E-14,-1.,0.));
#8560 = ADVANCED_FACE('',(#8561),#8572,.F.);
#8561 = FACE_BOUND('',#8562,.T.);
#8562 = EDGE_LOOP('',(#8563,#8564,#8570,#8571));
#8563 = ORIENTED_EDGE('',*,*,#7551,.T.);
#8564 = ORIENTED_EDGE('',*,*,#8565,.T.);
#8565 = EDGE_CURVE('',#7552,#8031,#8566,.T.);
#8566 = LINE('',#8567,#8568);
#8567 = CARTESIAN_POINT('',(149.606,-139.056,-4.5E-02));
#8568 = VECTOR('',#8569,1.);
#8569 = DIRECTION('',(0.,0.,1.));
#8570 = ORIENTED_EDGE('',*,*,#8030,.F.);
#8571 = ORIENTED_EDGE('',*,*,#8565,.F.);
#8572 = CYLINDRICAL_SURFACE('',#8573,2.15);
#8573 = AXIS2_PLACEMENT_3D('',#8574,#8575,#8576);
#8574 = CARTESIAN_POINT('',(149.606,-136.906,-4.5E-02));
#8575 = DIRECTION('',(-0.,-0.,-1.));
#8576 = DIRECTION('',(-0.,-1.,0.));
#8577 = ADVANCED_FACE('',(#8578),#8589,.F.);
#8578 = FACE_BOUND('',#8579,.T.);
#8579 = EDGE_LOOP('',(#8580,#8581,#8587,#8588));
#8580 = ORIENTED_EDGE('',*,*,#7562,.T.);
#8581 = ORIENTED_EDGE('',*,*,#8582,.T.);
#8582 = EDGE_CURVE('',#7563,#8042,#8583,.T.);
#8583 = LINE('',#8584,#8585);
#8584 = CARTESIAN_POINT('',(139.954,-128.112832,-4.5E-02));
#8585 = VECTOR('',#8586,1.);
#8586 = DIRECTION('',(0.,0.,1.));
#8587 = ORIENTED_EDGE('',*,*,#8041,.F.);
#8588 = ORIENTED_EDGE('',*,*,#8582,.F.);
#8589 = CYLINDRICAL_SURFACE('',#8590,0.55);
#8590 = AXIS2_PLACEMENT_3D('',#8591,#8592,#8593);
#8591 = CARTESIAN_POINT('',(139.954,-127.562832,-4.5E-02));
#8592 = DIRECTION('',(-0.,-0.,-1.));
#8593 = DIRECTION('',(-0.,-1.,0.));
#8594 = ADVANCED_FACE('',(#8595),#8606,.F.);
#8595 = FACE_BOUND('',#8596,.T.);
#8596 = EDGE_LOOP('',(#8597,#8598,#8604,#8605));
#8597 = ORIENTED_EDGE('',*,*,#7573,.T.);
#8598 = ORIENTED_EDGE('',*,*,#8599,.T.);
#8599 = EDGE_CURVE('',#7574,#8053,#8600,.T.);
#8600 = LINE('',#8601,#8602);
#8601 = CARTESIAN_POINT('',(128.062241,-125.422832,-4.5E-02));
#8602 = VECTOR('',#8603,1.);
#8603 = DIRECTION('',(0.,0.,1.));
#8604 = ORIENTED_EDGE('',*,*,#8052,.F.);
#8605 = ORIENTED_EDGE('',*,*,#8599,.F.);
#8606 = CYLINDRICAL_SURFACE('',#8607,0.4);
#8607 = AXIS2_PLACEMENT_3D('',#8608,#8609,#8610);
#8608 = CARTESIAN_POINT('',(128.062241,-125.022832,-4.5E-02));
#8609 = DIRECTION('',(-0.,-0.,-1.));
#8610 = DIRECTION('',(-0.,-1.,0.));
#8611 = ADVANCED_FACE('',(#8612),#8623,.F.);
#8612 = FACE_BOUND('',#8613,.T.);
#8613 = EDGE_LOOP('',(#8614,#8615,#8621,#8622));
#8614 = ORIENTED_EDGE('',*,*,#7584,.T.);
#8615 = ORIENTED_EDGE('',*,*,#8616,.T.);
#8616 = EDGE_CURVE('',#7585,#8064,#8617,.T.);
#8617 = LINE('',#8618,#8619);
#8618 = CARTESIAN_POINT('',(130.602241,-125.422832,-4.5E-02));
#8619 = VECTOR('',#8620,1.);
#8620 = DIRECTION('',(0.,0.,1.));
#8621 = ORIENTED_EDGE('',*,*,#8063,.F.);
#8622 = ORIENTED_EDGE('',*,*,#8616,.F.);
#8623 = CYLINDRICAL_SURFACE('',#8624,0.4);
#8624 = AXIS2_PLACEMENT_3D('',#8625,#8626,#8627);
#8625 = CARTESIAN_POINT('',(130.602241,-125.022832,-4.5E-02));
#8626 = DIRECTION('',(-0.,-0.,-1.));
#8627 = DIRECTION('',(-0.,-1.,0.));
#8628 = ADVANCED_FACE('',(#8629),#8640,.F.);
#8629 = FACE_BOUND('',#8630,.T.);
#8630 = EDGE_LOOP('',(#8631,#8632,#8638,#8639));
#8631 = ORIENTED_EDGE('',*,*,#7595,.T.);
#8632 = ORIENTED_EDGE('',*,*,#8633,.T.);
#8633 = EDGE_CURVE('',#7596,#8075,#8634,.T.);
#8634 = LINE('',#8635,#8636);
#8635 = CARTESIAN_POINT('',(133.142241,-125.422832,-4.5E-02));
#8636 = VECTOR('',#8637,1.);
#8637 = DIRECTION('',(0.,0.,1.));
#8638 = ORIENTED_EDGE('',*,*,#8074,.F.);
#8639 = ORIENTED_EDGE('',*,*,#8633,.F.);
#8640 = CYLINDRICAL_SURFACE('',#8641,0.4);
#8641 = AXIS2_PLACEMENT_3D('',#8642,#8643,#8644);
#8642 = CARTESIAN_POINT('',(133.142241,-125.022832,-4.5E-02));
#8643 = DIRECTION('',(-0.,-0.,-1.));
#8644 = DIRECTION('',(-0.,-1.,0.));
#8645 = ADVANCED_FACE('',(#8646),#8657,.F.);
#8646 = FACE_BOUND('',#8647,.T.);
#8647 = EDGE_LOOP('',(#8648,#8649,#8655,#8656));
#8648 = ORIENTED_EDGE('',*,*,#7606,.T.);
#8649 = ORIENTED_EDGE('',*,*,#8650,.T.);
#8650 = EDGE_CURVE('',#7607,#8086,#8651,.T.);
#8651 = LINE('',#8652,#8653);
#8652 = CARTESIAN_POINT('',(128.062241,-120.342832,-4.5E-02));
#8653 = VECTOR('',#8654,1.);
#8654 = DIRECTION('',(0.,0.,1.));
#8655 = ORIENTED_EDGE('',*,*,#8085,.F.);
#8656 = ORIENTED_EDGE('',*,*,#8650,.F.);
#8657 = CYLINDRICAL_SURFACE('',#8658,0.4);
#8658 = AXIS2_PLACEMENT_3D('',#8659,#8660,#8661);
#8659 = CARTESIAN_POINT('',(128.062241,-119.942832,-4.5E-02));
#8660 = DIRECTION('',(-0.,-0.,-1.));
#8661 = DIRECTION('',(-0.,-1.,0.));
#8662 = ADVANCED_FACE('',(#8663),#8674,.F.);
#8663 = FACE_BOUND('',#8664,.T.);
#8664 = EDGE_LOOP('',(#8665,#8666,#8672,#8673));
#8665 = ORIENTED_EDGE('',*,*,#7617,.T.);
#8666 = ORIENTED_EDGE('',*,*,#8667,.T.);
#8667 = EDGE_CURVE('',#7618,#8097,#8668,.T.);
#8668 = LINE('',#8669,#8670);
#8669 = CARTESIAN_POINT('',(130.602241,-120.342832,-4.5E-02));
#8670 = VECTOR('',#8671,1.);
#8671 = DIRECTION('',(0.,0.,1.));
#8672 = ORIENTED_EDGE('',*,*,#8096,.F.);
#8673 = ORIENTED_EDGE('',*,*,#8667,.F.);
#8674 = CYLINDRICAL_SURFACE('',#8675,0.4);
#8675 = AXIS2_PLACEMENT_3D('',#8676,#8677,#8678);
#8676 = CARTESIAN_POINT('',(130.602241,-119.942832,-4.5E-02));
#8677 = DIRECTION('',(-0.,-0.,-1.));
#8678 = DIRECTION('',(-0.,-1.,0.));
#8679 = ADVANCED_FACE('',(#8680),#8691,.F.);
#8680 = FACE_BOUND('',#8681,.T.);
#8681 = EDGE_LOOP('',(#8682,#8683,#8689,#8690));
#8682 = ORIENTED_EDGE('',*,*,#7628,.T.);
#8683 = ORIENTED_EDGE('',*,*,#8684,.T.);
#8684 = EDGE_CURVE('',#7629,#8108,#8685,.T.);
#8685 = LINE('',#8686,#8687);
#8686 = CARTESIAN_POINT('',(133.142241,-120.342832,-4.5E-02));
#8687 = VECTOR('',#8688,1.);
#8688 = DIRECTION('',(0.,0.,1.));
#8689 = ORIENTED_EDGE('',*,*,#8107,.F.);
#8690 = ORIENTED_EDGE('',*,*,#8684,.F.);
#8691 = CYLINDRICAL_SURFACE('',#8692,0.4);
#8692 = AXIS2_PLACEMENT_3D('',#8693,#8694,#8695);
#8693 = CARTESIAN_POINT('',(133.142241,-119.942832,-4.5E-02));
#8694 = DIRECTION('',(-0.,-0.,-1.));
#8695 = DIRECTION('',(-0.,-1.,0.));
#8696 = ADVANCED_FACE('',(#8697),#8708,.F.);
#8697 = FACE_BOUND('',#8698,.T.);
#8698 = EDGE_LOOP('',(#8699,#8700,#8706,#8707));
#8699 = ORIENTED_EDGE('',*,*,#7639,.T.);
#8700 = ORIENTED_EDGE('',*,*,#8701,.T.);
#8701 = EDGE_CURVE('',#7640,#8119,#8702,.T.);
#8702 = LINE('',#8703,#8704);
#8703 = CARTESIAN_POINT('',(149.098,-125.834,-4.5E-02));
#8704 = VECTOR('',#8705,1.);
#8705 = DIRECTION('',(0.,0.,1.));
#8706 = ORIENTED_EDGE('',*,*,#8118,.F.);
#8707 = ORIENTED_EDGE('',*,*,#8701,.F.);
#8708 = CYLINDRICAL_SURFACE('',#8709,0.7);
#8709 = AXIS2_PLACEMENT_3D('',#8710,#8711,#8712);
#8710 = CARTESIAN_POINT('',(149.098,-125.134,-4.5E-02));
#8711 = DIRECTION('',(-0.,-0.,-1.));
#8712 = DIRECTION('',(-0.,-1.,0.));
#8713 = ADVANCED_FACE('',(#8714),#8725,.F.);
#8714 = FACE_BOUND('',#8715,.T.);
#8715 = EDGE_LOOP('',(#8716,#8717,#8723,#8724));
#8716 = ORIENTED_EDGE('',*,*,#7650,.T.);
#8717 = ORIENTED_EDGE('',*,*,#8718,.T.);
#8718 = EDGE_CURVE('',#7651,#8130,#8719,.T.);
#8719 = LINE('',#8720,#8721);
#8720 = CARTESIAN_POINT('',(139.954,-117.952832,-4.5E-02));
#8721 = VECTOR('',#8722,1.);
#8722 = DIRECTION('',(0.,0.,1.));
#8723 = ORIENTED_EDGE('',*,*,#8129,.F.);
#8724 = ORIENTED_EDGE('',*,*,#8718,.F.);
#8725 = CYLINDRICAL_SURFACE('',#8726,0.55);
#8726 = AXIS2_PLACEMENT_3D('',#8727,#8728,#8729);
#8727 = CARTESIAN_POINT('',(139.954,-117.402832,-4.5E-02));
#8728 = DIRECTION('',(-0.,-0.,-1.));
#8729 = DIRECTION('',(-0.,-1.,0.));
#8730 = ADVANCED_FACE('',(#8731),#8742,.F.);
#8731 = FACE_BOUND('',#8732,.T.);
#8732 = EDGE_LOOP('',(#8733,#8734,#8740,#8741));
#8733 = ORIENTED_EDGE('',*,*,#7661,.T.);
#8734 = ORIENTED_EDGE('',*,*,#8735,.T.);
#8735 = EDGE_CURVE('',#7662,#8141,#8736,.T.);
#8736 = LINE('',#8737,#8738);
#8737 = CARTESIAN_POINT('',(149.098,-120.334,-4.5E-02));
#8738 = VECTOR('',#8739,1.);
#8739 = DIRECTION('',(0.,0.,1.));
#8740 = ORIENTED_EDGE('',*,*,#8140,.F.);
#8741 = ORIENTED_EDGE('',*,*,#8735,.F.);
#8742 = CYLINDRICAL_SURFACE('',#8743,0.7);
#8743 = AXIS2_PLACEMENT_3D('',#8744,#8745,#8746);
#8744 = CARTESIAN_POINT('',(149.098,-119.634,-4.5E-02));
#8745 = DIRECTION('',(-0.,-0.,-1.));
#8746 = DIRECTION('',(-0.,-1.,0.));
#8747 = ADVANCED_FACE('',(#8748),#8759,.F.);
#8748 = FACE_BOUND('',#8749,.T.);
#8749 = EDGE_LOOP('',(#8750,#8751,#8757,#8758));
#8750 = ORIENTED_EDGE('',*,*,#7672,.T.);
#8751 = ORIENTED_EDGE('',*,*,#8752,.T.);
#8752 = EDGE_CURVE('',#7673,#8152,#8753,.T.);
#8753 = LINE('',#8754,#8755);
#8754 = CARTESIAN_POINT('',(104.902,-112.056,-4.5E-02));
#8755 = VECTOR('',#8756,1.);
#8756 = DIRECTION('',(0.,0.,1.));
#8757 = ORIENTED_EDGE('',*,*,#8151,.F.);
#8758 = ORIENTED_EDGE('',*,*,#8752,.F.);
#8759 = CYLINDRICAL_SURFACE('',#8760,0.55);
#8760 = AXIS2_PLACEMENT_3D('',#8761,#8762,#8763);
#8761 = CARTESIAN_POINT('',(104.902,-111.506,-4.5E-02));
#8762 = DIRECTION('',(-0.,-0.,-1.));
#8763 = DIRECTION('',(-0.,-1.,0.));
#8764 = ADVANCED_FACE('',(#8765),#8776,.F.);
#8765 = FACE_BOUND('',#8766,.T.);
#8766 = EDGE_LOOP('',(#8767,#8768,#8774,#8775));
#8767 = ORIENTED_EDGE('',*,*,#7683,.T.);
#8768 = ORIENTED_EDGE('',*,*,#8769,.T.);
#8769 = EDGE_CURVE('',#7684,#8163,#8770,.T.);
#8770 = LINE('',#8771,#8772);
#8771 = CARTESIAN_POINT('',(110.155241,-109.947932,-4.5E-02));
#8772 = VECTOR('',#8773,1.);
#8773 = DIRECTION('',(0.,0.,1.));
#8774 = ORIENTED_EDGE('',*,*,#8162,.F.);
#8775 = ORIENTED_EDGE('',*,*,#8769,.F.);
#8776 = CYLINDRICAL_SURFACE('',#8777,0.508);
#8777 = AXIS2_PLACEMENT_3D('',#8778,#8779,#8780);
#8778 = CARTESIAN_POINT('',(110.155241,-109.439932,-4.5E-02));
#8779 = DIRECTION('',(-0.,0.,-1.));
#8780 = DIRECTION('',(2.797412345512E-14,-1.,-0.));
#8781 = ADVANCED_FACE('',(#8782),#8793,.F.);
#8782 = FACE_BOUND('',#8783,.T.);
#8783 = EDGE_LOOP('',(#8784,#8785,#8791,#8792));
#8784 = ORIENTED_EDGE('',*,*,#7694,.T.);
#8785 = ORIENTED_EDGE('',*,*,#8786,.T.);
#8786 = EDGE_CURVE('',#7695,#8174,#8787,.T.);
#8787 = LINE('',#8788,#8789);
#8788 = CARTESIAN_POINT('',(110.155241,-104.867932,-4.5E-02));
#8789 = VECTOR('',#8790,1.);
#8790 = DIRECTION('',(0.,0.,1.));
#8791 = ORIENTED_EDGE('',*,*,#8173,.F.);
#8792 = ORIENTED_EDGE('',*,*,#8786,.F.);
#8793 = CYLINDRICAL_SURFACE('',#8794,0.508);
#8794 = AXIS2_PLACEMENT_3D('',#8795,#8796,#8797);
#8795 = CARTESIAN_POINT('',(110.155241,-104.359932,-4.5E-02));
#8796 = DIRECTION('',(-0.,0.,-1.));
#8797 = DIRECTION('',(2.797412345512E-14,-1.,-0.));
#8798 = ADVANCED_FACE('',(#8799),#8810,.F.);
#8799 = FACE_BOUND('',#8800,.T.);
#8800 = EDGE_LOOP('',(#8801,#8802,#8808,#8809));
#8801 = ORIENTED_EDGE('',*,*,#7705,.T.);
#8802 = ORIENTED_EDGE('',*,*,#8803,.T.);
#8803 = EDGE_CURVE('',#7706,#8185,#8804,.T.);
#8804 = LINE('',#8805,#8806);
#8805 = CARTESIAN_POINT('',(117.775241,-109.947932,-4.5E-02));
#8806 = VECTOR('',#8807,1.);
#8807 = DIRECTION('',(0.,0.,1.));
#8808 = ORIENTED_EDGE('',*,*,#8184,.F.);
#8809 = ORIENTED_EDGE('',*,*,#8803,.F.);
#8810 = CYLINDRICAL_SURFACE('',#8811,0.508);
#8811 = AXIS2_PLACEMENT_3D('',#8812,#8813,#8814);
#8812 = CARTESIAN_POINT('',(117.775241,-109.439932,-4.5E-02));
#8813 = DIRECTION('',(-0.,-0.,-1.));
#8814 = DIRECTION('',(-0.,-1.,0.));
#8815 = ADVANCED_FACE('',(#8816),#8827,.F.);
#8816 = FACE_BOUND('',#8817,.T.);
#8817 = EDGE_LOOP('',(#8818,#8819,#8825,#8826));
#8818 = ORIENTED_EDGE('',*,*,#7716,.T.);
#8819 = ORIENTED_EDGE('',*,*,#8820,.T.);
#8820 = EDGE_CURVE('',#7717,#8196,#8821,.T.);
#8821 = LINE('',#8822,#8823);
#8822 = CARTESIAN_POINT('',(120.315241,-109.947932,-4.5E-02));
#8823 = VECTOR('',#8824,1.);
#8824 = DIRECTION('',(0.,0.,1.));
#8825 = ORIENTED_EDGE('',*,*,#8195,.F.);
#8826 = ORIENTED_EDGE('',*,*,#8820,.F.);
#8827 = CYLINDRICAL_SURFACE('',#8828,0.508);
#8828 = AXIS2_PLACEMENT_3D('',#8829,#8830,#8831);
#8829 = CARTESIAN_POINT('',(120.315241,-109.439932,-4.5E-02));
#8830 = DIRECTION('',(-0.,-0.,-1.));
#8831 = DIRECTION('',(-0.,-1.,0.));
#8832 = ADVANCED_FACE('',(#8833),#8844,.F.);
#8833 = FACE_BOUND('',#8834,.T.);
#8834 = EDGE_LOOP('',(#8835,#8836,#8842,#8843));
#8835 = ORIENTED_EDGE('',*,*,#7727,.T.);
#8836 = ORIENTED_EDGE('',*,*,#8837,.T.);
#8837 = EDGE_CURVE('',#7728,#8207,#8838,.T.);
#8838 = LINE('',#8839,#8840);
#8839 = CARTESIAN_POINT('',(117.775241,-104.867932,-4.5E-02));
#8840 = VECTOR('',#8841,1.);
#8841 = DIRECTION('',(0.,0.,1.));
#8842 = ORIENTED_EDGE('',*,*,#8206,.F.);
#8843 = ORIENTED_EDGE('',*,*,#8837,.F.);
#8844 = CYLINDRICAL_SURFACE('',#8845,0.508);
#8845 = AXIS2_PLACEMENT_3D('',#8846,#8847,#8848);
#8846 = CARTESIAN_POINT('',(117.775241,-104.359932,-4.5E-02));
#8847 = DIRECTION('',(-0.,-0.,-1.));
#8848 = DIRECTION('',(-0.,-1.,0.));
#8849 = ADVANCED_FACE('',(#8850),#8861,.F.);
#8850 = FACE_BOUND('',#8851,.T.);
#8851 = EDGE_LOOP('',(#8852,#8853,#8859,#8860));
#8852 = ORIENTED_EDGE('',*,*,#7738,.T.);
#8853 = ORIENTED_EDGE('',*,*,#8854,.T.);
#8854 = EDGE_CURVE('',#7739,#8218,#8855,.T.);
#8855 = LINE('',#8856,#8857);
#8856 = CARTESIAN_POINT('',(120.315241,-104.867932,-4.5E-02));
#8857 = VECTOR('',#8858,1.);
#8858 = DIRECTION('',(0.,0.,1.));
#8859 = ORIENTED_EDGE('',*,*,#8217,.F.);
#8860 = ORIENTED_EDGE('',*,*,#8854,.F.);
#8861 = CYLINDRICAL_SURFACE('',#8862,0.508);
#8862 = AXIS2_PLACEMENT_3D('',#8863,#8864,#8865);
#8863 = CARTESIAN_POINT('',(120.315241,-104.359932,-4.5E-02));
#8864 = DIRECTION('',(-0.,-0.,-1.));
#8865 = DIRECTION('',(-0.,-1.,0.));
#8866 = ADVANCED_FACE('',(#8867),#8878,.F.);
#8867 = FACE_BOUND('',#8868,.T.);
#8868 = EDGE_LOOP('',(#8869,#8870,#8876,#8877));
#8869 = ORIENTED_EDGE('',*,*,#7749,.T.);
#8870 = ORIENTED_EDGE('',*,*,#8871,.T.);
#8871 = EDGE_CURVE('',#7750,#8229,#8872,.T.);
#8872 = LINE('',#8873,#8874);
#8873 = CARTESIAN_POINT('',(104.902,-101.896,-4.5E-02));
#8874 = VECTOR('',#8875,1.);
#8875 = DIRECTION('',(0.,0.,1.));
#8876 = ORIENTED_EDGE('',*,*,#8228,.F.);
#8877 = ORIENTED_EDGE('',*,*,#8871,.F.);
#8878 = CYLINDRICAL_SURFACE('',#8879,0.55);
#8879 = AXIS2_PLACEMENT_3D('',#8880,#8881,#8882);
#8880 = CARTESIAN_POINT('',(104.902,-101.346,-4.5E-02));
#8881 = DIRECTION('',(-0.,-0.,-1.));
#8882 = DIRECTION('',(-0.,-1.,0.));
#8883 = ADVANCED_FACE('',(#8884),#8895,.F.);
#8884 = FACE_BOUND('',#8885,.T.);
#8885 = EDGE_LOOP('',(#8886,#8887,#8893,#8894));
#8886 = ORIENTED_EDGE('',*,*,#7760,.T.);
#8887 = ORIENTED_EDGE('',*,*,#8888,.T.);
#8888 = EDGE_CURVE('',#7761,#8240,#8889,.T.);
#8889 = LINE('',#8890,#8891);
#8890 = CARTESIAN_POINT('',(103.378,-95.368,-4.5E-02));
#8891 = VECTOR('',#8892,1.);
#8892 = DIRECTION('',(0.,0.,1.));
#8893 = ORIENTED_EDGE('',*,*,#8239,.F.);
#8894 = ORIENTED_EDGE('',*,*,#8888,.F.);
#8895 = CYLINDRICAL_SURFACE('',#8896,2.15);
#8896 = AXIS2_PLACEMENT_3D('',#8897,#8898,#8899);
#8897 = CARTESIAN_POINT('',(103.378,-93.218,-4.5E-02));
#8898 = DIRECTION('',(-0.,-0.,-1.));
#8899 = DIRECTION('',(-0.,-1.,0.));
#8900 = ADVANCED_FACE('',(#8901),#8912,.F.);
#8901 = FACE_BOUND('',#8902,.T.);
#8902 = EDGE_LOOP('',(#8903,#8904,#8910,#8911));
#8903 = ORIENTED_EDGE('',*,*,#7771,.T.);
#8904 = ORIENTED_EDGE('',*,*,#8905,.T.);
#8905 = EDGE_CURVE('',#7772,#8251,#8906,.T.);
#8906 = LINE('',#8907,#8908);
#8907 = CARTESIAN_POINT('',(113.626,-96.37375,-4.5E-02));
#8908 = VECTOR('',#8909,1.);
#8909 = DIRECTION('',(0.,0.,1.));
#8910 = ORIENTED_EDGE('',*,*,#8250,.F.);
#8911 = ORIENTED_EDGE('',*,*,#8905,.F.);
#8912 = CYLINDRICAL_SURFACE('',#8913,0.7);
#8913 = AXIS2_PLACEMENT_3D('',#8914,#8915,#8916);
#8914 = CARTESIAN_POINT('',(113.626,-95.67375,-4.5E-02));
#8915 = DIRECTION('',(-0.,-0.,-1.));
#8916 = DIRECTION('',(-0.,-1.,0.));
#8917 = ADVANCED_FACE('',(#8918),#8929,.F.);
#8918 = FACE_BOUND('',#8919,.T.);
#8919 = EDGE_LOOP('',(#8920,#8921,#8927,#8928));
#8920 = ORIENTED_EDGE('',*,*,#7782,.T.);
#8921 = ORIENTED_EDGE('',*,*,#8922,.T.);
#8922 = EDGE_CURVE('',#7783,#8262,#8923,.T.);
#8923 = LINE('',#8924,#8925);
#8924 = CARTESIAN_POINT('',(125.522241,-97.532832,-4.5E-02));
#8925 = VECTOR('',#8926,1.);
#8926 = DIRECTION('',(0.,0.,1.));
#8927 = ORIENTED_EDGE('',*,*,#8261,.F.);
#8928 = ORIENTED_EDGE('',*,*,#8922,.F.);
#8929 = CYLINDRICAL_SURFACE('',#8930,0.45);
#8930 = AXIS2_PLACEMENT_3D('',#8931,#8932,#8933);
#8931 = CARTESIAN_POINT('',(125.522241,-97.082832,-4.5E-02));
#8932 = DIRECTION('',(-0.,-0.,-1.));
#8933 = DIRECTION('',(-3.157967714489E-14,-1.,0.));
#8934 = ADVANCED_FACE('',(#8935),#8946,.F.);
#8935 = FACE_BOUND('',#8936,.T.);
#8936 = EDGE_LOOP('',(#8937,#8938,#8944,#8945));
#8937 = ORIENTED_EDGE('',*,*,#7793,.T.);
#8938 = ORIENTED_EDGE('',*,*,#8939,.T.);
#8939 = EDGE_CURVE('',#7794,#8273,#8940,.T.);
#8940 = LINE('',#8941,#8942);
#8941 = CARTESIAN_POINT('',(119.126,-96.37375,-4.5E-02));
#8942 = VECTOR('',#8943,1.);
#8943 = DIRECTION('',(0.,0.,1.));
#8944 = ORIENTED_EDGE('',*,*,#8272,.F.);
#8945 = ORIENTED_EDGE('',*,*,#8939,.F.);
#8946 = CYLINDRICAL_SURFACE('',#8947,0.7);
#8947 = AXIS2_PLACEMENT_3D('',#8948,#8949,#8950);
#8948 = CARTESIAN_POINT('',(119.126,-95.67375,-4.5E-02));
#8949 = DIRECTION('',(-0.,-0.,-1.));
#8950 = DIRECTION('',(-0.,-1.,0.));
#8951 = ADVANCED_FACE('',(#8952),#8963,.F.);
#8952 = FACE_BOUND('',#8953,.T.);
#8953 = EDGE_LOOP('',(#8954,#8955,#8961,#8962));
#8954 = ORIENTED_EDGE('',*,*,#7804,.T.);
#8955 = ORIENTED_EDGE('',*,*,#8956,.T.);
#8956 = EDGE_CURVE('',#7805,#8284,#8957,.T.);
#8957 = LINE('',#8958,#8959);
#8958 = CARTESIAN_POINT('',(128.062241,-112.722832,-4.5E-02));
#8959 = VECTOR('',#8960,1.);
#8960 = DIRECTION('',(0.,0.,1.));
#8961 = ORIENTED_EDGE('',*,*,#8283,.F.);
#8962 = ORIENTED_EDGE('',*,*,#8956,.F.);
#8963 = CYLINDRICAL_SURFACE('',#8964,0.4);
#8964 = AXIS2_PLACEMENT_3D('',#8965,#8966,#8967);
#8965 = CARTESIAN_POINT('',(128.062241,-112.322832,-4.5E-02));
#8966 = DIRECTION('',(-0.,-0.,-1.));
#8967 = DIRECTION('',(-0.,-1.,0.));
#8968 = ADVANCED_FACE('',(#8969),#8980,.F.);
#8969 = FACE_BOUND('',#8970,.T.);
#8970 = EDGE_LOOP('',(#8971,#8972,#8978,#8979));
#8971 = ORIENTED_EDGE('',*,*,#7815,.T.);
#8972 = ORIENTED_EDGE('',*,*,#8973,.T.);
#8973 = EDGE_CURVE('',#7816,#8295,#8974,.T.);
#8974 = LINE('',#8975,#8976);
#8975 = CARTESIAN_POINT('',(134.262241,-110.042832,-4.5E-02));
#8976 = VECTOR('',#8977,1.);
#8977 = DIRECTION('',(0.,0.,1.));
#8978 = ORIENTED_EDGE('',*,*,#8294,.F.);
#8979 = ORIENTED_EDGE('',*,*,#8973,.F.);
#8980 = CYLINDRICAL_SURFACE('',#8981,0.55);
#8981 = AXIS2_PLACEMENT_3D('',#8982,#8983,#8984);
#8982 = CARTESIAN_POINT('',(134.262241,-109.492832,-4.5E-02));
#8983 = DIRECTION('',(-0.,-0.,-1.));
#8984 = DIRECTION('',(-5.167583532801E-14,-1.,0.));
#8985 = ADVANCED_FACE('',(#8986),#8997,.F.);
#8986 = FACE_BOUND('',#8987,.T.);
#8987 = EDGE_LOOP('',(#8988,#8989,#8995,#8996));
#8988 = ORIENTED_EDGE('',*,*,#7826,.T.);
#8989 = ORIENTED_EDGE('',*,*,#8990,.T.);
#8990 = EDGE_CURVE('',#7827,#8306,#8991,.T.);
#8991 = LINE('',#8992,#8993);
#8992 = CARTESIAN_POINT('',(128.062241,-105.102832,-4.5E-02));
#8993 = VECTOR('',#8994,1.);
#8994 = DIRECTION('',(0.,0.,1.));
#8995 = ORIENTED_EDGE('',*,*,#8305,.F.);
#8996 = ORIENTED_EDGE('',*,*,#8990,.F.);
#8997 = CYLINDRICAL_SURFACE('',#8998,0.4);
#8998 = AXIS2_PLACEMENT_3D('',#8999,#9000,#9001);
#8999 = CARTESIAN_POINT('',(128.062241,-104.702832,-4.5E-02));
#9000 = DIRECTION('',(-0.,-0.,-1.));
#9001 = DIRECTION('',(-0.,-1.,0.));
#9002 = ADVANCED_FACE('',(#9003),#9014,.F.);
#9003 = FACE_BOUND('',#9004,.T.);
#9004 = EDGE_LOOP('',(#9005,#9006,#9012,#9013));
#9005 = ORIENTED_EDGE('',*,*,#7837,.T.);
#9006 = ORIENTED_EDGE('',*,*,#9007,.T.);
#9007 = EDGE_CURVE('',#7838,#8317,#9008,.T.);
#9008 = LINE('',#9009,#9010);
#9009 = CARTESIAN_POINT('',(134.262241,-105.542832,-4.5E-02));
#9010 = VECTOR('',#9011,1.);
#9011 = DIRECTION('',(0.,0.,1.));
#9012 = ORIENTED_EDGE('',*,*,#8316,.F.);
#9013 = ORIENTED_EDGE('',*,*,#9007,.F.);
#9014 = CYLINDRICAL_SURFACE('',#9015,0.55);
#9015 = AXIS2_PLACEMENT_3D('',#9016,#9017,#9018);
#9016 = CARTESIAN_POINT('',(134.262241,-104.992832,-4.5E-02));
#9017 = DIRECTION('',(-0.,-0.,-1.));
#9018 = DIRECTION('',(-5.167583532801E-14,-1.,0.));
#9019 = ADVANCED_FACE('',(#9020),#9031,.F.);
#9020 = FACE_BOUND('',#9021,.T.);
#9021 = EDGE_LOOP('',(#9022,#9023,#9029,#9030));
#9022 = ORIENTED_EDGE('',*,*,#7848,.T.);
#9023 = ORIENTED_EDGE('',*,*,#9024,.T.);
#9024 = EDGE_CURVE('',#7849,#8328,#9025,.T.);
#9025 = LINE('',#9026,#9027);
#9026 = CARTESIAN_POINT('',(140.762241,-110.042832,-4.5E-02));
#9027 = VECTOR('',#9028,1.);
#9028 = DIRECTION('',(0.,0.,1.));
#9029 = ORIENTED_EDGE('',*,*,#8327,.F.);
#9030 = ORIENTED_EDGE('',*,*,#9024,.F.);
#9031 = CYLINDRICAL_SURFACE('',#9032,0.55);
#9032 = AXIS2_PLACEMENT_3D('',#9033,#9034,#9035);
#9033 = CARTESIAN_POINT('',(140.762241,-109.492832,-4.5E-02));
#9034 = DIRECTION('',(-0.,-0.,-1.));
#9035 = DIRECTION('',(-5.167583532801E-14,-1.,0.));
#9036 = ADVANCED_FACE('',(#9037),#9048,.F.);
#9037 = FACE_BOUND('',#9038,.T.);
#9038 = EDGE_LOOP('',(#9039,#9040,#9046,#9047));
#9039 = ORIENTED_EDGE('',*,*,#7859,.T.);
#9040 = ORIENTED_EDGE('',*,*,#9041,.T.);
#9041 = EDGE_CURVE('',#7860,#8339,#9042,.T.);
#9042 = LINE('',#9043,#9044);
#9043 = CARTESIAN_POINT('',(140.762241,-105.542832,-4.5E-02));
#9044 = VECTOR('',#9045,1.);
#9045 = DIRECTION('',(0.,0.,1.));
#9046 = ORIENTED_EDGE('',*,*,#8338,.F.);
#9047 = ORIENTED_EDGE('',*,*,#9041,.F.);
#9048 = CYLINDRICAL_SURFACE('',#9049,0.55);
#9049 = AXIS2_PLACEMENT_3D('',#9050,#9051,#9052);
#9050 = CARTESIAN_POINT('',(140.762241,-104.992832,-4.5E-02));
#9051 = DIRECTION('',(-0.,-0.,-1.));
#9052 = DIRECTION('',(-5.167583532801E-14,-1.,0.));
#9053 = ADVANCED_FACE('',(#9054),#9065,.F.);
#9054 = FACE_BOUND('',#9055,.T.);
#9055 = EDGE_LOOP('',(#9056,#9057,#9063,#9064));
#9056 = ORIENTED_EDGE('',*,*,#7870,.T.);
#9057 = ORIENTED_EDGE('',*,*,#9058,.T.);
#9058 = EDGE_CURVE('',#7871,#8350,#9059,.T.);
#9059 = LINE('',#9060,#9061);
#9060 = CARTESIAN_POINT('',(128.062241,-97.532832,-4.5E-02));
#9061 = VECTOR('',#9062,1.);
#9062 = DIRECTION('',(0.,0.,1.));
#9063 = ORIENTED_EDGE('',*,*,#8349,.F.);
#9064 = ORIENTED_EDGE('',*,*,#9058,.F.);
#9065 = CYLINDRICAL_SURFACE('',#9066,0.45);
#9066 = AXIS2_PLACEMENT_3D('',#9067,#9068,#9069);
#9067 = CARTESIAN_POINT('',(128.062241,-97.082832,-4.5E-02));
#9068 = DIRECTION('',(-0.,-0.,-1.));
#9069 = DIRECTION('',(-0.,-1.,0.));
#9070 = ADVANCED_FACE('',(#9071),#9082,.F.);
#9071 = FACE_BOUND('',#9072,.T.);
#9072 = EDGE_LOOP('',(#9073,#9074,#9080,#9081));
#9073 = ORIENTED_EDGE('',*,*,#7881,.T.);
#9074 = ORIENTED_EDGE('',*,*,#9075,.T.);
#9075 = EDGE_CURVE('',#7882,#8361,#9076,.T.);
#9076 = LINE('',#9077,#9078);
#9077 = CARTESIAN_POINT('',(134.962,-96.204,-4.5E-02));
#9078 = VECTOR('',#9079,1.);
#9079 = DIRECTION('',(0.,0.,1.));
#9080 = ORIENTED_EDGE('',*,*,#8360,.F.);
#9081 = ORIENTED_EDGE('',*,*,#9075,.F.);
#9082 = CYLINDRICAL_SURFACE('',#9083,0.7);
#9083 = AXIS2_PLACEMENT_3D('',#9084,#9085,#9086);
#9084 = CARTESIAN_POINT('',(134.962,-95.504,-4.5E-02));
#9085 = DIRECTION('',(-0.,-0.,-1.));
#9086 = DIRECTION('',(-0.,-1.,0.));
#9087 = ADVANCED_FACE('',(#9088),#9099,.F.);
#9088 = FACE_BOUND('',#9089,.T.);
#9089 = EDGE_LOOP('',(#9090,#9091,#9097,#9098));
#9090 = ORIENTED_EDGE('',*,*,#7892,.T.);
#9091 = ORIENTED_EDGE('',*,*,#9092,.T.);
#9092 = EDGE_CURVE('',#7893,#8372,#9093,.T.);
#9093 = LINE('',#9094,#9095);
#9094 = CARTESIAN_POINT('',(140.462,-96.204,-4.5E-02));
#9095 = VECTOR('',#9096,1.);
#9096 = DIRECTION('',(0.,0.,1.));
#9097 = ORIENTED_EDGE('',*,*,#8371,.F.);
#9098 = ORIENTED_EDGE('',*,*,#9092,.F.);
#9099 = CYLINDRICAL_SURFACE('',#9100,0.7);
#9100 = AXIS2_PLACEMENT_3D('',#9101,#9102,#9103);
#9101 = CARTESIAN_POINT('',(140.462,-95.504,-4.5E-02));
#9102 = DIRECTION('',(-0.,-0.,-1.));
#9103 = DIRECTION('',(-0.,-1.,0.));
#9104 = ADVANCED_FACE('',(#9105),#9116,.F.);
#9105 = FACE_BOUND('',#9106,.T.);
#9106 = EDGE_LOOP('',(#9107,#9108,#9114,#9115));
#9107 = ORIENTED_EDGE('',*,*,#7903,.T.);
#9108 = ORIENTED_EDGE('',*,*,#9109,.T.);
#9109 = EDGE_CURVE('',#7904,#8383,#9110,.T.);
#9110 = LINE('',#9111,#9112);
#9111 = CARTESIAN_POINT('',(149.606,-95.368,-4.5E-02));
#9112 = VECTOR('',#9113,1.);
#9113 = DIRECTION('',(0.,0.,1.));
#9114 = ORIENTED_EDGE('',*,*,#8382,.F.);
#9115 = ORIENTED_EDGE('',*,*,#9109,.F.);
#9116 = CYLINDRICAL_SURFACE('',#9117,2.15);
#9117 = AXIS2_PLACEMENT_3D('',#9118,#9119,#9120);
#9118 = CARTESIAN_POINT('',(149.606,-93.218,-4.5E-02));
#9119 = DIRECTION('',(-0.,-0.,-1.));
#9120 = DIRECTION('',(-0.,-1.,0.));
#9121 = ( GEOMETRIC_REPRESENTATION_CONTEXT(3) 
GLOBAL_UNCERTAINTY_ASSIGNED_CONTEXT((#9125)) 
GLOBAL_UNIT_ASSIGNED_CONTEXT((#9122,#9123,#9124)) REPRESENTATION_CONTEXT
('Context #1','3D Context with UNIT and UNCERTAINTY') );
#9122 = ( LENGTH_UNIT() NAMED_UNIT(*) SI_UNIT(.MILLI.,.METRE.) );
#9123 = ( NAMED_UNIT(*) PLANE_ANGLE_UNIT() SI_UNIT($,.RADIAN.) );
#9124 = ( NAMED_UNIT(*) SI_UNIT($,.STERADIAN.) SOLID_ANGLE_UNIT() );
#9125 = UNCERTAINTY_MEASURE_WITH_UNIT(LENGTH_MEASURE(1.E-07),#9122,
  'distance_accuracy_value','confusion accuracy');
#9126 = CONTEXT_DEPENDENT_SHAPE_REPRESENTATION(#9127,#9129);
#9127 = ( REPRESENTATION_RELATIONSHIP('','',#7332,#10) 
REPRESENTATION_RELATIONSHIP_WITH_TRANSFORMATION(#9128) 
SHAPE_REPRESENTATION_RELATIONSHIP() );
#9128 = ITEM_DEFINED_TRANSFORMATION('','',#11,#55);
#9129 = PRODUCT_DEFINITION_SHAPE('Placement','Placement of an item',
  #9130);
#9130 = NEXT_ASSEMBLY_USAGE_OCCURRENCE('16','=>[0:1:1:12]','',#5,#7327,$
  );
#9131 = PRODUCT_RELATED_PRODUCT_CATEGORY('part',$,(#7329));
#9132 = MECHANICAL_DESIGN_GEOMETRIC_PRESENTATION_REPRESENTATION('',(
    #9133,#9141,#9148,#9155,#9162,#9169,#9177,#9184,#9191,#9198,#9205,
    #9212,#9219,#9226,#9233),#6822);
#9133 = STYLED_ITEM('color',(#9134),#6161);
#9134 = PRESENTATION_STYLE_ASSIGNMENT((#9135));
#9135 = SURFACE_STYLE_USAGE(.BOTH.,#9136);
#9136 = SURFACE_SIDE_STYLE('',(#9137));
#9137 = SURFACE_STYLE_FILL_AREA(#9138);
#9138 = FILL_AREA_STYLE('',(#9139));
#9139 = FILL_AREA_STYLE_COLOUR('',#9140);
#9140 = COLOUR_RGB('',0.883000012551,0.711000022565,0.492000011028);
#9141 = STYLED_ITEM('color',(#9142),#6194);
#9142 = PRESENTATION_STYLE_ASSIGNMENT((#9143));
#9143 = SURFACE_STYLE_USAGE(.BOTH.,#9144);
#9144 = SURFACE_SIDE_STYLE('',(#9145));
#9145 = SURFACE_STYLE_FILL_AREA(#9146);
#9146 = FILL_AREA_STYLE('',(#9147));
#9147 = FILL_AREA_STYLE_COLOUR('',#9140);
#9148 = STYLED_ITEM('color',(#9149),#6220);
#9149 = PRESENTATION_STYLE_ASSIGNMENT((#9150));
#9150 = SURFACE_STYLE_USAGE(.BOTH.,#9151);
#9151 = SURFACE_SIDE_STYLE('',(#9152));
#9152 = SURFACE_STYLE_FILL_AREA(#9153);
#9153 = FILL_AREA_STYLE('',(#9154));
#9154 = FILL_AREA_STYLE_COLOUR('',#9140);
#9155 = STYLED_ITEM('color',(#9156),#6240);
#9156 = PRESENTATION_STYLE_ASSIGNMENT((#9157));
#9157 = SURFACE_STYLE_USAGE(.BOTH.,#9158);
#9158 = SURFACE_SIDE_STYLE('',(#9159));
#9159 = SURFACE_STYLE_FILL_AREA(#9160);
#9160 = FILL_AREA_STYLE('',(#9161));
#9161 = FILL_AREA_STYLE_COLOUR('',#9140);
#9162 = STYLED_ITEM('color',(#9163),#6423);
#9163 = PRESENTATION_STYLE_ASSIGNMENT((#9164));
#9164 = SURFACE_STYLE_USAGE(.BOTH.,#9165);
#9165 = SURFACE_SIDE_STYLE('',(#9166));
#9166 = SURFACE_STYLE_FILL_AREA(#9167);
#9167 = FILL_AREA_STYLE('',(#9168));
#9168 = FILL_AREA_STYLE_COLOUR('',#9140);
#9169 = STYLED_ITEM('color',(#9170),#6448);
#9170 = PRESENTATION_STYLE_ASSIGNMENT((#9171));
#9171 = SURFACE_STYLE_USAGE(.BOTH.,#9172);
#9172 = SURFACE_SIDE_STYLE('',(#9173));
#9173 = SURFACE_STYLE_FILL_AREA(#9174);
#9174 = FILL_AREA_STYLE('',(#9175));
#9175 = FILL_AREA_STYLE_COLOUR('',#9176);
#9176 = COLOUR_RGB('',0.823999987314,0.819999987296,0.781000009244);
#9177 = STYLED_ITEM('color',(#9178),#6474);
#9178 = PRESENTATION_STYLE_ASSIGNMENT((#9179));
#9179 = SURFACE_STYLE_USAGE(.BOTH.,#9180);
#9180 = SURFACE_SIDE_STYLE('',(#9181));
#9181 = SURFACE_STYLE_FILL_AREA(#9182);
#9182 = FILL_AREA_STYLE('',(#9183));
#9183 = FILL_AREA_STYLE_COLOUR('',#9140);
#9184 = STYLED_ITEM('color',(#9185),#6494);
#9185 = PRESENTATION_STYLE_ASSIGNMENT((#9186));
#9186 = SURFACE_STYLE_USAGE(.BOTH.,#9187);
#9187 = SURFACE_SIDE_STYLE('',(#9188));
#9188 = SURFACE_STYLE_FILL_AREA(#9189);
#9189 = FILL_AREA_STYLE('',(#9190));
#9190 = FILL_AREA_STYLE_COLOUR('',#9176);
#9191 = STYLED_ITEM('color',(#9192),#6519);
#9192 = PRESENTATION_STYLE_ASSIGNMENT((#9193));
#9193 = SURFACE_STYLE_USAGE(.BOTH.,#9194);
#9194 = SURFACE_SIDE_STYLE('',(#9195));
#9195 = SURFACE_STYLE_FILL_AREA(#9196);
#9196 = FILL_AREA_STYLE('',(#9197));
#9197 = FILL_AREA_STYLE_COLOUR('',#9140);
#9198 = STYLED_ITEM('color',(#9199),#6544);
#9199 = PRESENTATION_STYLE_ASSIGNMENT((#9200));
#9200 = SURFACE_STYLE_USAGE(.BOTH.,#9201);
#9201 = SURFACE_SIDE_STYLE('',(#9202));
#9202 = SURFACE_STYLE_FILL_AREA(#9203);
#9203 = FILL_AREA_STYLE('',(#9204));
#9204 = FILL_AREA_STYLE_COLOUR('',#9176);
#9205 = STYLED_ITEM('color',(#9206),#6553);
#9206 = PRESENTATION_STYLE_ASSIGNMENT((#9207));
#9207 = SURFACE_STYLE_USAGE(.BOTH.,#9208);
#9208 = SURFACE_SIDE_STYLE('',(#9209));
#9209 = SURFACE_STYLE_FILL_AREA(#9210);
#9210 = FILL_AREA_STYLE('',(#9211));
#9211 = FILL_AREA_STYLE_COLOUR('',#9140);
#9212 = STYLED_ITEM('color',(#9213),#6579);
#9213 = PRESENTATION_STYLE_ASSIGNMENT((#9214));
#9214 = SURFACE_STYLE_USAGE(.BOTH.,#9215);
#9215 = SURFACE_SIDE_STYLE('',(#9216));
#9216 = SURFACE_STYLE_FILL_AREA(#9217);
#9217 = FILL_AREA_STYLE('',(#9218));
#9218 = FILL_AREA_STYLE_COLOUR('',#9140);
#9219 = STYLED_ITEM('color',(#9220),#6762);
#9220 = PRESENTATION_STYLE_ASSIGNMENT((#9221));
#9221 = SURFACE_STYLE_USAGE(.BOTH.,#9222);
#9222 = SURFACE_SIDE_STYLE('',(#9223));
#9223 = SURFACE_STYLE_FILL_AREA(#9224);
#9224 = FILL_AREA_STYLE('',(#9225));
#9225 = FILL_AREA_STYLE_COLOUR('',#9176);
#9226 = STYLED_ITEM('color',(#9227),#6788);
#9227 = PRESENTATION_STYLE_ASSIGNMENT((#9228));
#9228 = SURFACE_STYLE_USAGE(.BOTH.,#9229);
#9229 = SURFACE_SIDE_STYLE('',(#9230));
#9230 = SURFACE_STYLE_FILL_AREA(#9231);
#9231 = FILL_AREA_STYLE('',(#9232));
#9232 = FILL_AREA_STYLE_COLOUR('',#9176);
#9233 = STYLED_ITEM('color',(#9234),#6813);
#9234 = PRESENTATION_STYLE_ASSIGNMENT((#9235));
#9235 = SURFACE_STYLE_USAGE(.BOTH.,#9236);
#9236 = SURFACE_SIDE_STYLE('',(#9237));
#9237 = SURFACE_STYLE_FILL_AREA(#9238);
#9238 = FILL_AREA_STYLE('',(#9239));
#9239 = FILL_AREA_STYLE_COLOUR('',#9176);
#9240 = MECHANICAL_DESIGN_GEOMETRIC_PRESENTATION_REPRESENTATION('',(
    #9241),#9121);
#9241 = STYLED_ITEM('color',(#9242),#7333);
#9242 = PRESENTATION_STYLE_ASSIGNMENT((#9243));
#9243 = SURFACE_STYLE_USAGE(.BOTH.,#9244);
#9244 = SURFACE_SIDE_STYLE('',(#9245));
#9245 = SURFACE_STYLE_FILL_AREA(#9246);
#9246 = FILL_AREA_STYLE('',(#9247));
#9247 = FILL_AREA_STYLE_COLOUR('',#9248);
#9248 = COLOUR_RGB('',0.313304153717,0.484529207832,0.410020903123);
#9249 = MECHANICAL_DESIGN_GEOMETRIC_PRESENTATION_REPRESENTATION('',(
    #9250,#9258,#9265,#9272,#9279,#9286,#9293,#9300,#9307,#9314,#9321,
    #9328,#9335,#9342,#9349,#9356,#9363,#9370,#9377,#9384,#9391,#9398,
    #9405,#9412,#9419,#9426,#9433,#9440,#9447,#9454,#9461,#9468,#9475,
    #9482,#9489,#9496,#9503,#9510,#9517,#9524,#9531,#9538,#9545,#9552,
    #9559,#9566,#9573,#9580,#9587,#9594,#9601,#9608,#9615,#9622,#9629,
    #9636,#9643,#9650,#9657,#9664,#9671,#9678,#9685,#9692,#9699,#9706,
    #9713,#9720,#9727,#9734,#9741,#9748,#9755,#9762,#9769,#9776,#9783,
    #9790,#9797,#9804,#9811,#9818,#9825,#9832,#9839,#9846,#9853,#9860,
    #9867,#9874,#9881,#9888,#9895,#9902,#9909,#9916,#9923,#9930,#9937,
    #9944,#9951,#9958,#9965,#9972,#9979),#6117);
#9250 = STYLED_ITEM('color',(#9251),#2890);
#9251 = PRESENTATION_STYLE_ASSIGNMENT((#9252));
#9252 = SURFACE_STYLE_USAGE(.BOTH.,#9253);
#9253 = SURFACE_SIDE_STYLE('',(#9254));
#9254 = SURFACE_STYLE_FILL_AREA(#9255);
#9255 = FILL_AREA_STYLE('',(#9256));
#9256 = FILL_AREA_STYLE_COLOUR('',#9257);
#9257 = COLOUR_RGB('',0.147999998088,0.144999993226,0.144999993226);
#9258 = STYLED_ITEM('color',(#9259),#2907);
#9259 = PRESENTATION_STYLE_ASSIGNMENT((#9260));
#9260 = SURFACE_STYLE_USAGE(.BOTH.,#9261);
#9261 = SURFACE_SIDE_STYLE('',(#9262));
#9262 = SURFACE_STYLE_FILL_AREA(#9263);
#9263 = FILL_AREA_STYLE('',(#9264));
#9264 = FILL_AREA_STYLE_COLOUR('',#9257);
#9265 = STYLED_ITEM('color',(#9266),#2932);
#9266 = PRESENTATION_STYLE_ASSIGNMENT((#9267));
#9267 = SURFACE_STYLE_USAGE(.BOTH.,#9268);
#9268 = SURFACE_SIDE_STYLE('',(#9269));
#9269 = SURFACE_STYLE_FILL_AREA(#9270);
#9270 = FILL_AREA_STYLE('',(#9271));
#9271 = FILL_AREA_STYLE_COLOUR('',#9176);
#9272 = STYLED_ITEM('color',(#9273),#3055);
#9273 = PRESENTATION_STYLE_ASSIGNMENT((#9274));
#9274 = SURFACE_STYLE_USAGE(.BOTH.,#9275);
#9275 = SURFACE_SIDE_STYLE('',(#9276));
#9276 = SURFACE_STYLE_FILL_AREA(#9277);
#9277 = FILL_AREA_STYLE('',(#9278));
#9278 = FILL_AREA_STYLE_COLOUR('',#9176);
#9279 = STYLED_ITEM('color',(#9280),#3086);
#9280 = PRESENTATION_STYLE_ASSIGNMENT((#9281));
#9281 = SURFACE_STYLE_USAGE(.BOTH.,#9282);
#9282 = SURFACE_SIDE_STYLE('',(#9283));
#9283 = SURFACE_STYLE_FILL_AREA(#9284);
#9284 = FILL_AREA_STYLE('',(#9285));
#9285 = FILL_AREA_STYLE_COLOUR('',#9176);
#9286 = STYLED_ITEM('color',(#9287),#3111);
#9287 = PRESENTATION_STYLE_ASSIGNMENT((#9288));
#9288 = SURFACE_STYLE_USAGE(.BOTH.,#9289);
#9289 = SURFACE_SIDE_STYLE('',(#9290));
#9290 = SURFACE_STYLE_FILL_AREA(#9291);
#9291 = FILL_AREA_STYLE('',(#9292));
#9292 = FILL_AREA_STYLE_COLOUR('',#9176);
#9293 = STYLED_ITEM('color',(#9294),#3136);
#9294 = PRESENTATION_STYLE_ASSIGNMENT((#9295));
#9295 = SURFACE_STYLE_USAGE(.BOTH.,#9296);
#9296 = SURFACE_SIDE_STYLE('',(#9297));
#9297 = SURFACE_STYLE_FILL_AREA(#9298);
#9298 = FILL_AREA_STYLE('',(#9299));
#9299 = FILL_AREA_STYLE_COLOUR('',#9176);
#9300 = STYLED_ITEM('color',(#9301),#3160);
#9301 = PRESENTATION_STYLE_ASSIGNMENT((#9302));
#9302 = SURFACE_STYLE_USAGE(.BOTH.,#9303);
#9303 = SURFACE_SIDE_STYLE('',(#9304));
#9304 = SURFACE_STYLE_FILL_AREA(#9305);
#9305 = FILL_AREA_STYLE('',(#9306));
#9306 = FILL_AREA_STYLE_COLOUR('',#9176);
#9307 = STYLED_ITEM('color',(#9308),#3184);
#9308 = PRESENTATION_STYLE_ASSIGNMENT((#9309));
#9309 = SURFACE_STYLE_USAGE(.BOTH.,#9310);
#9310 = SURFACE_SIDE_STYLE('',(#9311));
#9311 = SURFACE_STYLE_FILL_AREA(#9312);
#9312 = FILL_AREA_STYLE('',(#9313));
#9313 = FILL_AREA_STYLE_COLOUR('',#9176);
#9314 = STYLED_ITEM('color',(#9315),#3209);
#9315 = PRESENTATION_STYLE_ASSIGNMENT((#9316));
#9316 = SURFACE_STYLE_USAGE(.BOTH.,#9317);
#9317 = SURFACE_SIDE_STYLE('',(#9318));
#9318 = SURFACE_STYLE_FILL_AREA(#9319);
#9319 = FILL_AREA_STYLE('',(#9320));
#9320 = FILL_AREA_STYLE_COLOUR('',#9176);
#9321 = STYLED_ITEM('color',(#9322),#3234);
#9322 = PRESENTATION_STYLE_ASSIGNMENT((#9323));
#9323 = SURFACE_STYLE_USAGE(.BOTH.,#9324);
#9324 = SURFACE_SIDE_STYLE('',(#9325));
#9325 = SURFACE_STYLE_FILL_AREA(#9326);
#9326 = FILL_AREA_STYLE('',(#9327));
#9327 = FILL_AREA_STYLE_COLOUR('',#9176);
#9328 = STYLED_ITEM('color',(#9329),#3251);
#9329 = PRESENTATION_STYLE_ASSIGNMENT((#9330));
#9330 = SURFACE_STYLE_USAGE(.BOTH.,#9331);
#9331 = SURFACE_SIDE_STYLE('',(#9332));
#9332 = SURFACE_STYLE_FILL_AREA(#9333);
#9333 = FILL_AREA_STYLE('',(#9334));
#9334 = FILL_AREA_STYLE_COLOUR('',#9257);
#9335 = STYLED_ITEM('color',(#9336),#3276);
#9336 = PRESENTATION_STYLE_ASSIGNMENT((#9337));
#9337 = SURFACE_STYLE_USAGE(.BOTH.,#9338);
#9338 = SURFACE_SIDE_STYLE('',(#9339));
#9339 = SURFACE_STYLE_FILL_AREA(#9340);
#9340 = FILL_AREA_STYLE('',(#9341));
#9341 = FILL_AREA_STYLE_COLOUR('',#9257);
#9342 = STYLED_ITEM('color',(#9343),#3301);
#9343 = PRESENTATION_STYLE_ASSIGNMENT((#9344));
#9344 = SURFACE_STYLE_USAGE(.BOTH.,#9345);
#9345 = SURFACE_SIDE_STYLE('',(#9346));
#9346 = SURFACE_STYLE_FILL_AREA(#9347);
#9347 = FILL_AREA_STYLE('',(#9348));
#9348 = FILL_AREA_STYLE_COLOUR('',#9257);
#9349 = STYLED_ITEM('color',(#9350),#3326);
#9350 = PRESENTATION_STYLE_ASSIGNMENT((#9351));
#9351 = SURFACE_STYLE_USAGE(.BOTH.,#9352);
#9352 = SURFACE_SIDE_STYLE('',(#9353));
#9353 = SURFACE_STYLE_FILL_AREA(#9354);
#9354 = FILL_AREA_STYLE('',(#9355));
#9355 = FILL_AREA_STYLE_COLOUR('',#9257);
#9356 = STYLED_ITEM('color',(#9357),#3351);
#9357 = PRESENTATION_STYLE_ASSIGNMENT((#9358));
#9358 = SURFACE_STYLE_USAGE(.BOTH.,#9359);
#9359 = SURFACE_SIDE_STYLE('',(#9360));
#9360 = SURFACE_STYLE_FILL_AREA(#9361);
#9361 = FILL_AREA_STYLE('',(#9362));
#9362 = FILL_AREA_STYLE_COLOUR('',#9257);
#9363 = STYLED_ITEM('color',(#9364),#3382);
#9364 = PRESENTATION_STYLE_ASSIGNMENT((#9365));
#9365 = SURFACE_STYLE_USAGE(.BOTH.,#9366);
#9366 = SURFACE_SIDE_STYLE('',(#9367));
#9367 = SURFACE_STYLE_FILL_AREA(#9368);
#9368 = FILL_AREA_STYLE('',(#9369));
#9369 = FILL_AREA_STYLE_COLOUR('',#9257);
#9370 = STYLED_ITEM('color',(#9371),#3407);
#9371 = PRESENTATION_STYLE_ASSIGNMENT((#9372));
#9372 = SURFACE_STYLE_USAGE(.BOTH.,#9373);
#9373 = SURFACE_SIDE_STYLE('',(#9374));
#9374 = SURFACE_STYLE_FILL_AREA(#9375);
#9375 = FILL_AREA_STYLE('',(#9376));
#9376 = FILL_AREA_STYLE_COLOUR('',#9257);
#9377 = STYLED_ITEM('color',(#9378),#3432);
#9378 = PRESENTATION_STYLE_ASSIGNMENT((#9379));
#9379 = SURFACE_STYLE_USAGE(.BOTH.,#9380);
#9380 = SURFACE_SIDE_STYLE('',(#9381));
#9381 = SURFACE_STYLE_FILL_AREA(#9382);
#9382 = FILL_AREA_STYLE('',(#9383));
#9383 = FILL_AREA_STYLE_COLOUR('',#9257);
#9384 = STYLED_ITEM('color',(#9385),#3520);
#9385 = PRESENTATION_STYLE_ASSIGNMENT((#9386));
#9386 = SURFACE_STYLE_USAGE(.BOTH.,#9387);
#9387 = SURFACE_SIDE_STYLE('',(#9388));
#9388 = SURFACE_STYLE_FILL_AREA(#9389);
#9389 = FILL_AREA_STYLE('',(#9390));
#9390 = FILL_AREA_STYLE_COLOUR('',#9257);
#9391 = STYLED_ITEM('color',(#9392),#3608);
#9392 = PRESENTATION_STYLE_ASSIGNMENT((#9393));
#9393 = SURFACE_STYLE_USAGE(.BOTH.,#9394);
#9394 = SURFACE_SIDE_STYLE('',(#9395));
#9395 = SURFACE_STYLE_FILL_AREA(#9396);
#9396 = FILL_AREA_STYLE('',(#9397));
#9397 = FILL_AREA_STYLE_COLOUR('',#9257);
#9398 = STYLED_ITEM('color',(#9399),#3633);
#9399 = PRESENTATION_STYLE_ASSIGNMENT((#9400));
#9400 = SURFACE_STYLE_USAGE(.BOTH.,#9401);
#9401 = SURFACE_SIDE_STYLE('',(#9402));
#9402 = SURFACE_STYLE_FILL_AREA(#9403);
#9403 = FILL_AREA_STYLE('',(#9404));
#9404 = FILL_AREA_STYLE_COLOUR('',#9257);
#9405 = STYLED_ITEM('color',(#9406),#3658);
#9406 = PRESENTATION_STYLE_ASSIGNMENT((#9407));
#9407 = SURFACE_STYLE_USAGE(.BOTH.,#9408);
#9408 = SURFACE_SIDE_STYLE('',(#9409));
#9409 = SURFACE_STYLE_FILL_AREA(#9410);
#9410 = FILL_AREA_STYLE('',(#9411));
#9411 = FILL_AREA_STYLE_COLOUR('',#9257);
#9412 = STYLED_ITEM('color',(#9413),#3675);
#9413 = PRESENTATION_STYLE_ASSIGNMENT((#9414));
#9414 = SURFACE_STYLE_USAGE(.BOTH.,#9415);
#9415 = SURFACE_SIDE_STYLE('',(#9416));
#9416 = SURFACE_STYLE_FILL_AREA(#9417);
#9417 = FILL_AREA_STYLE('',(#9418));
#9418 = FILL_AREA_STYLE_COLOUR('',#9257);
#9419 = STYLED_ITEM('color',(#9420),#3684);
#9420 = PRESENTATION_STYLE_ASSIGNMENT((#9421));
#9421 = SURFACE_STYLE_USAGE(.BOTH.,#9422);
#9422 = SURFACE_SIDE_STYLE('',(#9423));
#9423 = SURFACE_STYLE_FILL_AREA(#9424);
#9424 = FILL_AREA_STYLE('',(#9425));
#9425 = FILL_AREA_STYLE_COLOUR('',#9257);
#9426 = STYLED_ITEM('color',(#9427),#3710);
#9427 = PRESENTATION_STYLE_ASSIGNMENT((#9428));
#9428 = SURFACE_STYLE_USAGE(.BOTH.,#9429);
#9429 = SURFACE_SIDE_STYLE('',(#9430));
#9430 = SURFACE_STYLE_FILL_AREA(#9431);
#9431 = FILL_AREA_STYLE('',(#9432));
#9432 = FILL_AREA_STYLE_COLOUR('',#9257);
#9433 = STYLED_ITEM('color',(#9434),#3719);
#9434 = PRESENTATION_STYLE_ASSIGNMENT((#9435));
#9435 = SURFACE_STYLE_USAGE(.BOTH.,#9436);
#9436 = SURFACE_SIDE_STYLE('',(#9437));
#9437 = SURFACE_STYLE_FILL_AREA(#9438);
#9438 = FILL_AREA_STYLE('',(#9439));
#9439 = FILL_AREA_STYLE_COLOUR('',#9257);
#9440 = STYLED_ITEM('color',(#9441),#3728);
#9441 = PRESENTATION_STYLE_ASSIGNMENT((#9442));
#9442 = SURFACE_STYLE_USAGE(.BOTH.,#9443);
#9443 = SURFACE_SIDE_STYLE('',(#9444));
#9444 = SURFACE_STYLE_FILL_AREA(#9445);
#9445 = FILL_AREA_STYLE('',(#9446));
#9446 = FILL_AREA_STYLE_COLOUR('',#9257);
#9447 = STYLED_ITEM('color',(#9448),#3772);
#9448 = PRESENTATION_STYLE_ASSIGNMENT((#9449));
#9449 = SURFACE_STYLE_USAGE(.BOTH.,#9450);
#9450 = SURFACE_SIDE_STYLE('',(#9451));
#9451 = SURFACE_STYLE_FILL_AREA(#9452);
#9452 = FILL_AREA_STYLE('',(#9453));
#9453 = FILL_AREA_STYLE_COLOUR('',#9176);
#9454 = STYLED_ITEM('color',(#9455),#3922);
#9455 = PRESENTATION_STYLE_ASSIGNMENT((#9456));
#9456 = SURFACE_STYLE_USAGE(.BOTH.,#9457);
#9457 = SURFACE_SIDE_STYLE('',(#9458));
#9458 = SURFACE_STYLE_FILL_AREA(#9459);
#9459 = FILL_AREA_STYLE('',(#9460));
#9460 = FILL_AREA_STYLE_COLOUR('',#9176);
#9461 = STYLED_ITEM('color',(#9462),#3946);
#9462 = PRESENTATION_STYLE_ASSIGNMENT((#9463));
#9463 = SURFACE_STYLE_USAGE(.BOTH.,#9464);
#9464 = SURFACE_SIDE_STYLE('',(#9465));
#9465 = SURFACE_STYLE_FILL_AREA(#9466);
#9466 = FILL_AREA_STYLE('',(#9467));
#9467 = FILL_AREA_STYLE_COLOUR('',#9176);
#9468 = STYLED_ITEM('color',(#9469),#4089);
#9469 = PRESENTATION_STYLE_ASSIGNMENT((#9470));
#9470 = SURFACE_STYLE_USAGE(.BOTH.,#9471);
#9471 = SURFACE_SIDE_STYLE('',(#9472));
#9472 = SURFACE_STYLE_FILL_AREA(#9473);
#9473 = FILL_AREA_STYLE('',(#9474));
#9474 = FILL_AREA_STYLE_COLOUR('',#9176);
#9475 = STYLED_ITEM('color',(#9476),#4239);
#9476 = PRESENTATION_STYLE_ASSIGNMENT((#9477));
#9477 = SURFACE_STYLE_USAGE(.BOTH.,#9478);
#9478 = SURFACE_SIDE_STYLE('',(#9479));
#9479 = SURFACE_STYLE_FILL_AREA(#9480);
#9480 = FILL_AREA_STYLE('',(#9481));
#9481 = FILL_AREA_STYLE_COLOUR('',#9176);
#9482 = STYLED_ITEM('color',(#9483),#4389);
#9483 = PRESENTATION_STYLE_ASSIGNMENT((#9484));
#9484 = SURFACE_STYLE_USAGE(.BOTH.,#9485);
#9485 = SURFACE_SIDE_STYLE('',(#9486));
#9486 = SURFACE_STYLE_FILL_AREA(#9487);
#9487 = FILL_AREA_STYLE('',(#9488));
#9488 = FILL_AREA_STYLE_COLOUR('',#9176);
#9489 = STYLED_ITEM('color',(#9490),#4406);
#9490 = PRESENTATION_STYLE_ASSIGNMENT((#9491));
#9491 = SURFACE_STYLE_USAGE(.BOTH.,#9492);
#9492 = SURFACE_SIDE_STYLE('',(#9493));
#9493 = SURFACE_STYLE_FILL_AREA(#9494);
#9494 = FILL_AREA_STYLE('',(#9495));
#9495 = FILL_AREA_STYLE_COLOUR('',#9176);
#9496 = STYLED_ITEM('color',(#9497),#4556);
#9497 = PRESENTATION_STYLE_ASSIGNMENT((#9498));
#9498 = SURFACE_STYLE_USAGE(.BOTH.,#9499);
#9499 = SURFACE_SIDE_STYLE('',(#9500));
#9500 = SURFACE_STYLE_FILL_AREA(#9501);
#9501 = FILL_AREA_STYLE('',(#9502));
#9502 = FILL_AREA_STYLE_COLOUR('',#9176);
#9503 = STYLED_ITEM('color',(#9504),#4580);
#9504 = PRESENTATION_STYLE_ASSIGNMENT((#9505));
#9505 = SURFACE_STYLE_USAGE(.BOTH.,#9506);
#9506 = SURFACE_SIDE_STYLE('',(#9507));
#9507 = SURFACE_STYLE_FILL_AREA(#9508);
#9508 = FILL_AREA_STYLE('',(#9509));
#9509 = FILL_AREA_STYLE_COLOUR('',#9176);
#9510 = STYLED_ITEM('color',(#9511),#4723);
#9511 = PRESENTATION_STYLE_ASSIGNMENT((#9512));
#9512 = SURFACE_STYLE_USAGE(.BOTH.,#9513);
#9513 = SURFACE_SIDE_STYLE('',(#9514));
#9514 = SURFACE_STYLE_FILL_AREA(#9515);
#9515 = FILL_AREA_STYLE('',(#9516));
#9516 = FILL_AREA_STYLE_COLOUR('',#9176);
#9517 = STYLED_ITEM('color',(#9518),#4873);
#9518 = PRESENTATION_STYLE_ASSIGNMENT((#9519));
#9519 = SURFACE_STYLE_USAGE(.BOTH.,#9520);
#9520 = SURFACE_SIDE_STYLE('',(#9521));
#9521 = SURFACE_STYLE_FILL_AREA(#9522);
#9522 = FILL_AREA_STYLE('',(#9523));
#9523 = FILL_AREA_STYLE_COLOUR('',#9176);
#9524 = STYLED_ITEM('color',(#9525),#5023);
#9525 = PRESENTATION_STYLE_ASSIGNMENT((#9526));
#9526 = SURFACE_STYLE_USAGE(.BOTH.,#9527);
#9527 = SURFACE_SIDE_STYLE('',(#9528));
#9528 = SURFACE_STYLE_FILL_AREA(#9529);
#9529 = FILL_AREA_STYLE('',(#9530));
#9530 = FILL_AREA_STYLE_COLOUR('',#9176);
#9531 = STYLED_ITEM('color',(#9532),#5040);
#9532 = PRESENTATION_STYLE_ASSIGNMENT((#9533));
#9533 = SURFACE_STYLE_USAGE(.BOTH.,#9534);
#9534 = SURFACE_SIDE_STYLE('',(#9535));
#9535 = SURFACE_STYLE_FILL_AREA(#9536);
#9536 = FILL_AREA_STYLE('',(#9537));
#9537 = FILL_AREA_STYLE_COLOUR('',#9257);
#9538 = STYLED_ITEM('color',(#9539),#5049);
#9539 = PRESENTATION_STYLE_ASSIGNMENT((#9540));
#9540 = SURFACE_STYLE_USAGE(.BOTH.,#9541);
#9541 = SURFACE_SIDE_STYLE('',(#9542));
#9542 = SURFACE_STYLE_FILL_AREA(#9543);
#9543 = FILL_AREA_STYLE('',(#9544));
#9544 = FILL_AREA_STYLE_COLOUR('',#9176);
#9545 = STYLED_ITEM('color',(#9546),#5066);
#9546 = PRESENTATION_STYLE_ASSIGNMENT((#9547));
#9547 = SURFACE_STYLE_USAGE(.BOTH.,#9548);
#9548 = SURFACE_SIDE_STYLE('',(#9549));
#9549 = SURFACE_STYLE_FILL_AREA(#9550);
#9550 = FILL_AREA_STYLE('',(#9551));
#9551 = FILL_AREA_STYLE_COLOUR('',#9176);
#9552 = STYLED_ITEM('color',(#9553),#5083);
#9553 = PRESENTATION_STYLE_ASSIGNMENT((#9554));
#9554 = SURFACE_STYLE_USAGE(.BOTH.,#9555);
#9555 = SURFACE_SIDE_STYLE('',(#9556));
#9556 = SURFACE_STYLE_FILL_AREA(#9557);
#9557 = FILL_AREA_STYLE('',(#9558));
#9558 = FILL_AREA_STYLE_COLOUR('',#9176);
#9559 = STYLED_ITEM('color',(#9560),#5100);
#9560 = PRESENTATION_STYLE_ASSIGNMENT((#9561));
#9561 = SURFACE_STYLE_USAGE(.BOTH.,#9562);
#9562 = SURFACE_SIDE_STYLE('',(#9563));
#9563 = SURFACE_STYLE_FILL_AREA(#9564);
#9564 = FILL_AREA_STYLE('',(#9565));
#9565 = FILL_AREA_STYLE_COLOUR('',#9176);
#9566 = STYLED_ITEM('color',(#9567),#5117);
#9567 = PRESENTATION_STYLE_ASSIGNMENT((#9568));
#9568 = SURFACE_STYLE_USAGE(.BOTH.,#9569);
#9569 = SURFACE_SIDE_STYLE('',(#9570));
#9570 = SURFACE_STYLE_FILL_AREA(#9571);
#9571 = FILL_AREA_STYLE('',(#9572));
#9572 = FILL_AREA_STYLE_COLOUR('',#9176);
#9573 = STYLED_ITEM('color',(#9574),#5139);
#9574 = PRESENTATION_STYLE_ASSIGNMENT((#9575));
#9575 = SURFACE_STYLE_USAGE(.BOTH.,#9576);
#9576 = SURFACE_SIDE_STYLE('',(#9577));
#9577 = SURFACE_STYLE_FILL_AREA(#9578);
#9578 = FILL_AREA_STYLE('',(#9579));
#9579 = FILL_AREA_STYLE_COLOUR('',#9176);
#9580 = STYLED_ITEM('color',(#9581),#5156);
#9581 = PRESENTATION_STYLE_ASSIGNMENT((#9582));
#9582 = SURFACE_STYLE_USAGE(.BOTH.,#9583);
#9583 = SURFACE_SIDE_STYLE('',(#9584));
#9584 = SURFACE_STYLE_FILL_AREA(#9585);
#9585 = FILL_AREA_STYLE('',(#9586));
#9586 = FILL_AREA_STYLE_COLOUR('',#9176);
#9587 = STYLED_ITEM('color',(#9588),#5173);
#9588 = PRESENTATION_STYLE_ASSIGNMENT((#9589));
#9589 = SURFACE_STYLE_USAGE(.BOTH.,#9590);
#9590 = SURFACE_SIDE_STYLE('',(#9591));
#9591 = SURFACE_STYLE_FILL_AREA(#9592);
#9592 = FILL_AREA_STYLE('',(#9593));
#9593 = FILL_AREA_STYLE_COLOUR('',#9176);
#9594 = STYLED_ITEM('color',(#9595),#5190);
#9595 = PRESENTATION_STYLE_ASSIGNMENT((#9596));
#9596 = SURFACE_STYLE_USAGE(.BOTH.,#9597);
#9597 = SURFACE_SIDE_STYLE('',(#9598));
#9598 = SURFACE_STYLE_FILL_AREA(#9599);
#9599 = FILL_AREA_STYLE('',(#9600));
#9600 = FILL_AREA_STYLE_COLOUR('',#9176);
#9601 = STYLED_ITEM('color',(#9602),#5207);
#9602 = PRESENTATION_STYLE_ASSIGNMENT((#9603));
#9603 = SURFACE_STYLE_USAGE(.BOTH.,#9604);
#9604 = SURFACE_SIDE_STYLE('',(#9605));
#9605 = SURFACE_STYLE_FILL_AREA(#9606);
#9606 = FILL_AREA_STYLE('',(#9607));
#9607 = FILL_AREA_STYLE_COLOUR('',#9176);
#9608 = STYLED_ITEM('color',(#9609),#5219);
#9609 = PRESENTATION_STYLE_ASSIGNMENT((#9610));
#9610 = SURFACE_STYLE_USAGE(.BOTH.,#9611);
#9611 = SURFACE_SIDE_STYLE('',(#9612));
#9612 = SURFACE_STYLE_FILL_AREA(#9613);
#9613 = FILL_AREA_STYLE('',(#9614));
#9614 = FILL_AREA_STYLE_COLOUR('',#9176);
#9615 = STYLED_ITEM('color',(#9616),#5236);
#9616 = PRESENTATION_STYLE_ASSIGNMENT((#9617));
#9617 = SURFACE_STYLE_USAGE(.BOTH.,#9618);
#9618 = SURFACE_SIDE_STYLE('',(#9619));
#9619 = SURFACE_STYLE_FILL_AREA(#9620);
#9620 = FILL_AREA_STYLE('',(#9621));
#9621 = FILL_AREA_STYLE_COLOUR('',#9176);
#9622 = STYLED_ITEM('color',(#9623),#5253);
#9623 = PRESENTATION_STYLE_ASSIGNMENT((#9624));
#9624 = SURFACE_STYLE_USAGE(.BOTH.,#9625);
#9625 = SURFACE_SIDE_STYLE('',(#9626));
#9626 = SURFACE_STYLE_FILL_AREA(#9627);
#9627 = FILL_AREA_STYLE('',(#9628));
#9628 = FILL_AREA_STYLE_COLOUR('',#9176);
#9629 = STYLED_ITEM('color',(#9630),#5270);
#9630 = PRESENTATION_STYLE_ASSIGNMENT((#9631));
#9631 = SURFACE_STYLE_USAGE(.BOTH.,#9632);
#9632 = SURFACE_SIDE_STYLE('',(#9633));
#9633 = SURFACE_STYLE_FILL_AREA(#9634);
#9634 = FILL_AREA_STYLE('',(#9635));
#9635 = FILL_AREA_STYLE_COLOUR('',#9176);
#9636 = STYLED_ITEM('color',(#9637),#5287);
#9637 = PRESENTATION_STYLE_ASSIGNMENT((#9638));
#9638 = SURFACE_STYLE_USAGE(.BOTH.,#9639);
#9639 = SURFACE_SIDE_STYLE('',(#9640));
#9640 = SURFACE_STYLE_FILL_AREA(#9641);
#9641 = FILL_AREA_STYLE('',(#9642));
#9642 = FILL_AREA_STYLE_COLOUR('',#9176);
#9643 = STYLED_ITEM('color',(#9644),#5304);
#9644 = PRESENTATION_STYLE_ASSIGNMENT((#9645));
#9645 = SURFACE_STYLE_USAGE(.BOTH.,#9646);
#9646 = SURFACE_SIDE_STYLE('',(#9647));
#9647 = SURFACE_STYLE_FILL_AREA(#9648);
#9648 = FILL_AREA_STYLE('',(#9649));
#9649 = FILL_AREA_STYLE_COLOUR('',#9176);
#9650 = STYLED_ITEM('color',(#9651),#5321);
#9651 = PRESENTATION_STYLE_ASSIGNMENT((#9652));
#9652 = SURFACE_STYLE_USAGE(.BOTH.,#9653);
#9653 = SURFACE_SIDE_STYLE('',(#9654));
#9654 = SURFACE_STYLE_FILL_AREA(#9655);
#9655 = FILL_AREA_STYLE('',(#9656));
#9656 = FILL_AREA_STYLE_COLOUR('',#9176);
#9657 = STYLED_ITEM('color',(#9658),#5338);
#9658 = PRESENTATION_STYLE_ASSIGNMENT((#9659));
#9659 = SURFACE_STYLE_USAGE(.BOTH.,#9660);
#9660 = SURFACE_SIDE_STYLE('',(#9661));
#9661 = SURFACE_STYLE_FILL_AREA(#9662);
#9662 = FILL_AREA_STYLE('',(#9663));
#9663 = FILL_AREA_STYLE_COLOUR('',#9176);
#9664 = STYLED_ITEM('color',(#9665),#5355);
#9665 = PRESENTATION_STYLE_ASSIGNMENT((#9666));
#9666 = SURFACE_STYLE_USAGE(.BOTH.,#9667);
#9667 = SURFACE_SIDE_STYLE('',(#9668));
#9668 = SURFACE_STYLE_FILL_AREA(#9669);
#9669 = FILL_AREA_STYLE('',(#9670));
#9670 = FILL_AREA_STYLE_COLOUR('',#9176);
#9671 = STYLED_ITEM('color',(#9672),#5367);
#9672 = PRESENTATION_STYLE_ASSIGNMENT((#9673));
#9673 = SURFACE_STYLE_USAGE(.BOTH.,#9674);
#9674 = SURFACE_SIDE_STYLE('',(#9675));
#9675 = SURFACE_STYLE_FILL_AREA(#9676);
#9676 = FILL_AREA_STYLE('',(#9677));
#9677 = FILL_AREA_STYLE_COLOUR('',#9176);
#9678 = STYLED_ITEM('color',(#9679),#5389);
#9679 = PRESENTATION_STYLE_ASSIGNMENT((#9680));
#9680 = SURFACE_STYLE_USAGE(.BOTH.,#9681);
#9681 = SURFACE_SIDE_STYLE('',(#9682));
#9682 = SURFACE_STYLE_FILL_AREA(#9683);
#9683 = FILL_AREA_STYLE('',(#9684));
#9684 = FILL_AREA_STYLE_COLOUR('',#9176);
#9685 = STYLED_ITEM('color',(#9686),#5406);
#9686 = PRESENTATION_STYLE_ASSIGNMENT((#9687));
#9687 = SURFACE_STYLE_USAGE(.BOTH.,#9688);
#9688 = SURFACE_SIDE_STYLE('',(#9689));
#9689 = SURFACE_STYLE_FILL_AREA(#9690);
#9690 = FILL_AREA_STYLE('',(#9691));
#9691 = FILL_AREA_STYLE_COLOUR('',#9176);
#9692 = STYLED_ITEM('color',(#9693),#5423);
#9693 = PRESENTATION_STYLE_ASSIGNMENT((#9694));
#9694 = SURFACE_STYLE_USAGE(.BOTH.,#9695);
#9695 = SURFACE_SIDE_STYLE('',(#9696));
#9696 = SURFACE_STYLE_FILL_AREA(#9697);
#9697 = FILL_AREA_STYLE('',(#9698));
#9698 = FILL_AREA_STYLE_COLOUR('',#9176);
#9699 = STYLED_ITEM('color',(#9700),#5440);
#9700 = PRESENTATION_STYLE_ASSIGNMENT((#9701));
#9701 = SURFACE_STYLE_USAGE(.BOTH.,#9702);
#9702 = SURFACE_SIDE_STYLE('',(#9703));
#9703 = SURFACE_STYLE_FILL_AREA(#9704);
#9704 = FILL_AREA_STYLE('',(#9705));
#9705 = FILL_AREA_STYLE_COLOUR('',#9176);
#9706 = STYLED_ITEM('color',(#9707),#5457);
#9707 = PRESENTATION_STYLE_ASSIGNMENT((#9708));
#9708 = SURFACE_STYLE_USAGE(.BOTH.,#9709);
#9709 = SURFACE_SIDE_STYLE('',(#9710));
#9710 = SURFACE_STYLE_FILL_AREA(#9711);
#9711 = FILL_AREA_STYLE('',(#9712));
#9712 = FILL_AREA_STYLE_COLOUR('',#9176);
#9713 = STYLED_ITEM('color',(#9714),#5469);
#9714 = PRESENTATION_STYLE_ASSIGNMENT((#9715));
#9715 = SURFACE_STYLE_USAGE(.BOTH.,#9716);
#9716 = SURFACE_SIDE_STYLE('',(#9717));
#9717 = SURFACE_STYLE_FILL_AREA(#9718);
#9718 = FILL_AREA_STYLE('',(#9719));
#9719 = FILL_AREA_STYLE_COLOUR('',#9176);
#9720 = STYLED_ITEM('color',(#9721),#5486);
#9721 = PRESENTATION_STYLE_ASSIGNMENT((#9722));
#9722 = SURFACE_STYLE_USAGE(.BOTH.,#9723);
#9723 = SURFACE_SIDE_STYLE('',(#9724));
#9724 = SURFACE_STYLE_FILL_AREA(#9725);
#9725 = FILL_AREA_STYLE('',(#9726));
#9726 = FILL_AREA_STYLE_COLOUR('',#9176);
#9727 = STYLED_ITEM('color',(#9728),#5503);
#9728 = PRESENTATION_STYLE_ASSIGNMENT((#9729));
#9729 = SURFACE_STYLE_USAGE(.BOTH.,#9730);
#9730 = SURFACE_SIDE_STYLE('',(#9731));
#9731 = SURFACE_STYLE_FILL_AREA(#9732);
#9732 = FILL_AREA_STYLE('',(#9733));
#9733 = FILL_AREA_STYLE_COLOUR('',#9176);
#9734 = STYLED_ITEM('color',(#9735),#5520);
#9735 = PRESENTATION_STYLE_ASSIGNMENT((#9736));
#9736 = SURFACE_STYLE_USAGE(.BOTH.,#9737);
#9737 = SURFACE_SIDE_STYLE('',(#9738));
#9738 = SURFACE_STYLE_FILL_AREA(#9739);
#9739 = FILL_AREA_STYLE('',(#9740));
#9740 = FILL_AREA_STYLE_COLOUR('',#9176);
#9741 = STYLED_ITEM('color',(#9742),#5537);
#9742 = PRESENTATION_STYLE_ASSIGNMENT((#9743));
#9743 = SURFACE_STYLE_USAGE(.BOTH.,#9744);
#9744 = SURFACE_SIDE_STYLE('',(#9745));
#9745 = SURFACE_STYLE_FILL_AREA(#9746);
#9746 = FILL_AREA_STYLE('',(#9747));
#9747 = FILL_AREA_STYLE_COLOUR('',#9176);
#9748 = STYLED_ITEM('color',(#9749),#5554);
#9749 = PRESENTATION_STYLE_ASSIGNMENT((#9750));
#9750 = SURFACE_STYLE_USAGE(.BOTH.,#9751);
#9751 = SURFACE_SIDE_STYLE('',(#9752));
#9752 = SURFACE_STYLE_FILL_AREA(#9753);
#9753 = FILL_AREA_STYLE('',(#9754));
#9754 = FILL_AREA_STYLE_COLOUR('',#9176);
#9755 = STYLED_ITEM('color',(#9756),#5571);
#9756 = PRESENTATION_STYLE_ASSIGNMENT((#9757));
#9757 = SURFACE_STYLE_USAGE(.BOTH.,#9758);
#9758 = SURFACE_SIDE_STYLE('',(#9759));
#9759 = SURFACE_STYLE_FILL_AREA(#9760);
#9760 = FILL_AREA_STYLE('',(#9761));
#9761 = FILL_AREA_STYLE_COLOUR('',#9176);
#9762 = STYLED_ITEM('color',(#9763),#5588);
#9763 = PRESENTATION_STYLE_ASSIGNMENT((#9764));
#9764 = SURFACE_STYLE_USAGE(.BOTH.,#9765);
#9765 = SURFACE_SIDE_STYLE('',(#9766));
#9766 = SURFACE_STYLE_FILL_AREA(#9767);
#9767 = FILL_AREA_STYLE('',(#9768));
#9768 = FILL_AREA_STYLE_COLOUR('',#9176);
#9769 = STYLED_ITEM('color',(#9770),#5605);
#9770 = PRESENTATION_STYLE_ASSIGNMENT((#9771));
#9771 = SURFACE_STYLE_USAGE(.BOTH.,#9772);
#9772 = SURFACE_SIDE_STYLE('',(#9773));
#9773 = SURFACE_STYLE_FILL_AREA(#9774);
#9774 = FILL_AREA_STYLE('',(#9775));
#9775 = FILL_AREA_STYLE_COLOUR('',#9176);
#9776 = STYLED_ITEM('color',(#9777),#5617);
#9777 = PRESENTATION_STYLE_ASSIGNMENT((#9778));
#9778 = SURFACE_STYLE_USAGE(.BOTH.,#9779);
#9779 = SURFACE_SIDE_STYLE('',(#9780));
#9780 = SURFACE_STYLE_FILL_AREA(#9781);
#9781 = FILL_AREA_STYLE('',(#9782));
#9782 = FILL_AREA_STYLE_COLOUR('',#9176);
#9783 = STYLED_ITEM('color',(#9784),#5639);
#9784 = PRESENTATION_STYLE_ASSIGNMENT((#9785));
#9785 = SURFACE_STYLE_USAGE(.BOTH.,#9786);
#9786 = SURFACE_SIDE_STYLE('',(#9787));
#9787 = SURFACE_STYLE_FILL_AREA(#9788);
#9788 = FILL_AREA_STYLE('',(#9789));
#9789 = FILL_AREA_STYLE_COLOUR('',#9176);
#9790 = STYLED_ITEM('color',(#9791),#5656);
#9791 = PRESENTATION_STYLE_ASSIGNMENT((#9792));
#9792 = SURFACE_STYLE_USAGE(.BOTH.,#9793);
#9793 = SURFACE_SIDE_STYLE('',(#9794));
#9794 = SURFACE_STYLE_FILL_AREA(#9795);
#9795 = FILL_AREA_STYLE('',(#9796));
#9796 = FILL_AREA_STYLE_COLOUR('',#9176);
#9797 = STYLED_ITEM('color',(#9798),#5673);
#9798 = PRESENTATION_STYLE_ASSIGNMENT((#9799));
#9799 = SURFACE_STYLE_USAGE(.BOTH.,#9800);
#9800 = SURFACE_SIDE_STYLE('',(#9801));
#9801 = SURFACE_STYLE_FILL_AREA(#9802);
#9802 = FILL_AREA_STYLE('',(#9803));
#9803 = FILL_AREA_STYLE_COLOUR('',#9176);
#9804 = STYLED_ITEM('color',(#9805),#5690);
#9805 = PRESENTATION_STYLE_ASSIGNMENT((#9806));
#9806 = SURFACE_STYLE_USAGE(.BOTH.,#9807);
#9807 = SURFACE_SIDE_STYLE('',(#9808));
#9808 = SURFACE_STYLE_FILL_AREA(#9809);
#9809 = FILL_AREA_STYLE('',(#9810));
#9810 = FILL_AREA_STYLE_COLOUR('',#9176);
#9811 = STYLED_ITEM('color',(#9812),#5707);
#9812 = PRESENTATION_STYLE_ASSIGNMENT((#9813));
#9813 = SURFACE_STYLE_USAGE(.BOTH.,#9814);
#9814 = SURFACE_SIDE_STYLE('',(#9815));
#9815 = SURFACE_STYLE_FILL_AREA(#9816);
#9816 = FILL_AREA_STYLE('',(#9817));
#9817 = FILL_AREA_STYLE_COLOUR('',#9176);
#9818 = STYLED_ITEM('color',(#9819),#5719);
#9819 = PRESENTATION_STYLE_ASSIGNMENT((#9820));
#9820 = SURFACE_STYLE_USAGE(.BOTH.,#9821);
#9821 = SURFACE_SIDE_STYLE('',(#9822));
#9822 = SURFACE_STYLE_FILL_AREA(#9823);
#9823 = FILL_AREA_STYLE('',(#9824));
#9824 = FILL_AREA_STYLE_COLOUR('',#9176);
#9825 = STYLED_ITEM('color',(#9826),#5736);
#9826 = PRESENTATION_STYLE_ASSIGNMENT((#9827));
#9827 = SURFACE_STYLE_USAGE(.BOTH.,#9828);
#9828 = SURFACE_SIDE_STYLE('',(#9829));
#9829 = SURFACE_STYLE_FILL_AREA(#9830);
#9830 = FILL_AREA_STYLE('',(#9831));
#9831 = FILL_AREA_STYLE_COLOUR('',#9176);
#9832 = STYLED_ITEM('color',(#9833),#5753);
#9833 = PRESENTATION_STYLE_ASSIGNMENT((#9834));
#9834 = SURFACE_STYLE_USAGE(.BOTH.,#9835);
#9835 = SURFACE_SIDE_STYLE('',(#9836));
#9836 = SURFACE_STYLE_FILL_AREA(#9837);
#9837 = FILL_AREA_STYLE('',(#9838));
#9838 = FILL_AREA_STYLE_COLOUR('',#9176);
#9839 = STYLED_ITEM('color',(#9840),#5770);
#9840 = PRESENTATION_STYLE_ASSIGNMENT((#9841));
#9841 = SURFACE_STYLE_USAGE(.BOTH.,#9842);
#9842 = SURFACE_SIDE_STYLE('',(#9843));
#9843 = SURFACE_STYLE_FILL_AREA(#9844);
#9844 = FILL_AREA_STYLE('',(#9845));
#9845 = FILL_AREA_STYLE_COLOUR('',#9176);
#9846 = STYLED_ITEM('color',(#9847),#5787);
#9847 = PRESENTATION_STYLE_ASSIGNMENT((#9848));
#9848 = SURFACE_STYLE_USAGE(.BOTH.,#9849);
#9849 = SURFACE_SIDE_STYLE('',(#9850));
#9850 = SURFACE_STYLE_FILL_AREA(#9851);
#9851 = FILL_AREA_STYLE('',(#9852));
#9852 = FILL_AREA_STYLE_COLOUR('',#9176);
#9853 = STYLED_ITEM('color',(#9854),#5804);
#9854 = PRESENTATION_STYLE_ASSIGNMENT((#9855));
#9855 = SURFACE_STYLE_USAGE(.BOTH.,#9856);
#9856 = SURFACE_SIDE_STYLE('',(#9857));
#9857 = SURFACE_STYLE_FILL_AREA(#9858);
#9858 = FILL_AREA_STYLE('',(#9859));
#9859 = FILL_AREA_STYLE_COLOUR('',#9176);
#9860 = STYLED_ITEM('color',(#9861),#5821);
#9861 = PRESENTATION_STYLE_ASSIGNMENT((#9862));
#9862 = SURFACE_STYLE_USAGE(.BOTH.,#9863);
#9863 = SURFACE_SIDE_STYLE('',(#9864));
#9864 = SURFACE_STYLE_FILL_AREA(#9865);
#9865 = FILL_AREA_STYLE('',(#9866));
#9866 = FILL_AREA_STYLE_COLOUR('',#9176);
#9867 = STYLED_ITEM('color',(#9868),#5838);
#9868 = PRESENTATION_STYLE_ASSIGNMENT((#9869));
#9869 = SURFACE_STYLE_USAGE(.BOTH.,#9870);
#9870 = SURFACE_SIDE_STYLE('',(#9871));
#9871 = SURFACE_STYLE_FILL_AREA(#9872);
#9872 = FILL_AREA_STYLE('',(#9873));
#9873 = FILL_AREA_STYLE_COLOUR('',#9176);
#9874 = STYLED_ITEM('color',(#9875),#5855);
#9875 = PRESENTATION_STYLE_ASSIGNMENT((#9876));
#9876 = SURFACE_STYLE_USAGE(.BOTH.,#9877);
#9877 = SURFACE_SIDE_STYLE('',(#9878));
#9878 = SURFACE_STYLE_FILL_AREA(#9879);
#9879 = FILL_AREA_STYLE('',(#9880));
#9880 = FILL_AREA_STYLE_COLOUR('',#9176);
#9881 = STYLED_ITEM('color',(#9882),#5867);
#9882 = PRESENTATION_STYLE_ASSIGNMENT((#9883));
#9883 = SURFACE_STYLE_USAGE(.BOTH.,#9884);
#9884 = SURFACE_SIDE_STYLE('',(#9885));
#9885 = SURFACE_STYLE_FILL_AREA(#9886);
#9886 = FILL_AREA_STYLE('',(#9887));
#9887 = FILL_AREA_STYLE_COLOUR('',#9176);
#9888 = STYLED_ITEM('color',(#9889),#5889);
#9889 = PRESENTATION_STYLE_ASSIGNMENT((#9890));
#9890 = SURFACE_STYLE_USAGE(.BOTH.,#9891);
#9891 = SURFACE_SIDE_STYLE('',(#9892));
#9892 = SURFACE_STYLE_FILL_AREA(#9893);
#9893 = FILL_AREA_STYLE('',(#9894));
#9894 = FILL_AREA_STYLE_COLOUR('',#9176);
#9895 = STYLED_ITEM('color',(#9896),#5906);
#9896 = PRESENTATION_STYLE_ASSIGNMENT((#9897));
#9897 = SURFACE_STYLE_USAGE(.BOTH.,#9898);
#9898 = SURFACE_SIDE_STYLE('',(#9899));
#9899 = SURFACE_STYLE_FILL_AREA(#9900);
#9900 = FILL_AREA_STYLE('',(#9901));
#9901 = FILL_AREA_STYLE_COLOUR('',#9176);
#9902 = STYLED_ITEM('color',(#9903),#5923);
#9903 = PRESENTATION_STYLE_ASSIGNMENT((#9904));
#9904 = SURFACE_STYLE_USAGE(.BOTH.,#9905);
#9905 = SURFACE_SIDE_STYLE('',(#9906));
#9906 = SURFACE_STYLE_FILL_AREA(#9907);
#9907 = FILL_AREA_STYLE('',(#9908));
#9908 = FILL_AREA_STYLE_COLOUR('',#9176);
#9909 = STYLED_ITEM('color',(#9910),#5940);
#9910 = PRESENTATION_STYLE_ASSIGNMENT((#9911));
#9911 = SURFACE_STYLE_USAGE(.BOTH.,#9912);
#9912 = SURFACE_SIDE_STYLE('',(#9913));
#9913 = SURFACE_STYLE_FILL_AREA(#9914);
#9914 = FILL_AREA_STYLE('',(#9915));
#9915 = FILL_AREA_STYLE_COLOUR('',#9176);
#9916 = STYLED_ITEM('color',(#9917),#5957);
#9917 = PRESENTATION_STYLE_ASSIGNMENT((#9918));
#9918 = SURFACE_STYLE_USAGE(.BOTH.,#9919);
#9919 = SURFACE_SIDE_STYLE('',(#9920));
#9920 = SURFACE_STYLE_FILL_AREA(#9921);
#9921 = FILL_AREA_STYLE('',(#9922));
#9922 = FILL_AREA_STYLE_COLOUR('',#9176);
#9923 = STYLED_ITEM('color',(#9924),#5969);
#9924 = PRESENTATION_STYLE_ASSIGNMENT((#9925));
#9925 = SURFACE_STYLE_USAGE(.BOTH.,#9926);
#9926 = SURFACE_SIDE_STYLE('',(#9927));
#9927 = SURFACE_STYLE_FILL_AREA(#9928);
#9928 = FILL_AREA_STYLE('',(#9929));
#9929 = FILL_AREA_STYLE_COLOUR('',#9176);
#9930 = STYLED_ITEM('color',(#9931),#5986);
#9931 = PRESENTATION_STYLE_ASSIGNMENT((#9932));
#9932 = SURFACE_STYLE_USAGE(.BOTH.,#9933);
#9933 = SURFACE_SIDE_STYLE('',(#9934));
#9934 = SURFACE_STYLE_FILL_AREA(#9935);
#9935 = FILL_AREA_STYLE('',(#9936));
#9936 = FILL_AREA_STYLE_COLOUR('',#9176);
#9937 = STYLED_ITEM('color',(#9938),#6003);
#9938 = PRESENTATION_STYLE_ASSIGNMENT((#9939));
#9939 = SURFACE_STYLE_USAGE(.BOTH.,#9940);
#9940 = SURFACE_SIDE_STYLE('',(#9941));
#9941 = SURFACE_STYLE_FILL_AREA(#9942);
#9942 = FILL_AREA_STYLE('',(#9943));
#9943 = FILL_AREA_STYLE_COLOUR('',#9176);
#9944 = STYLED_ITEM('color',(#9945),#6020);
#9945 = PRESENTATION_STYLE_ASSIGNMENT((#9946));
#9946 = SURFACE_STYLE_USAGE(.BOTH.,#9947);
#9947 = SURFACE_SIDE_STYLE('',(#9948));
#9948 = SURFACE_STYLE_FILL_AREA(#9949);
#9949 = FILL_AREA_STYLE('',(#9950));
#9950 = FILL_AREA_STYLE_COLOUR('',#9176);
#9951 = STYLED_ITEM('color',(#9952),#6037);
#9952 = PRESENTATION_STYLE_ASSIGNMENT((#9953));
#9953 = SURFACE_STYLE_USAGE(.BOTH.,#9954);
#9954 = SURFACE_SIDE_STYLE('',(#9955));
#9955 = SURFACE_STYLE_FILL_AREA(#9956);
#9956 = FILL_AREA_STYLE('',(#9957));
#9957 = FILL_AREA_STYLE_COLOUR('',#9176);
#9958 = STYLED_ITEM('color',(#9959),#6054);
#9959 = PRESENTATION_STYLE_ASSIGNMENT((#9960));
#9960 = SURFACE_STYLE_USAGE(.BOTH.,#9961);
#9961 = SURFACE_SIDE_STYLE('',(#9962));
#9962 = SURFACE_STYLE_FILL_AREA(#9963);
#9963 = FILL_AREA_STYLE('',(#9964));
#9964 = FILL_AREA_STYLE_COLOUR('',#9176);
#9965 = STYLED_ITEM('color',(#9966),#6071);
#9966 = PRESENTATION_STYLE_ASSIGNMENT((#9967));
#9967 = SURFACE_STYLE_USAGE(.BOTH.,#9968);
#9968 = SURFACE_SIDE_STYLE('',(#9969));
#9969 = SURFACE_STYLE_FILL_AREA(#9970);
#9970 = FILL_AREA_STYLE('',(#9971));
#9971 = FILL_AREA_STYLE_COLOUR('',#9176);
#9972 = STYLED_ITEM('color',(#9973),#6088);
#9973 = PRESENTATION_STYLE_ASSIGNMENT((#9974));
#9974 = SURFACE_STYLE_USAGE(.BOTH.,#9975);
#9975 = SURFACE_SIDE_STYLE('',(#9976));
#9976 = SURFACE_STYLE_FILL_AREA(#9977);
#9977 = FILL_AREA_STYLE('',(#9978));
#9978 = FILL_AREA_STYLE_COLOUR('',#9176);
#9979 = STYLED_ITEM('color',(#9980),#6105);
#9980 = PRESENTATION_STYLE_ASSIGNMENT((#9981));
#9981 = SURFACE_STYLE_USAGE(.BOTH.,#9982);
#9982 = SURFACE_SIDE_STYLE('',(#9983));
#9983 = SURFACE_STYLE_FILL_AREA(#9984);
#9984 = FILL_AREA_STYLE('',(#9985));
#9985 = FILL_AREA_STYLE_COLOUR('',#9176);
#9986 = MECHANICAL_DESIGN_GEOMETRIC_PRESENTATION_REPRESENTATION('',(
    #9987,#9995,#10002,#10009,#10016,#10023,#10030,#10037,#10044,#10051,
    #10058,#10065,#10072,#10079,#10086),#431);
#9987 = STYLED_ITEM('color',(#9988),#98);
#9988 = PRESENTATION_STYLE_ASSIGNMENT((#9989));
#9989 = SURFACE_STYLE_USAGE(.BOTH.,#9990);
#9990 = SURFACE_SIDE_STYLE('',(#9991));
#9991 = SURFACE_STYLE_FILL_AREA(#9992);
#9992 = FILL_AREA_STYLE('',(#9993));
#9993 = FILL_AREA_STYLE_COLOUR('',#9994);
#9994 = COLOUR_RGB('',0.894999966383,0.890999961016,0.813000030345);
#9995 = STYLED_ITEM('color',(#9996),#131);
#9996 = PRESENTATION_STYLE_ASSIGNMENT((#9997));
#9997 = SURFACE_STYLE_USAGE(.BOTH.,#9998);
#9998 = SURFACE_SIDE_STYLE('',(#9999));
#9999 = SURFACE_STYLE_FILL_AREA(#10000);
#10000 = FILL_AREA_STYLE('',(#10001));
#10001 = FILL_AREA_STYLE_COLOUR('',#9994);
#10002 = STYLED_ITEM('color',(#10003),#151);
#10003 = PRESENTATION_STYLE_ASSIGNMENT((#10004));
#10004 = SURFACE_STYLE_USAGE(.BOTH.,#10005);
#10005 = SURFACE_SIDE_STYLE('',(#10006));
#10006 = SURFACE_STYLE_FILL_AREA(#10007);
#10007 = FILL_AREA_STYLE('',(#10008));
#10008 = FILL_AREA_STYLE_COLOUR('',#9994);
#10009 = STYLED_ITEM('color',(#10010),#171);
#10010 = PRESENTATION_STYLE_ASSIGNMENT((#10011));
#10011 = SURFACE_STYLE_USAGE(.BOTH.,#10012);
#10012 = SURFACE_SIDE_STYLE('',(#10013));
#10013 = SURFACE_STYLE_FILL_AREA(#10014);
#10014 = FILL_AREA_STYLE('',(#10015));
#10015 = FILL_AREA_STYLE_COLOUR('',#9257);
#10016 = STYLED_ITEM('color',(#10017),#196);
#10017 = PRESENTATION_STYLE_ASSIGNMENT((#10018));
#10018 = SURFACE_STYLE_USAGE(.BOTH.,#10019);
#10019 = SURFACE_SIDE_STYLE('',(#10020));
#10020 = SURFACE_STYLE_FILL_AREA(#10021);
#10021 = FILL_AREA_STYLE('',(#10022));
#10022 = FILL_AREA_STYLE_COLOUR('',#9257);
#10023 = STYLED_ITEM('color',(#10024),#221);
#10024 = PRESENTATION_STYLE_ASSIGNMENT((#10025));
#10025 = SURFACE_STYLE_USAGE(.BOTH.,#10026);
#10026 = SURFACE_SIDE_STYLE('',(#10027));
#10027 = SURFACE_STYLE_FILL_AREA(#10028);
#10028 = FILL_AREA_STYLE('',(#10029));
#10029 = FILL_AREA_STYLE_COLOUR('',#9257);
#10030 = STYLED_ITEM('color',(#10031),#241);
#10031 = PRESENTATION_STYLE_ASSIGNMENT((#10032));
#10032 = SURFACE_STYLE_USAGE(.BOTH.,#10033);
#10033 = SURFACE_SIDE_STYLE('',(#10034));
#10034 = SURFACE_STYLE_FILL_AREA(#10035);
#10035 = FILL_AREA_STYLE('',(#10036));
#10036 = FILL_AREA_STYLE_COLOUR('',#9257);
#10037 = STYLED_ITEM('color',(#10038),#261);
#10038 = PRESENTATION_STYLE_ASSIGNMENT((#10039));
#10039 = SURFACE_STYLE_USAGE(.BOTH.,#10040);
#10040 = SURFACE_SIDE_STYLE('',(#10041));
#10041 = SURFACE_STYLE_FILL_AREA(#10042);
#10042 = FILL_AREA_STYLE('',(#10043));
#10043 = FILL_AREA_STYLE_COLOUR('',#9176);
#10044 = STYLED_ITEM('color',(#10045),#286);
#10045 = PRESENTATION_STYLE_ASSIGNMENT((#10046));
#10046 = SURFACE_STYLE_USAGE(.BOTH.,#10047);
#10047 = SURFACE_SIDE_STYLE('',(#10048));
#10048 = SURFACE_STYLE_FILL_AREA(#10049);
#10049 = FILL_AREA_STYLE('',(#10050));
#10050 = FILL_AREA_STYLE_COLOUR('',#9176);
#10051 = STYLED_ITEM('color',(#10052),#311);
#10052 = PRESENTATION_STYLE_ASSIGNMENT((#10053));
#10053 = SURFACE_STYLE_USAGE(.BOTH.,#10054);
#10054 = SURFACE_SIDE_STYLE('',(#10055));
#10055 = SURFACE_STYLE_FILL_AREA(#10056);
#10056 = FILL_AREA_STYLE('',(#10057));
#10057 = FILL_AREA_STYLE_COLOUR('',#9176);
#10058 = STYLED_ITEM('color',(#10059),#337);
#10059 = PRESENTATION_STYLE_ASSIGNMENT((#10060));
#10060 = SURFACE_STYLE_USAGE(.BOTH.,#10061);
#10061 = SURFACE_SIDE_STYLE('',(#10062));
#10062 = SURFACE_STYLE_FILL_AREA(#10063);
#10063 = FILL_AREA_STYLE('',(#10064));
#10064 = FILL_AREA_STYLE_COLOUR('',#9176);
#10065 = STYLED_ITEM('color',(#10066),#363);
#10066 = PRESENTATION_STYLE_ASSIGNMENT((#10067));
#10067 = SURFACE_STYLE_USAGE(.BOTH.,#10068);
#10068 = SURFACE_SIDE_STYLE('',(#10069));
#10069 = SURFACE_STYLE_FILL_AREA(#10070);
#10070 = FILL_AREA_STYLE('',(#10071));
#10071 = FILL_AREA_STYLE_COLOUR('',#9176);
#10072 = STYLED_ITEM('color',(#10073),#388);
#10073 = PRESENTATION_STYLE_ASSIGNMENT((#10074));
#10074 = SURFACE_STYLE_USAGE(.BOTH.,#10075);
#10075 = SURFACE_SIDE_STYLE('',(#10076));
#10076 = SURFACE_STYLE_FILL_AREA(#10077);
#10077 = FILL_AREA_STYLE('',(#10078));
#10078 = FILL_AREA_STYLE_COLOUR('',#9176);
#10079 = STYLED_ITEM('color',(#10080),#413);
#10080 = PRESENTATION_STYLE_ASSIGNMENT((#10081));
#10081 = SURFACE_STYLE_USAGE(.BOTH.,#10082);
#10082 = SURFACE_SIDE_STYLE('',(#10083));
#10083 = SURFACE_STYLE_FILL_AREA(#10084);
#10084 = FILL_AREA_STYLE('',(#10085));
#10085 = FILL_AREA_STYLE_COLOUR('',#9176);
#10086 = STYLED_ITEM('color',(#10087),#422);
#10087 = PRESENTATION_STYLE_ASSIGNMENT((#10088));
#10088 = SURFACE_STYLE_USAGE(.BOTH.,#10089);
#10089 = SURFACE_SIDE_STYLE('',(#10090));
#10090 = SURFACE_STYLE_FILL_AREA(#10091);
#10091 = FILL_AREA_STYLE('',(#10092));
#10092 = FILL_AREA_STYLE_COLOUR('',#9176);
#10093 = MECHANICAL_DESIGN_GEOMETRIC_PRESENTATION_REPRESENTATION('',(
    #10094,#10102,#10109,#10116,#10123,#10130,#10137,#10144,#10151,
    #10158,#10165,#10172,#10179,#10186,#10193,#10200),#7289);
#10094 = STYLED_ITEM('color',(#10095),#6866);
#10095 = PRESENTATION_STYLE_ASSIGNMENT((#10096));
#10096 = SURFACE_STYLE_USAGE(.BOTH.,#10097);
#10097 = SURFACE_SIDE_STYLE('',(#10098));
#10098 = SURFACE_STYLE_FILL_AREA(#10099);
#10099 = FILL_AREA_STYLE('',(#10100));
#10100 = FILL_AREA_STYLE_COLOUR('',#10101);
#10101 = COLOUR_RGB('',0.699999984889,9.999999991362E-02,
  5.000000142576E-02);
#10102 = STYLED_ITEM('color',(#10103),#6893);
#10103 = PRESENTATION_STYLE_ASSIGNMENT((#10104));
#10104 = SURFACE_STYLE_USAGE(.BOTH.,#10105);
#10105 = SURFACE_SIDE_STYLE('',(#10106));
#10106 = SURFACE_STYLE_FILL_AREA(#10107);
#10107 = FILL_AREA_STYLE('',(#10108));
#10108 = FILL_AREA_STYLE_COLOUR('',#10101);
#10109 = STYLED_ITEM('color',(#10110),#6918);
#10110 = PRESENTATION_STYLE_ASSIGNMENT((#10111));
#10111 = SURFACE_STYLE_USAGE(.BOTH.,#10112);
#10112 = SURFACE_SIDE_STYLE('',(#10113));
#10113 = SURFACE_STYLE_FILL_AREA(#10114);
#10114 = FILL_AREA_STYLE('',(#10115));
#10115 = FILL_AREA_STYLE_COLOUR('',#10101);
#10116 = STYLED_ITEM('color',(#10117),#6946);
#10117 = PRESENTATION_STYLE_ASSIGNMENT((#10118));
#10118 = SURFACE_STYLE_USAGE(.BOTH.,#10119);
#10119 = SURFACE_SIDE_STYLE('',(#10120));
#10120 = SURFACE_STYLE_FILL_AREA(#10121);
#10121 = FILL_AREA_STYLE('',(#10122));
#10122 = FILL_AREA_STYLE_COLOUR('',#10101);
#10123 = STYLED_ITEM('color',(#10124),#6978);
#10124 = PRESENTATION_STYLE_ASSIGNMENT((#10125));
#10125 = SURFACE_STYLE_USAGE(.BOTH.,#10126);
#10126 = SURFACE_SIDE_STYLE('',(#10127));
#10127 = SURFACE_STYLE_FILL_AREA(#10128);
#10128 = FILL_AREA_STYLE('',(#10129));
#10129 = FILL_AREA_STYLE_COLOUR('',#10101);
#10130 = STYLED_ITEM('color',(#10131),#6995);
#10131 = PRESENTATION_STYLE_ASSIGNMENT((#10132));
#10132 = SURFACE_STYLE_USAGE(.BOTH.,#10133);
#10133 = SURFACE_SIDE_STYLE('',(#10134));
#10134 = SURFACE_STYLE_FILL_AREA(#10135);
#10135 = FILL_AREA_STYLE('',(#10136));
#10136 = FILL_AREA_STYLE_COLOUR('',#10101);
#10137 = STYLED_ITEM('color',(#10138),#7073);
#10138 = PRESENTATION_STYLE_ASSIGNMENT((#10139));
#10139 = SURFACE_STYLE_USAGE(.BOTH.,#10140);
#10140 = SURFACE_SIDE_STYLE('',(#10141));
#10141 = SURFACE_STYLE_FILL_AREA(#10142);
#10142 = FILL_AREA_STYLE('',(#10143));
#10143 = FILL_AREA_STYLE_COLOUR('',#9176);
#10144 = STYLED_ITEM('color',(#10145),#7104);
#10145 = PRESENTATION_STYLE_ASSIGNMENT((#10146));
#10146 = SURFACE_STYLE_USAGE(.BOTH.,#10147);
#10147 = SURFACE_SIDE_STYLE('',(#10148));
#10148 = SURFACE_STYLE_FILL_AREA(#10149);
#10149 = FILL_AREA_STYLE('',(#10150));
#10150 = FILL_AREA_STYLE_COLOUR('',#9176);
#10151 = STYLED_ITEM('color',(#10152),#7128);
#10152 = PRESENTATION_STYLE_ASSIGNMENT((#10153));
#10153 = SURFACE_STYLE_USAGE(.BOTH.,#10154);
#10154 = SURFACE_SIDE_STYLE('',(#10155));
#10155 = SURFACE_STYLE_FILL_AREA(#10156);
#10156 = FILL_AREA_STYLE('',(#10157));
#10157 = FILL_AREA_STYLE_COLOUR('',#9176);
#10158 = STYLED_ITEM('color',(#10159),#7152);
#10159 = PRESENTATION_STYLE_ASSIGNMENT((#10160));
#10160 = SURFACE_STYLE_USAGE(.BOTH.,#10161);
#10161 = SURFACE_SIDE_STYLE('',(#10162));
#10162 = SURFACE_STYLE_FILL_AREA(#10163);
#10163 = FILL_AREA_STYLE('',(#10164));
#10164 = FILL_AREA_STYLE_COLOUR('',#9176);
#10165 = STYLED_ITEM('color',(#10166),#7169);
#10166 = PRESENTATION_STYLE_ASSIGNMENT((#10167));
#10167 = SURFACE_STYLE_USAGE(.BOTH.,#10168);
#10168 = SURFACE_SIDE_STYLE('',(#10169));
#10169 = SURFACE_STYLE_FILL_AREA(#10170);
#10170 = FILL_AREA_STYLE('',(#10171));
#10171 = FILL_AREA_STYLE_COLOUR('',#9176);
#10172 = STYLED_ITEM('color',(#10173),#7200);
#10173 = PRESENTATION_STYLE_ASSIGNMENT((#10174));
#10174 = SURFACE_STYLE_USAGE(.BOTH.,#10175);
#10175 = SURFACE_SIDE_STYLE('',(#10176));
#10176 = SURFACE_STYLE_FILL_AREA(#10177);
#10177 = FILL_AREA_STYLE('',(#10178));
#10178 = FILL_AREA_STYLE_COLOUR('',#9176);
#10179 = STYLED_ITEM('color',(#10180),#7224);
#10180 = PRESENTATION_STYLE_ASSIGNMENT((#10181));
#10181 = SURFACE_STYLE_USAGE(.BOTH.,#10182);
#10182 = SURFACE_SIDE_STYLE('',(#10183));
#10183 = SURFACE_STYLE_FILL_AREA(#10184);
#10184 = FILL_AREA_STYLE('',(#10185));
#10185 = FILL_AREA_STYLE_COLOUR('',#9176);
#10186 = STYLED_ITEM('color',(#10187),#7248);
#10187 = PRESENTATION_STYLE_ASSIGNMENT((#10188));
#10188 = SURFACE_STYLE_USAGE(.BOTH.,#10189);
#10189 = SURFACE_SIDE_STYLE('',(#10190));
#10190 = SURFACE_STYLE_FILL_AREA(#10191);
#10191 = FILL_AREA_STYLE('',(#10192));
#10192 = FILL_AREA_STYLE_COLOUR('',#9176);
#10193 = STYLED_ITEM('color',(#10194),#7265);
#10194 = PRESENTATION_STYLE_ASSIGNMENT((#10195));
#10195 = SURFACE_STYLE_USAGE(.BOTH.,#10196);
#10196 = SURFACE_SIDE_STYLE('',(#10197));
#10197 = SURFACE_STYLE_FILL_AREA(#10198);
#10198 = FILL_AREA_STYLE('',(#10199));
#10199 = FILL_AREA_STYLE_COLOUR('',#9176);
#10200 = STYLED_ITEM('color',(#10201),#7277);
#10201 = PRESENTATION_STYLE_ASSIGNMENT((#10202));
#10202 = SURFACE_STYLE_USAGE(.BOTH.,#10203);
#10203 = SURFACE_SIDE_STYLE('',(#10204));
#10204 = SURFACE_STYLE_FILL_AREA(#10205);
#10205 = FILL_AREA_STYLE('',(#10206));
#10206 = FILL_AREA_STYLE_COLOUR('',#9176);
ENDSEC;
END-ISO-10303-21;
